recording_id	prompt_id	take	tier	kind	asaxi	translation_en	translation_scope	dictionary_pitch_by_word	predicted_utterance_pitch_by_word	morphology_by_word	predicted_boundary_tone	reference_authority	reference_reading	reference_agreement	annotation_status
asx_ctl_001_t01	asx_ctl_001	1	A	prosody_control	shěsonů.	to read (citation form)	exact	shěsonů [H.L.L]	shěsonů [H.L.L]	shěsonů [lexical]	L%	attested	H.L.L	exact	attested
asx_ctl_001_t02	asx_ctl_001	2	A	prosody_control	shěsonů.	to read (citation form)	exact	shěsonů [H.L.L]	shěsonů [H.L.L]	shěsonů [lexical]	L%	attested	H.L.L	exact	attested
asx_ctl_001_t03	asx_ctl_001	3	A	prosody_control	shěsonů.	to read (citation form)	exact	shěsonů [H.L.L]	shěsonů [H.L.L]	shěsonů [lexical]	L%	attested	H.L.L	exact	attested
asx_ctl_002_t01	asx_ctl_002	1	A	prosody_control	zènáshěsonů.	did not read (controlled inflected form)	exact	zènáshěsonů [L.H.H.L.L]	zènáshěsonů [H.L.H.L.L]	zènáshěsonů [zè- (prefix) + ná (dominant prefix) + shěsonů (root)]	L%	attested	H.L.H.L.L	exact	attested
asx_ctl_002_t02	asx_ctl_002	2	A	prosody_control	zènáshěsonů.	did not read (controlled inflected form)	exact	zènáshěsonů [L.H.H.L.L]	zènáshěsonů [H.L.H.L.L]	zènáshěsonů [zè- (prefix) + ná (dominant prefix) + shěsonů (root)]	L%	attested	H.L.H.L.L	exact	attested
asx_ctl_002_t03	asx_ctl_002	3	A	prosody_control	zènáshěsonů.	did not read (controlled inflected form)	exact	zènáshěsonů [L.H.H.L.L]	zènáshěsonů [H.L.H.L.L]	zènáshěsonů [zè- (prefix) + ná (dominant prefix) + shěsonů (root)]	L%	attested	H.L.H.L.L	exact	attested
asx_ctl_003_t01	asx_ctl_003	1	A	prosody_control	pazènáchỏnů.	controlled complex inflected form	exact	pazènáchỏnů [L.L.H.H.H]	pazènáchỏnů [H.L.H.H.H]	pazènáchỏnů [pa- (prefix) + zè- (prefix) + ná (dominant prefix) + chỏnů (root)]	L%	attested	H.L.H.H.H	exact	attested
asx_ctl_003_t02	asx_ctl_003	2	A	prosody_control	pazènáchỏnů.	controlled complex inflected form	exact	pazènáchỏnů [L.L.H.H.H]	pazènáchỏnů [H.L.H.H.H]	pazènáchỏnů [pa- (prefix) + zè- (prefix) + ná (dominant prefix) + chỏnů (root)]	L%	attested	H.L.H.H.H	exact	attested
asx_ctl_003_t03	asx_ctl_003	3	A	prosody_control	pazènáchỏnů.	controlled complex inflected form	exact	pazènáchỏnů [L.L.H.H.H]	pazènáchỏnů [H.L.H.H.H]	pazènáchỏnů [pa- (prefix) + zè- (prefix) + ná (dominant prefix) + chỏnů (root)]	L%	attested	H.L.H.H.H	exact	attested
asx_ctl_004_t01	asx_ctl_004	1	A	prosody_control	mmbănă.	happy; joyful (citation form)	exact	mmbănă [L.H.L]	mmbănă [L.H.L]	mmbănă [lexical]	L%	attested	L.H.L	exact	attested
asx_ctl_004_t02	asx_ctl_004	2	A	prosody_control	mmbănă.	happy; joyful (citation form)	exact	mmbănă [L.H.L]	mmbănă [L.H.L]	mmbănă [lexical]	L%	attested	L.H.L	exact	attested
asx_ctl_004_t03	asx_ctl_004	3	A	prosody_control	mmbănă.	happy; joyful (citation form)	exact	mmbănă [L.H.L]	mmbănă [L.H.L]	mmbănă [lexical]	L%	attested	L.H.L	exact	attested
asx_ctl_005_t01	asx_ctl_005	1	A	prosody_control	gaviŕoŕo.	controlled compound citation form	exact	gaviŕoŕo [H.L.L.L]	gaviŕoŕo [H.L.L.L]	gaviŕoŕo [gavi (compound modifier) + ŕoŕo (compound head)]	L%	attested	H.L.L.L	exact	attested
asx_ctl_005_t02	asx_ctl_005	2	A	prosody_control	gaviŕoŕo.	controlled compound citation form	exact	gaviŕoŕo [H.L.L.L]	gaviŕoŕo [H.L.L.L]	gaviŕoŕo [gavi (compound modifier) + ŕoŕo (compound head)]	L%	attested	H.L.L.L	exact	attested
asx_ctl_005_t03	asx_ctl_005	3	A	prosody_control	gaviŕoŕo.	controlled compound citation form	exact	gaviŕoŕo [H.L.L.L]	gaviŕoŕo [H.L.L.L]	gaviŕoŕo [gavi (compound modifier) + ŕoŕo (compound head)]	L%	attested	H.L.L.L	exact	attested
asx_ctl_006_t01	asx_ctl_006	1	A	prosody_control	kozètètá.	controlled fused-compound citation form	exact	kozètètá [H.L.L.L]	kozètètá [H.L.L.L]	kozètètá [lexical]	L%	attested	H.L.L.L	exact	attested
asx_ctl_006_t02	asx_ctl_006	2	A	prosody_control	kozètètá.	controlled fused-compound citation form	exact	kozètètá [H.L.L.L]	kozètètá [H.L.L.L]	kozètètá [lexical]	L%	attested	H.L.L.L	exact	attested
asx_ctl_006_t03	asx_ctl_006	3	A	prosody_control	kozètètá.	controlled fused-compound citation form	exact	kozètètá [H.L.L.L]	kozètètá [H.L.L.L]	kozètètá [lexical]	L%	attested	H.L.L.L	exact	attested
asx_ctl_007_t01	asx_ctl_007	1	A	prosody_control	to wo shěso ma.	I have a book.	exact	to [L] | wo [L] | shěso [H.L] | ma [H]	to [H] | wo [L] | shěso [H.L] | ma [L]	to [lexical] | wo [lexical] | shěso [lexical] | ma [lexical]	L%	attested	H.L.H.L.L	exact	attested
asx_ctl_007_t02	asx_ctl_007	2	A	prosody_control	to wo shěso ma.	I have a book.	exact	to [L] | wo [L] | shěso [H.L] | ma [H]	to [H] | wo [L] | shěso [H.L] | ma [L]	to [lexical] | wo [lexical] | shěso [lexical] | ma [lexical]	L%	attested	H.L.H.L.L	exact	attested
asx_ctl_007_t03	asx_ctl_007	3	A	prosody_control	to wo shěso ma.	I have a book.	exact	to [L] | wo [L] | shěso [H.L] | ma [H]	to [H] | wo [L] | shěso [H.L] | ma [L]	to [lexical] | wo [lexical] | shěso [lexical] | ma [lexical]	L%	attested	H.L.H.L.L	exact	attested
asx_ctl_008_t01	asx_ctl_008	1	A	prosody_control	no xogă?	Are you coming?	exact	no [L] | xogă [L.H]	no [L] | xogă [L.L]	no [lexical] | xogă [lexical]	LH%	attested	L.L.L↗	exact	attested
asx_ctl_008_t02	asx_ctl_008	2	A	prosody_control	no xogă?	Are you coming?	exact	no [L] | xogă [L.H]	no [L] | xogă [L.L]	no [lexical] | xogă [lexical]	LH%	attested	L.L.L↗	exact	attested
asx_ctl_008_t03	asx_ctl_008	3	A	prosody_control	no xogă?	Are you coming?	exact	no [L] | xogă [L.H]	no [L] | xogă [L.L]	no [lexical] | xogă [lexical]	LH%	attested	L.L.L↗	exact	attested
asx_ctl_009_t01	asx_ctl_009	1	A	prosody_control	no kvå xoxo?	When are you leaving?	exact	no [L] | kvå [H] | xoxo [H.L]	no [L] | kvå [H] | xoxo [L.L]	no [lexical] | kvå [lexical] | xoxo [lexical]	LH%	attested	L.H.L.L↗	exact	attested
asx_ctl_009_t02	asx_ctl_009	2	A	prosody_control	no kvå xoxo?	When are you leaving?	exact	no [L] | kvå [H] | xoxo [H.L]	no [L] | kvå [H] | xoxo [L.L]	no [lexical] | kvå [lexical] | xoxo [lexical]	LH%	attested	L.H.L.L↗	exact	attested
asx_ctl_009_t03	asx_ctl_009	3	A	prosody_control	no kvå xoxo?	When are you leaving?	exact	no [L] | kvå [H] | xoxo [H.L]	no [L] | kvå [H] | xoxo [L.L]	no [lexical] | kvå [lexical] | xoxo [lexical]	LH%	attested	L.H.L.L↗	exact	attested
asx_ctl_010_t01	asx_ctl_010	1	A	prosody_control	ŕoŕo daohè!	Give the animal!	exact	ŕoŕo [H.L] | daohè [H.L.L]	ŕoŕo [H.L] | daohè [H.L.L]	ŕoŕo [lexical] | daohè [dao (root) + -hè (suffix)]	LH%	attested	H.L.H.L↗	mora_count_mismatch	attested
asx_ctl_010_t02	asx_ctl_010	2	A	prosody_control	ŕoŕo daohè!	Give the animal!	exact	ŕoŕo [H.L] | daohè [H.L.L]	ŕoŕo [H.L] | daohè [H.L.L]	ŕoŕo [lexical] | daohè [dao (root) + -hè (suffix)]	LH%	attested	H.L.H.L↗	mora_count_mismatch	attested
asx_ctl_010_t03	asx_ctl_010	3	A	prosody_control	ŕoŕo daohè!	Give the animal!	exact	ŕoŕo [H.L] | daohè [H.L.L]	ŕoŕo [H.L] | daohè [H.L.L]	ŕoŕo [lexical] | daohè [dao (root) + -hè (suffix)]	LH%	attested	H.L.H.L↗	mora_count_mismatch	attested
asx_ctl_011_t01	asx_ctl_011	1	A	prosody_control	haśùnáhè!	Do not run!	exact	haśùnáhè [L.H.H.L]	haśùnáhè [L.H.H.L]	haśùnáhè [haśù (root) + ná (dominant suffix) + -hè (suffix)]	LH%	attested	L.H.H↗	mora_count_mismatch	attested
asx_ctl_011_t02	asx_ctl_011	2	A	prosody_control	haśùnáhè!	Do not run!	exact	haśùnáhè [L.H.H.L]	haśùnáhè [L.H.H.L]	haśùnáhè [haśù (root) + ná (dominant suffix) + -hè (suffix)]	LH%	attested	L.H.H↗	mora_count_mismatch	attested
asx_ctl_011_t03	asx_ctl_011	3	A	prosody_control	haśùnáhè!	Do not run!	exact	haśùnáhè [L.H.H.L]	haśùnáhè [L.H.H.L]	haśùnáhè [haśù (root) + ná (dominant suffix) + -hè (suffix)]	LH%	attested	L.H.H↗	mora_count_mismatch	attested
asx_ctl_012_t01	asx_ctl_012	1	A	prosody_control	wo zèxăcè wő.	I assert that it was certainly so.	exact	wo [L] | zèxăcè [L.H.H] | wő [L]	wo [L] | zèxăcè [L.H.H] | wő [H]	wo [lexical] | zèxăcè [zè- (prefix) + xăcè (root)] | wő [lexical]	H%	attested	L.L.H.H.H	exact	attested
asx_ctl_012_t02	asx_ctl_012	2	A	prosody_control	wo zèxăcè wő.	I assert that it was certainly so.	exact	wo [L] | zèxăcè [L.H.H] | wő [L]	wo [L] | zèxăcè [L.H.H] | wő [H]	wo [lexical] | zèxăcè [zè- (prefix) + xăcè (root)] | wő [lexical]	H%	attested	L.L.H.H.H	exact	attested
asx_ctl_012_t03	asx_ctl_012	3	A	prosody_control	wo zèxăcè wő.	I assert that it was certainly so.	exact	wo [L] | zèxăcè [L.H.H] | wő [L]	wo [L] | zèxăcè [L.H.H] | wő [H]	wo [lexical] | zèxăcè [zè- (prefix) + xăcè (root)] | wő [lexical]	H%	attested	L.L.H.H.H	exact	attested
asx_ctl_013_t01	asx_ctl_013	1	A	prosody_control	ăjo lem, måmå natăka!	O Lem, remember tomorrow! (controlled vocative)	exact	ăjo [H.L] | lem [H] | måmå [H.L] | natăka [L.H.L]	ăjo [H.L] | lem [L] | måmå [H.L] | natăka [L.H.L]	ăjo [lexical] | lem [lexical] | måmå [lexical] | natăka [na- (prefix) + tăka (root)]	LH%	attested	H.L | L || H.L | L.H.L↗	exact	attested
asx_ctl_013_t02	asx_ctl_013	2	A	prosody_control	ăjo lem, måmå natăka!	O Lem, remember tomorrow! (controlled vocative)	exact	ăjo [H.L] | lem [H] | måmå [H.L] | natăka [L.H.L]	ăjo [H.L] | lem [L] | måmå [H.L] | natăka [L.H.L]	ăjo [lexical] | lem [lexical] | måmå [lexical] | natăka [na- (prefix) + tăka (root)]	LH%	attested	H.L | L || H.L | L.H.L↗	exact	attested
asx_ctl_013_t03	asx_ctl_013	3	A	prosody_control	ăjo lem, måmå natăka!	O Lem, remember tomorrow! (controlled vocative)	exact	ăjo [H.L] | lem [H] | måmå [H.L] | natăka [L.H.L]	ăjo [H.L] | lem [L] | måmå [H.L] | natăka [L.H.L]	ăjo [lexical] | lem [lexical] | måmå [lexical] | natăka [na- (prefix) + tăka (root)]	LH%	attested	H.L | L || H.L | L.H.L↗	exact	attested
asx_idm_4931335fd873_t01	asx_idm_4931335fd873	1	A	fixed_expression	fůjå ma.	Thank you (lit. (I) have wantlessness)	exact	fůjå [H.L] | ma [H]	fůjå [H.L] | ma [L]	fůjå [lexical] | ma [lexical]	L%	dictionary	H.L | H	exact	dictionary
asx_idm_4931335fd873_t02	asx_idm_4931335fd873	2	A	fixed_expression	fůjå ma.	Thank you (lit. (I) have wantlessness)	exact	fůjå [H.L] | ma [H]	fůjå [H.L] | ma [L]	fůjå [lexical] | ma [lexical]	L%	dictionary	H.L | H	exact	dictionary
asx_idm_4931335fd873_t03	asx_idm_4931335fd873	3	A	fixed_expression	fůjå ma.	Thank you (lit. (I) have wantlessness)	exact	fůjå [H.L] | ma [H]	fůjå [H.L] | ma [L]	fůjå [lexical] | ma [lexical]	L%	dictionary	H.L | H	exact	dictionary
asx_idm_ac3a0517965e_t01	asx_idm_ac3a0517965e	1	A	fixed_expression	gavină xogă.	Welcome (lit. well arrived)	exact	gavină [H.L.L] | xogă [L.H]	gavină [H.L.L] | xogă [L.L]	gavină [lexical] | xogă [lexical]	L%	dictionary	H.L.L | L.H	exact	dictionary
asx_idm_ac3a0517965e_t02	asx_idm_ac3a0517965e	2	A	fixed_expression	gavină xogă.	Welcome (lit. well arrived)	exact	gavină [H.L.L] | xogă [L.H]	gavină [H.L.L] | xogă [L.L]	gavină [lexical] | xogă [lexical]	L%	dictionary	H.L.L | L.H	exact	dictionary
asx_idm_ac3a0517965e_t03	asx_idm_ac3a0517965e	3	A	fixed_expression	gavină xogă.	Welcome (lit. well arrived)	exact	gavină [H.L.L] | xogă [L.H]	gavină [H.L.L] | xogă [L.L]	gavină [lexical] | xogă [lexical]	L%	dictionary	H.L.L | L.H	exact	dictionary
asx_idm_fa121cda1509_t01	asx_idm_fa121cda1509	1	A	fixed_expression	kozètètá ma.	I'm sorry (lit. (I) hold regret)	exact	kozètètá [H.L.L.L] | ma [H]	kozètètá [H.L.L.L] | ma [L]	kozètètá [lexical] | ma [lexical]	L%	dictionary	H.L.L.L | H	exact	dictionary
asx_idm_fa121cda1509_t02	asx_idm_fa121cda1509	2	A	fixed_expression	kozètètá ma.	I'm sorry (lit. (I) hold regret)	exact	kozètètá [H.L.L.L] | ma [H]	kozètètá [H.L.L.L] | ma [L]	kozètètá [lexical] | ma [lexical]	L%	dictionary	H.L.L.L | H	exact	dictionary
asx_idm_fa121cda1509_t03	asx_idm_fa121cda1509	3	A	fixed_expression	kozètètá ma.	I'm sorry (lit. (I) hold regret)	exact	kozètètá [H.L.L.L] | ma [H]	kozètètá [H.L.L.L] | ma [L]	kozètètá [lexical] | ma [lexical]	L%	dictionary	H.L.L.L | H	exact	dictionary
asx_idm_e40e4884c24d_t01	asx_idm_e40e4884c24d	1	A	fixed_expression	måmå natăka.	Goodbye (lit. until (the) re-uniting)	exact	måmå [H.L] | natăka [L.H.L]	måmå [H.L] | natăka [L.H.L]	måmå [lexical] | natăka [na- (prefix) + tăka (root)]	L%	dictionary	H.L | L.H.L	exact	dictionary
asx_idm_e40e4884c24d_t02	asx_idm_e40e4884c24d	2	A	fixed_expression	måmå natăka.	Goodbye (lit. until (the) re-uniting)	exact	måmå [H.L] | natăka [L.H.L]	måmå [H.L] | natăka [L.H.L]	måmå [lexical] | natăka [na- (prefix) + tăka (root)]	L%	dictionary	H.L | L.H.L	exact	dictionary
asx_idm_e40e4884c24d_t03	asx_idm_e40e4884c24d	3	A	fixed_expression	måmå natăka.	Goodbye (lit. until (the) re-uniting)	exact	måmå [H.L] | natăka [L.H.L]	måmå [H.L] | natăka [L.H.L]	måmå [lexical] | natăka [na- (prefix) + tăka (root)]	L%	dictionary	H.L | L.H.L	exact	dictionary
asx_idm_ccb72fc91239_t01	asx_idm_ccb72fc91239	1	A	fixed_expression	pxỏmă fůmă.	Every breath is none	exact	pxỏmă [H.H] | fůmă [L.L]	pxỏmă [H.H] | fůmă [L.L]	pxỏmă [lexical] | fůmă [lexical]	L%	dictionary	H.H | L.L	exact	dictionary
asx_idm_ccb72fc91239_t02	asx_idm_ccb72fc91239	2	A	fixed_expression	pxỏmă fůmă.	Every breath is none	exact	pxỏmă [H.H] | fůmă [L.L]	pxỏmă [H.H] | fůmă [L.L]	pxỏmă [lexical] | fůmă [lexical]	L%	dictionary	H.H | L.L	exact	dictionary
asx_idm_ccb72fc91239_t03	asx_idm_ccb72fc91239	3	A	fixed_expression	pxỏmă fůmă.	Every breath is none	exact	pxỏmă [H.H] | fůmă [L.L]	pxỏmă [H.H] | fůmă [L.L]	pxỏmă [lexical] | fůmă [lexical]	L%	dictionary	H.H | L.L	exact	dictionary
asx_idm_87e11fc8d115_t01	asx_idm_87e11fc8d115	1	A	fixed_expression	sháŕo ma.	To be in charge (lit. To have the waterhole)	exact	sháŕo [H.L] | ma [H]	sháŕo [H.L] | ma [L]	sháŕo [lexical] | ma [lexical]	L%	dictionary	H.L | H	exact	dictionary
asx_idm_87e11fc8d115_t02	asx_idm_87e11fc8d115	2	A	fixed_expression	sháŕo ma.	To be in charge (lit. To have the waterhole)	exact	sháŕo [H.L] | ma [H]	sháŕo [H.L] | ma [L]	sháŕo [lexical] | ma [lexical]	L%	dictionary	H.L | H	exact	dictionary
asx_idm_87e11fc8d115_t03	asx_idm_87e11fc8d115	3	A	fixed_expression	sháŕo ma.	To be in charge (lit. To have the waterhole)	exact	sháŕo [H.L] | ma [H]	sháŕo [H.L] | ma [L]	sháŕo [lexical] | ma [lexical]	L%	dictionary	H.L | H	exact	dictionary
asx_idm_d225dd41b6e2_t01	asx_idm_d225dd41b6e2	1	A	fixed_expression	tte pùŕima.	I suspect that.../ I am unsure	exact	tte [L.L] | pùŕima [L.H.L]	tte [L.H] | pùŕima [L.H.L]	tte [lexical] | pùŕima [lexical]	L%	dictionary	L.L | L.H.L	exact	dictionary
asx_idm_d225dd41b6e2_t02	asx_idm_d225dd41b6e2	2	A	fixed_expression	tte pùŕima.	I suspect that.../ I am unsure	exact	tte [L.L] | pùŕima [L.H.L]	tte [L.H] | pùŕima [L.H.L]	tte [lexical] | pùŕima [lexical]	L%	dictionary	L.L | L.H.L	exact	dictionary
asx_idm_d225dd41b6e2_t03	asx_idm_d225dd41b6e2	3	A	fixed_expression	tte pùŕima.	I suspect that.../ I am unsure	exact	tte [L.L] | pùŕima [L.H.L]	tte [L.H] | pùŕima [L.H.L]	tte [lexical] | pùŕima [lexical]	L%	dictionary	L.L | L.H.L	exact	dictionary
asx_idm_480a2ad6cabf_t01	asx_idm_480a2ad6cabf	1	A	fixed_expression	tte xăcè.	I am sure that...(certainty)	exact	tte [L.L] | xăcè [H.H]	tte [L.H] | xăcè [L.L]	tte [lexical] | xăcè [lexical]	L%	dictionary	L.L | H.H	exact	dictionary
asx_idm_480a2ad6cabf_t02	asx_idm_480a2ad6cabf	2	A	fixed_expression	tte xăcè.	I am sure that...(certainty)	exact	tte [L.L] | xăcè [H.H]	tte [L.H] | xăcè [L.L]	tte [lexical] | xăcè [lexical]	L%	dictionary	L.L | H.H	exact	dictionary
asx_idm_480a2ad6cabf_t03	asx_idm_480a2ad6cabf	3	A	fixed_expression	tte xăcè.	I am sure that...(certainty)	exact	tte [L.L] | xăcè [H.H]	tte [L.H] | xăcè [L.L]	tte [lexical] | xăcè [lexical]	L%	dictionary	L.L | H.H	exact	dictionary
asx_idm_7d5d65b461ab_t01	asx_idm_7d5d65b461ab	1	A	fixed_expression	tte ŕima.	I think that...(opinion)	exact	tte [L.L] | ŕima [H.L]	tte [L.H] | ŕima [L.L]	tte [lexical] | ŕima [lexical]	L%	dictionary	L.L | H.L	exact	dictionary
asx_idm_7d5d65b461ab_t02	asx_idm_7d5d65b461ab	2	A	fixed_expression	tte ŕima.	I think that...(opinion)	exact	tte [L.L] | ŕima [H.L]	tte [L.H] | ŕima [L.L]	tte [lexical] | ŕima [lexical]	L%	dictionary	L.L | H.L	exact	dictionary
asx_idm_7d5d65b461ab_t03	asx_idm_7d5d65b461ab	3	A	fixed_expression	tte ŕima.	I think that...(opinion)	exact	tte [L.L] | ŕima [H.L]	tte [L.H] | ŕima [L.L]	tte [lexical] | ŕima [lexical]	L%	dictionary	L.L | H.L	exact	dictionary
asx_idm_6c8ab1ea3199_t01	asx_idm_6c8ab1ea3199	1	A	fixed_expression	xi gavină.	Good day (lit. the day is good)	exact	xi [H] | gavină [H.L.L]	xi [H] | gavină [H.L.L]	xi [lexical] | gavină [lexical]	L%	dictionary	H | H.L.L	exact	dictionary
asx_idm_6c8ab1ea3199_t02	asx_idm_6c8ab1ea3199	2	A	fixed_expression	xi gavină.	Good day (lit. the day is good)	exact	xi [H] | gavină [H.L.L]	xi [H] | gavină [H.L.L]	xi [lexical] | gavină [lexical]	L%	dictionary	H | H.L.L	exact	dictionary
asx_idm_6c8ab1ea3199_t03	asx_idm_6c8ab1ea3199	3	A	fixed_expression	xi gavină.	Good day (lit. the day is good)	exact	xi [H] | gavină [H.L.L]	xi [H] | gavină [H.L.L]	xi [lexical] | gavină [lexical]	L%	dictionary	H | H.L.L	exact	dictionary
asx_lex_d7e1de145f33_t01	asx_lex_d7e1de145f33	1	A	lexical_citation	mmbănă.	happy, joyful, giddy, excited, delighted, cheerful (citation form)	exact	mmbănă [L.H.L]	mmbănă [L.H.L]	mmbănă [lexical]	L%	dictionary	L.H.L	exact	dictionary
asx_lex_d7e1de145f33_t02	asx_lex_d7e1de145f33	2	A	lexical_citation	mmbănă.	happy, joyful, giddy, excited, delighted, cheerful (citation form)	exact	mmbănă [L.H.L]	mmbănă [L.H.L]	mmbănă [lexical]	L%	dictionary	L.H.L	exact	dictionary
asx_lex_578668dd5d2e_t01	asx_lex_578668dd5d2e	1	A	lexical_citation	ox.	Oh! (citation form)	exact	ox [L]	ox [H]	ox [lexical]	L%	dictionary	L	exact	dictionary
asx_lex_578668dd5d2e_t02	asx_lex_578668dd5d2e	2	A	lexical_citation	ox.	Oh! (citation form)	exact	ox [L]	ox [H]	ox [lexical]	L%	dictionary	L	exact	dictionary
asx_lex_64c3f71cc4f2_t01	asx_lex_64c3f71cc4f2	1	A	lexical_citation	tëpỏ.	glove (citation form)	exact	tëpỏ [H.H]	tëpỏ [H.H]	tëpỏ [lexical]	L%	dictionary	H.H	exact	dictionary
asx_lex_64c3f71cc4f2_t02	asx_lex_64c3f71cc4f2	2	A	lexical_citation	tëpỏ.	glove (citation form)	exact	tëpỏ [H.H]	tëpỏ [H.H]	tëpỏ [lexical]	L%	dictionary	H.H	exact	dictionary
asx_lex_7f13d396aac9_t01	asx_lex_7f13d396aac9	1	A	lexical_citation	daonidao.	to trade, to exchange (citation form)	exact	daonidao [H.L.L.L.L]	daonidao [H.L.L.L.L]	daonidao [lexical]	L%	dictionary	H.L.L.L.L	exact	dictionary
asx_lex_7f13d396aac9_t02	asx_lex_7f13d396aac9	2	A	lexical_citation	daonidao.	to trade, to exchange (citation form)	exact	daonidao [H.L.L.L.L]	daonidao [H.L.L.L.L]	daonidao [lexical]	L%	dictionary	H.L.L.L.L	exact	dictionary
asx_lex_7a699fd5c265_t01	asx_lex_7a699fd5c265	1	A	lexical_citation	ŕasopŕoŕo.	steam engine, locomotive (citation form)	exact	ŕasopŕoŕo [H.L.L.L]	ŕasopŕoŕo [H.L.L.L]	ŕasopŕoŕo [lexical]	L%	dictionary	H.L.L.L	exact	dictionary
asx_lex_7a699fd5c265_t02	asx_lex_7a699fd5c265	2	A	lexical_citation	ŕasopŕoŕo.	steam engine, locomotive (citation form)	exact	ŕasopŕoŕo [H.L.L.L]	ŕasopŕoŕo [H.L.L.L]	ŕasopŕoŕo [lexical]	L%	dictionary	H.L.L.L	exact	dictionary
asx_lex_ac32a684915a_t01	asx_lex_ac32a684915a	1	A	lexical_citation	ná.	no, not (citation form)	exact	ná [H]	ná [H]	ná [lexical]	L%	dictionary	H	exact	dictionary
asx_lex_ac32a684915a_t02	asx_lex_ac32a684915a	2	A	lexical_citation	ná.	no, not (citation form)	exact	ná [H]	ná [H]	ná [lexical]	L%	dictionary	H	exact	dictionary
asx_lex_e989ab0be0e1_t01	asx_lex_e989ab0be0e1	1	A	lexical_citation	kkè.	?! (agitated question) (citation form)	exact	kkè [L.L]	kkè [L.H]	kkè [lexical]	L%	dictionary	L.L	exact	dictionary
asx_lex_e989ab0be0e1_t02	asx_lex_e989ab0be0e1	2	A	lexical_citation	kkè.	?! (agitated question) (citation form)	exact	kkè [L.L]	kkè [L.H]	kkè [lexical]	L%	dictionary	L.L	exact	dictionary
asx_lex_0350e2034167_t01	asx_lex_0350e2034167	1	A	lexical_citation	ŕoŕă.	to turn, to rotate (citation form)	exact	ŕoŕă [H.L]	ŕoŕă [H.L]	ŕoŕă [lexical]	L%	dictionary	H.L	exact	dictionary
asx_lex_0350e2034167_t02	asx_lex_0350e2034167	2	A	lexical_citation	ŕoŕă.	to turn, to rotate (citation form)	exact	ŕoŕă [H.L]	ŕoŕă [H.L]	ŕoŕă [lexical]	L%	dictionary	H.L	exact	dictionary
asx_lex_8ddfc29c20d6_t01	asx_lex_8ddfc29c20d6	1	A	lexical_citation	ŕăvixů.	to spice, to season (citation form)	exact	ŕăvixů [H.L.L]	ŕăvixů [H.L.L]	ŕăvixů [lexical]	L%	dictionary	H.L.L	exact	dictionary
asx_lex_8ddfc29c20d6_t02	asx_lex_8ddfc29c20d6	2	A	lexical_citation	ŕăvixů.	to spice, to season (citation form)	exact	ŕăvixů [H.L.L]	ŕăvixů [H.L.L]	ŕăvixů [lexical]	L%	dictionary	H.L.L	exact	dictionary
asx_lex_a96740f6ba10_t01	asx_lex_a96740f6ba10	1	A	lexical_citation	găxăni.	forever (citation form)	exact	găxăni [L.L.L]	găxăni [H.L.L]	găxăni [lexical]	L%	dictionary	L.L.L	exact	dictionary
asx_lex_a96740f6ba10_t02	asx_lex_a96740f6ba10	2	A	lexical_citation	găxăni.	forever (citation form)	exact	găxăni [L.L.L]	găxăni [H.L.L]	găxăni [lexical]	L%	dictionary	L.L.L	exact	dictionary
asx_lex_c516562f5978_t01	asx_lex_c516562f5978	1	A	lexical_citation	gaŕo.	city, metropolis (citation form)	exact	gaŕo [L.H]	gaŕo [H.L]	gaŕo [lexical]	L%	dictionary	L.H	exact	dictionary
asx_lex_c516562f5978_t02	asx_lex_c516562f5978	2	A	lexical_citation	gaŕo.	city, metropolis (citation form)	exact	gaŕo [L.H]	gaŕo [H.L]	gaŕo [lexical]	L%	dictionary	L.H	exact	dictionary
asx_lex_0af5583e85e8_t01	asx_lex_0af5583e85e8	1	A	lexical_citation	xogăni.	to arrive at, to reach (a state), to attain, to come into (citation form)	exact	xogăni [L.H.H]	xogăni [H.L.L]	xogăni [lexical]	L%	dictionary	L.H.H	exact	dictionary
asx_lex_0af5583e85e8_t02	asx_lex_0af5583e85e8	2	A	lexical_citation	xogăni.	to arrive at, to reach (a state), to attain, to come into (citation form)	exact	xogăni [L.H.H]	xogăni [H.L.L]	xogăni [lexical]	L%	dictionary	L.H.H	exact	dictionary
asx_lex_02d20a45dcd2_t01	asx_lex_02d20a45dcd2	1	A	lexical_citation	tamnishá.	spouse, partner (citation form)	exact	tamnishá [H.H.H]	tamnishá [H.H.H]	tamnishá [lexical]	L%	dictionary	H.H.H	exact	dictionary
asx_lex_02d20a45dcd2_t02	asx_lex_02d20a45dcd2	2	A	lexical_citation	tamnishá.	spouse, partner (citation form)	exact	tamnishá [H.H.H]	tamnishá [H.H.H]	tamnishá [lexical]	L%	dictionary	H.H.H	exact	dictionary
asx_lex_cf7101ea64e2_t01	asx_lex_cf7101ea64e2	1	A	lexical_citation	hùxaxaśbibåbå.	hamstrings (citation form)	exact	hùxaxaśbibåbå [L.L.L.H.L.L]	hùxaxaśbibåbå [H.L.L.H.L.L]	hùxaxaśbibåbå [lexical]	L%	dictionary	L.L.L.H.L.L	exact	dictionary
asx_lex_cf7101ea64e2_t02	asx_lex_cf7101ea64e2	2	A	lexical_citation	hùxaxaśbibåbå.	hamstrings (citation form)	exact	hùxaxaśbibåbå [L.L.L.H.L.L]	hùxaxaśbibåbå [H.L.L.H.L.L]	hùxaxaśbibåbå [lexical]	L%	dictionary	L.L.L.H.L.L	exact	dictionary
asx_lex_a736d6cba280_t01	asx_lex_a736d6cba280	1	A	lexical_citation	sivëshá.	civet (citation form)	exact	sivëshá [L.L.H]	sivëshá [H.L.L]	sivëshá [lexical]	L%	dictionary	L.L.H	exact	dictionary
asx_lex_a736d6cba280_t02	asx_lex_a736d6cba280	2	A	lexical_citation	sivëshá.	civet (citation form)	exact	sivëshá [L.L.H]	sivëshá [H.L.L]	sivëshá [lexical]	L%	dictionary	L.L.H	exact	dictionary
asx_lex_38e953f1b6fe_t01	asx_lex_38e953f1b6fe	1	A	lexical_citation	gabåbåshá.	muscular being, bodybuilder, hulk, muscle-beast, hunk (citation form)	exact	gabåbåshá [L.H.L.L]	gabåbåshá [H.L.L.L]	gabåbåshá [lexical]	L%	dictionary	L.H.L.L	exact	dictionary
asx_lex_38e953f1b6fe_t02	asx_lex_38e953f1b6fe	2	A	lexical_citation	gabåbåshá.	muscular being, bodybuilder, hulk, muscle-beast, hunk (citation form)	exact	gabåbåshá [L.H.L.L]	gabåbåshá [H.L.L.L]	gabåbåshá [lexical]	L%	dictionary	L.H.L.L	exact	dictionary
asx_lex_3901a3037707_t01	asx_lex_3901a3037707	1	A	lexical_citation	gabåbwoshá.	strongman, powerlifter, brute, one with a bear-like physique (citation form)	exact	gabåbwoshá [L.L.H.L]	gabåbwoshá [H.L.H.L]	gabåbwoshá [lexical]	L%	dictionary	L.L.H.L	exact	dictionary
asx_lex_3901a3037707_t02	asx_lex_3901a3037707	2	A	lexical_citation	gabåbwoshá.	strongman, powerlifter, brute, one with a bear-like physique (citation form)	exact	gabåbwoshá [L.L.H.L]	gabåbwoshá [H.L.H.L]	gabåbwoshá [lexical]	L%	dictionary	L.L.H.L	exact	dictionary
asx_lex_440231bf702f_t01	asx_lex_440231bf702f	1	A	lexical_citation	gajýnnshá.	were-hyena, gnoll, hyena-man (citation form)	exact	gajýnnshá [L.L.L.H]	gajýnnshá [H.L.L.L]	gajýnnshá [lexical]	L%	dictionary	L.L.L.H	exact	dictionary
asx_lex_440231bf702f_t02	asx_lex_440231bf702f	2	A	lexical_citation	gajýnnshá.	were-hyena, gnoll, hyena-man (citation form)	exact	gajýnnshá [L.L.L.H]	gajýnnshá [H.L.L.L]	gajýnnshá [lexical]	L%	dictionary	L.L.L.H	exact	dictionary
asx_lex_2eb78f54b71a_t01	asx_lex_2eb78f54b71a	1	A	lexical_citation	måniåkam.	by the time that...(citation form)	exact	måniåkam [L.L.L.L]	måniåkam [H.L.L.L]	måniåkam [lexical]	L%	dictionary	L.L.L.L	exact	dictionary
asx_lex_2eb78f54b71a_t02	asx_lex_2eb78f54b71a	2	A	lexical_citation	måniåkam.	by the time that...(citation form)	exact	måniåkam [L.L.L.L]	måniåkam [H.L.L.L]	måniåkam [lexical]	L%	dictionary	L.L.L.L	exact	dictionary
asx_lex_6330e6563961_t01	asx_lex_6330e6563961	1	A	lexical_citation	nihèka.	to begin, to start (citation form)	exact	nihèka [H.H.L]	nihèka [H.H.L]	nihèka [lexical]	L%	dictionary	H.H.L	exact	dictionary
asx_lex_6330e6563961_t02	asx_lex_6330e6563961	2	A	lexical_citation	nihèka.	to begin, to start (citation form)	exact	nihèka [H.H.L]	nihèka [H.H.L]	nihèka [lexical]	L%	dictionary	H.H.L	exact	dictionary
asx_lex_b5f7c5bb4230_t01	asx_lex_b5f7c5bb4230	1	A	lexical_citation	tamỏbwopùxaśbibåbå.	gastrocnemius, calf muscle (citation form)	exact	tamỏbwopùxaśbibåbå [H.L.L.L.L.L.L.L]	tamỏbwopùxaśbibåbå [H.L.L.L.L.L.L.L]	tamỏbwopùxaśbibåbå [lexical]	L%	dictionary	H.L.L.L.L.L.L.L	exact	dictionary
asx_lex_b5f7c5bb4230_t02	asx_lex_b5f7c5bb4230	2	A	lexical_citation	tamỏbwopùxaśbibåbå.	gastrocnemius, calf muscle (citation form)	exact	tamỏbwopùxaśbibåbå [H.L.L.L.L.L.L.L]	tamỏbwopùxaśbibåbå [H.L.L.L.L.L.L.L]	tamỏbwopùxaśbibåbå [lexical]	L%	dictionary	H.L.L.L.L.L.L.L	exact	dictionary
asx_lex_c1fc2c199d3c_t01	asx_lex_c1fc2c199d3c	1	A	lexical_citation	papùxaśbibåbå.	tibialis anterior (citation form)	exact	papùxaśbibåbå [L.L.H.L.L.L]	papùxaśbibåbå [H.L.H.L.L.L]	papùxaśbibåbå [lexical]	L%	dictionary	L.L.H.L.L.L	exact	dictionary
asx_lex_c1fc2c199d3c_t02	asx_lex_c1fc2c199d3c	2	A	lexical_citation	papùxaśbibåbå.	tibialis anterior (citation form)	exact	papùxaśbibåbå [L.L.H.L.L.L]	papùxaśbibåbå [H.L.H.L.L.L]	papùxaśbibåbå [lexical]	L%	dictionary	L.L.H.L.L.L	exact	dictionary
asx_lex_224e7f48c205_t01	asx_lex_224e7f48c205	1	A	lexical_citation	năbwonădăsùkină.	most beloved, dearest (citation form)	exact	năbwonădăsùkină [L.H.L.L.L.L.L]	năbwonădăsùkină [H.L.L.L.L.L.L]	năbwonădăsùkină [lexical]	L%	dictionary	L.H.L.L.L.L.L	exact	dictionary
asx_lex_224e7f48c205_t02	asx_lex_224e7f48c205	2	A	lexical_citation	năbwonădăsùkină.	most beloved, dearest (citation form)	exact	năbwonădăsùkină [L.H.L.L.L.L.L]	năbwonădăsùkină [H.L.L.L.L.L.L]	năbwonădăsùkină [lexical]	L%	dictionary	L.H.L.L.L.L.L	exact	dictionary
asx_lex_cd10271d058b_t01	asx_lex_cd10271d058b	1	A	lexical_citation	pùtëbibåbå.	forearm muscles (citation form)	exact	pùtëbibåbå [L.H.L.L.L]	pùtëbibåbå [H.L.L.L.L]	pùtëbibåbå [lexical]	L%	dictionary	L.H.L.L.L	exact	dictionary
asx_lex_cd10271d058b_t02	asx_lex_cd10271d058b	2	A	lexical_citation	pùtëbibåbå.	forearm muscles (citation form)	exact	pùtëbibåbå [L.H.L.L.L]	pùtëbibåbå [H.L.L.L.L]	pùtëbibåbå [lexical]	L%	dictionary	L.H.L.L.L	exact	dictionary
asx_lex_4b06fc2eb61e_t01	asx_lex_4b06fc2eb61e	1	A	lexical_citation	zèvoshů.	to defame (citation form)	exact	zèvoshů [H.L.L]	zèvoshů [H.L.L]	zèvoshů [lexical]	L%	dictionary	H.L.L	exact	dictionary
asx_lex_4b06fc2eb61e_t02	asx_lex_4b06fc2eb61e	2	A	lexical_citation	zèvoshů.	to defame (citation form)	exact	zèvoshů [H.L.L]	zèvoshů [H.L.L]	zèvoshů [lexical]	L%	dictionary	H.L.L	exact	dictionary
asx_lex_73a0fbd93fee_t01	asx_lex_73a0fbd93fee	1	A	lexical_citation	ŕă.	5, five (citation form)	exact	ŕă [H]	ŕă [H]	ŕă [lexical]	L%	dictionary	H	exact	dictionary
asx_lex_73a0fbd93fee_t02	asx_lex_73a0fbd93fee	2	A	lexical_citation	ŕă.	5, five (citation form)	exact	ŕă [H]	ŕă [H]	ŕă [lexical]	L%	dictionary	H	exact	dictionary
asx_lex_f898641862c3_t01	asx_lex_f898641862c3	1	A	lexical_citation	fùcù.	to clean, wash, cleanse (citation form)	exact	fùcù [H.L]	fùcù [H.L]	fùcù [lexical]	L%	dictionary	H.L	exact	dictionary
asx_lex_f898641862c3_t02	asx_lex_f898641862c3	2	A	lexical_citation	fùcù.	to clean, wash, cleanse (citation form)	exact	fùcù [H.L]	fùcù [H.L]	fùcù [lexical]	L%	dictionary	H.L	exact	dictionary
asx_lex_9ddc1992236c_t01	asx_lex_9ddc1992236c	1	A	lexical_citation	såŕåshá.	singer (citation form)	exact	såŕåshá [H.L.L]	såŕåshá [H.L.L]	såŕåshá [lexical]	L%	dictionary	H.L.L	exact	dictionary
asx_lex_9ddc1992236c_t02	asx_lex_9ddc1992236c	2	A	lexical_citation	såŕåshá.	singer (citation form)	exact	såŕåshá [H.L.L]	såŕåshá [H.L.L]	såŕåshá [lexical]	L%	dictionary	H.L.L	exact	dictionary
asx_lex_cc1c336f1d71_t01	asx_lex_cc1c336f1d71	1	A	lexical_citation	fgăŕo.	lake (citation form)	exact	fgăŕo [H.L]	fgăŕo [H.L]	fgăŕo [lexical]	L%	dictionary	H.L	exact	dictionary
asx_lex_cc1c336f1d71_t02	asx_lex_cc1c336f1d71	2	A	lexical_citation	fgăŕo.	lake (citation form)	exact	fgăŕo [H.L]	fgăŕo [H.L]	fgăŕo [lexical]	L%	dictionary	H.L	exact	dictionary
asx_lex_557dc2066fa9_t01	asx_lex_557dc2066fa9	1	A	lexical_citation	kŕùnýj.	rusty, oxide-red, dull cold-red (citation form)	exact	kŕùnýj [H.H]	kŕùnýj [H.H]	kŕùnýj [lexical]	L%	dictionary	H.H	exact	dictionary
asx_lex_557dc2066fa9_t02	asx_lex_557dc2066fa9	2	A	lexical_citation	kŕùnýj.	rusty, oxide-red, dull cold-red (citation form)	exact	kŕùnýj [H.H]	kŕùnýj [H.H]	kŕùnýj [lexical]	L%	dictionary	H.H	exact	dictionary
asx_lex_4a7dc1334fbc_t01	asx_lex_4a7dc1334fbc	1	A	lexical_citation	mibo.	to thank (citation form)	exact	mibo [H.L]	mibo [H.L]	mibo [lexical]	L%	dictionary	H.L	exact	dictionary
asx_lex_4a7dc1334fbc_t02	asx_lex_4a7dc1334fbc	2	A	lexical_citation	mibo.	to thank (citation form)	exact	mibo [H.L]	mibo [H.L]	mibo [lexical]	L%	dictionary	H.L	exact	dictionary
asx_lex_3463b74e871f_t01	asx_lex_3463b74e871f	1	A	lexical_citation	bwonů.	to be fat, to be obese, to have body fat (citation form)	exact	bwonů [H.H]	bwonů [H.H]	bwonů [lexical]	L%	dictionary	H.H	exact	dictionary
asx_lex_3463b74e871f_t02	asx_lex_3463b74e871f	2	A	lexical_citation	bwonů.	to be fat, to be obese, to have body fat (citation form)	exact	bwonů [H.H]	bwonů [H.H]	bwonů [lexical]	L%	dictionary	H.H	exact	dictionary
asx_lex_ba4c9a25d698_t01	asx_lex_ba4c9a25d698	1	A	lexical_citation	maaśù.	to carry (citation form)	exact	maaśù [H.L.L]	maaśù [H.L.L]	maaśù [lexical]	L%	dictionary	H.L.L	exact	dictionary
asx_lex_ba4c9a25d698_t02	asx_lex_ba4c9a25d698	2	A	lexical_citation	maaśù.	to carry (citation form)	exact	maaśù [H.L.L]	maaśù [H.L.L]	maaśù [lexical]	L%	dictionary	H.L.L	exact	dictionary
asx_lex_294ccf0d5283_t01	asx_lex_294ccf0d5283	1	A	lexical_citation	vå.	when (citation form)	exact	vå [L]	vå [H]	vå [lexical]	L%	dictionary	L	exact	dictionary
asx_lex_294ccf0d5283_t02	asx_lex_294ccf0d5283	2	A	lexical_citation	vå.	when (citation form)	exact	vå [L]	vå [H]	vå [lexical]	L%	dictionary	L	exact	dictionary
asx_lex_ebb7571319eb_t01	asx_lex_ebb7571319eb	1	A	lexical_citation	kiŕo.	pickaxe (citation form)	exact	kiŕo [H.L]	kiŕo [H.L]	kiŕo [lexical]	L%	dictionary	H.L	exact	dictionary
asx_lex_ebb7571319eb_t02	asx_lex_ebb7571319eb	2	A	lexical_citation	kiŕo.	pickaxe (citation form)	exact	kiŕo [H.L]	kiŕo [H.L]	kiŕo [lexical]	L%	dictionary	H.L	exact	dictionary
asx_lex_9545bcd418b9_t01	asx_lex_9545bcd418b9	1	A	lexical_citation	kùkishá.	insect, bug (citation form)	exact	kùkishá [H.L.L]	kùkishá [H.L.L]	kùkishá [lexical]	L%	dictionary	H.L.L	exact	dictionary
asx_lex_9545bcd418b9_t02	asx_lex_9545bcd418b9	2	A	lexical_citation	kùkishá.	insect, bug (citation form)	exact	kùkishá [H.L.L]	kùkishá [H.L.L]	kùkishá [lexical]	L%	dictionary	H.L.L	exact	dictionary
asx_lex_96676a379f07_t01	asx_lex_96676a379f07	1	A	lexical_citation	ỏbwonů.	to cuddle (citation form)	exact	ỏbwonů [L.H.L]	ỏbwonů [H.L.L]	ỏbwonů [lexical]	L%	dictionary	L.H.L	exact	dictionary
asx_lex_96676a379f07_t02	asx_lex_96676a379f07	2	A	lexical_citation	ỏbwonů.	to cuddle (citation form)	exact	ỏbwonů [L.H.L]	ỏbwonů [H.L.L]	ỏbwonů [lexical]	L%	dictionary	L.H.L	exact	dictionary
asx_lex_e727c5d9f5b3_t01	asx_lex_e727c5d9f5b3	1	A	lexical_citation	kogo.	knee (citation form)	exact	kogo [H.L]	kogo [H.L]	kogo [lexical]	L%	dictionary	H.L	exact	dictionary
asx_lex_e727c5d9f5b3_t02	asx_lex_e727c5d9f5b3	2	A	lexical_citation	kogo.	knee (citation form)	exact	kogo [H.L]	kogo [H.L]	kogo [lexical]	L%	dictionary	H.L	exact	dictionary
asx_lex_5951ade324c1_t01	asx_lex_5951ade324c1	1	A	lexical_citation	fŕăfŕă.	to spin, to whirl (citation form)	exact	fŕăfŕă [H.L]	fŕăfŕă [H.L]	fŕăfŕă [lexical]	L%	dictionary	H.L	exact	dictionary
asx_lex_5951ade324c1_t02	asx_lex_5951ade324c1	2	A	lexical_citation	fŕăfŕă.	to spin, to whirl (citation form)	exact	fŕăfŕă [H.L]	fŕăfŕă [H.L]	fŕăfŕă [lexical]	L%	dictionary	H.L	exact	dictionary
asx_lex_957a79296454_t01	asx_lex_957a79296454	1	A	lexical_citation	kùso.	faeces, dung (citation form)	exact	kùso [H.L]	kùso [H.L]	kùso [lexical]	L%	dictionary	H.L	exact	dictionary
asx_lex_957a79296454_t02	asx_lex_957a79296454	2	A	lexical_citation	kùso.	faeces, dung (citation form)	exact	kùso [H.L]	kùso [H.L]	kùso [lexical]	L%	dictionary	H.L	exact	dictionary
asx_lex_a442bb4d0ad2_t01	asx_lex_a442bb4d0ad2	1	A	lexical_citation	tomo'.	stop, cease, end, quit (citation form)	exact	tomo' [H.L]	tomo' [H.L]	tomo' [lexical]	L%	dictionary	H.L	exact	dictionary
asx_lex_a442bb4d0ad2_t02	asx_lex_a442bb4d0ad2	2	A	lexical_citation	tomo'.	stop, cease, end, quit (citation form)	exact	tomo' [H.L]	tomo' [H.L]	tomo' [lexical]	L%	dictionary	H.L	exact	dictionary
asx_lex_e5b2df2f5871_t01	asx_lex_e5b2df2f5871	1	A	lexical_citation	ŕămáka.	hearth, stove (fire-vessel) (citation form)	exact	ŕămáka [H.L.L]	ŕămáka [H.L.L]	ŕămáka [lexical]	L%	dictionary	H.L.L	exact	dictionary
asx_lex_e5b2df2f5871_t02	asx_lex_e5b2df2f5871	2	A	lexical_citation	ŕămáka.	hearth, stove (fire-vessel) (citation form)	exact	ŕămáka [H.L.L]	ŕămáka [H.L.L]	ŕămáka [lexical]	L%	dictionary	H.L.L	exact	dictionary
asx_lex_2b80bb203d1e_t01	asx_lex_2b80bb203d1e	1	A	lexical_citation	shějýnkam.	school (education-structure) (citation form)	exact	shějýnkam [H.L.L]	shějýnkam [H.L.L]	shějýnkam [lexical]	L%	dictionary	H.L.L	exact	dictionary
asx_lex_2b80bb203d1e_t02	asx_lex_2b80bb203d1e	2	A	lexical_citation	shějýnkam.	school (education-structure) (citation form)	exact	shějýnkam [H.L.L]	shějýnkam [H.L.L]	shějýnkam [lexical]	L%	dictionary	H.L.L	exact	dictionary
asx_lex_44eba2bca6a8_t01	asx_lex_44eba2bca6a8	1	A	lexical_citation	kèno.	a question (citation form)	exact	kèno [H.L]	kèno [H.L]	kèno [lexical]	L%	dictionary	H.L	exact	dictionary
asx_lex_44eba2bca6a8_t02	asx_lex_44eba2bca6a8	2	A	lexical_citation	kèno.	a question (citation form)	exact	kèno [H.L]	kèno [H.L]	kèno [lexical]	L%	dictionary	H.L	exact	dictionary
asx_lex_106792788fb1_t01	asx_lex_106792788fb1	1	A	lexical_citation	zhåka.	to fear, to dread (citation form)	exact	zhåka [H.L]	zhåka [H.L]	zhåka [lexical]	L%	dictionary	H.L	exact	dictionary
asx_lex_106792788fb1_t02	asx_lex_106792788fb1	2	A	lexical_citation	zhåka.	to fear, to dread (citation form)	exact	zhåka [H.L]	zhåka [H.L]	zhåka [lexical]	L%	dictionary	H.L	exact	dictionary
asx_lex_11d006c26525_t01	asx_lex_11d006c26525	1	A	lexical_citation	tapù.	to take, to grab (citation form)	exact	tapù [H.L]	tapù [H.L]	tapù [lexical]	L%	dictionary	H.L	exact	dictionary
asx_lex_11d006c26525_t02	asx_lex_11d006c26525	2	A	lexical_citation	tapù.	to take, to grab (citation form)	exact	tapù [H.L]	tapù [H.L]	tapù [lexical]	L%	dictionary	H.L	exact	dictionary
asx_lex_90066c606c61_t01	asx_lex_90066c606c61	1	A	lexical_citation	pỏmáka.	bag, sack (cloth-vessel) (citation form)	exact	pỏmáka [H.L.L]	pỏmáka [H.L.L]	pỏmáka [lexical]	L%	dictionary	H.L.L	exact	dictionary
asx_lex_90066c606c61_t02	asx_lex_90066c606c61	2	A	lexical_citation	pỏmáka.	bag, sack (cloth-vessel) (citation form)	exact	pỏmáka [H.L.L]	pỏmáka [H.L.L]	pỏmáka [lexical]	L%	dictionary	H.L.L	exact	dictionary
asx_lex_af70fbb27448_t01	asx_lex_af70fbb27448	1	A	lexical_citation	gaxiro.	golden (citation form)	exact	gaxiro [L.H.L]	gaxiro [H.L.L]	gaxiro [lexical]	L%	dictionary	L.H.L	exact	dictionary
asx_lex_af70fbb27448_t02	asx_lex_af70fbb27448	2	A	lexical_citation	gaxiro.	golden (citation form)	exact	gaxiro [L.H.L]	gaxiro [H.L.L]	gaxiro [lexical]	L%	dictionary	L.H.L	exact	dictionary
asx_lex_a6e6188d5a29_t01	asx_lex_a6e6188d5a29	1	A	lexical_citation	těpỏ.	hair (citation form)	exact	těpỏ [L.H]	těpỏ [H.L]	těpỏ [lexical]	L%	dictionary	L.H	exact	dictionary
asx_lex_a6e6188d5a29_t02	asx_lex_a6e6188d5a29	2	A	lexical_citation	těpỏ.	hair (citation form)	exact	těpỏ [L.H]	těpỏ [H.L]	těpỏ [lexical]	L%	dictionary	L.H	exact	dictionary
asx_lex_28fe917cce72_t01	asx_lex_28fe917cce72	1	A	lexical_citation	poposhá.	turtle (shell-creature) (citation form)	exact	poposhá [H.L.L]	poposhá [H.L.L]	poposhá [lexical]	L%	dictionary	H.L.L	exact	dictionary
asx_lex_28fe917cce72_t02	asx_lex_28fe917cce72	2	A	lexical_citation	poposhá.	turtle (shell-creature) (citation form)	exact	poposhá [H.L.L]	poposhá [H.L.L]	poposhá [lexical]	L%	dictionary	H.L.L	exact	dictionary
asx_lex_1aac7421cf88_t01	asx_lex_1aac7421cf88	1	A	lexical_citation	ỏbwo.	belly, paunch, stomach (fat), gut (citation form)	exact	ỏbwo [L.H]	ỏbwo [H.L]	ỏbwo [lexical]	L%	dictionary	L.H	exact	dictionary
asx_lex_1aac7421cf88_t02	asx_lex_1aac7421cf88	2	A	lexical_citation	ỏbwo.	belly, paunch, stomach (fat), gut (citation form)	exact	ỏbwo [L.H]	ỏbwo [H.L]	ỏbwo [lexical]	L%	dictionary	L.H	exact	dictionary
asx_lex_39ca13d36c82_t01	asx_lex_39ca13d36c82	1	A	lexical_citation	måmå.	up to, until, as far as (citation form)	exact	måmå [H.L]	måmå [H.L]	måmå [lexical]	L%	dictionary	H.L	exact	dictionary
asx_lex_39ca13d36c82_t02	asx_lex_39ca13d36c82	2	A	lexical_citation	måmå.	up to, until, as far as (citation form)	exact	måmå [H.L]	måmå [H.L]	måmå [lexical]	L%	dictionary	H.L	exact	dictionary
asx_lex_92e841852461_t01	asx_lex_92e841852461	1	A	lexical_citation	săano.	cooked food, baked goods, bread (citation form)	exact	săano [H.L.L]	săano [H.L.L]	săano [lexical]	L%	dictionary	H.L.L	exact	dictionary
asx_lex_92e841852461_t02	asx_lex_92e841852461	2	A	lexical_citation	săano.	cooked food, baked goods, bread (citation form)	exact	săano [H.L.L]	săano [H.L.L]	săano [lexical]	L%	dictionary	H.L.L	exact	dictionary
asx_lex_21582780fb4f_t01	asx_lex_21582780fb4f	1	A	lexical_citation	apo.	apple (citation form)	exact	apo [H.L]	apo [H.L]	apo [lexical]	L%	dictionary	H.L	exact	dictionary
asx_lex_21582780fb4f_t02	asx_lex_21582780fb4f	2	A	lexical_citation	apo.	apple (citation form)	exact	apo [H.L]	apo [H.L]	apo [lexical]	L%	dictionary	H.L	exact	dictionary
asx_lex_1005ec471232_t01	asx_lex_1005ec471232	1	A	lexical_citation	zá.	with, accompanied by (citation form)	exact	zá [L]	zá [H]	zá [lexical]	L%	dictionary	L	exact	dictionary
asx_lex_1005ec471232_t02	asx_lex_1005ec471232	2	A	lexical_citation	zá.	with, accompanied by (citation form)	exact	zá [L]	zá [H]	zá [lexical]	L%	dictionary	L	exact	dictionary
asx_lex_f0aa8592b41b_t01	asx_lex_f0aa8592b41b	1	A	lexical_citation	kamshákam.	gym, fitness centre (citation form)	exact	kamshákam [H.L.L]	kamshákam [H.L.L]	kamshákam [lexical]	L%	dictionary	H.L.L	exact	dictionary
asx_lex_f0aa8592b41b_t02	asx_lex_f0aa8592b41b	2	A	lexical_citation	kamshákam.	gym, fitness centre (citation form)	exact	kamshákam [H.L.L]	kamshákam [H.L.L]	kamshákam [lexical]	L%	dictionary	H.L.L	exact	dictionary
asx_lex_6717b3c8f028_t01	asx_lex_6717b3c8f028	1	A	lexical_citation	gokam.	tower / keep (citation form)	exact	gokam [H.H]	gokam [H.H]	gokam [lexical]	L%	dictionary	H.H	exact	dictionary
asx_lex_6717b3c8f028_t02	asx_lex_6717b3c8f028	2	A	lexical_citation	gokam.	tower / keep (citation form)	exact	gokam [H.H]	gokam [H.H]	gokam [lexical]	L%	dictionary	H.H	exact	dictionary
asx_lex_764de4e02619_t01	asx_lex_764de4e02619	1	A	lexical_citation	fjonýj.	abstract, conceptual, concept-like (citation form)	exact	fjonýj [H.H]	fjonýj [H.H]	fjonýj [lexical]	L%	dictionary	H.H	exact	dictionary
asx_lex_764de4e02619_t02	asx_lex_764de4e02619	2	A	lexical_citation	fjonýj.	abstract, conceptual, concept-like (citation form)	exact	fjonýj [H.H]	fjonýj [H.H]	fjonýj [lexical]	L%	dictionary	H.H	exact	dictionary
asx_lex_e4ce51116319_t01	asx_lex_e4ce51116319	1	A	lexical_citation	vako.	maize, corn (citation form)	exact	vako [H.L]	vako [H.L]	vako [lexical]	L%	dictionary	H.L	exact	dictionary
asx_lex_e4ce51116319_t02	asx_lex_e4ce51116319	2	A	lexical_citation	vako.	maize, corn (citation form)	exact	vako [H.L]	vako [H.L]	vako [lexical]	L%	dictionary	H.L	exact	dictionary
asx_lex_ee4d892ad50f_t01	asx_lex_ee4d892ad50f	1	A	lexical_citation	frënă.	free, at liberty (citation form)	exact	frënă [H.H]	frënă [H.H]	frënă [lexical]	L%	dictionary	H.H	exact	dictionary
asx_lex_ee4d892ad50f_t02	asx_lex_ee4d892ad50f	2	A	lexical_citation	frënă.	free, at liberty (citation form)	exact	frënă [H.H]	frënă [H.H]	frënă [lexical]	L%	dictionary	H.H	exact	dictionary
asx_lex_7cca4c3ee711_t01	asx_lex_7cca4c3ee711	1	A	lexical_citation	sigonů.	to count, to tally (citation form)	exact	sigonů [H.H.H]	sigonů [H.H.H]	sigonů [lexical]	L%	dictionary	H.H.H	exact	dictionary
asx_lex_7cca4c3ee711_t02	asx_lex_7cca4c3ee711	2	A	lexical_citation	sigonů.	to count, to tally (citation form)	exact	sigonů [H.H.H]	sigonů [H.H.H]	sigonů [lexical]	L%	dictionary	H.H.H	exact	dictionary
asx_lex_481393821635_t01	asx_lex_481393821635	1	A	lexical_citation	ijono.	vision, eyesight, sight (faculty) (citation form)	exact	ijono [H.L.L]	ijono [H.L.L]	ijono [lexical]	L%	dictionary	H.L.L	exact	dictionary
asx_lex_481393821635_t02	asx_lex_481393821635	2	A	lexical_citation	ijono.	vision, eyesight, sight (faculty) (citation form)	exact	ijono [H.L.L]	ijono [H.L.L]	ijono [lexical]	L%	dictionary	H.L.L	exact	dictionary
asx_lex_d523ed1ca80e_t01	asx_lex_d523ed1ca80e	1	A	lexical_citation	fůnono.	rubbish, junk, worthless things (citation form)	exact	fůnono [H.L.L]	fůnono [H.L.L]	fůnono [lexical]	L%	dictionary	H.L.L	exact	dictionary
asx_lex_d523ed1ca80e_t02	asx_lex_d523ed1ca80e	2	A	lexical_citation	fůnono.	rubbish, junk, worthless things (citation form)	exact	fůnono [H.L.L]	fůnono [H.L.L]	fůnono [lexical]	L%	dictionary	H.L.L	exact	dictionary
asx_lex_7fbd9e48848f_t01	asx_lex_7fbd9e48848f	1	A	lexical_citation	xohù.	to retreat, to withdraw, to back up, to reverse (citation form)	exact	xohù [H.L]	xohù [H.L]	xohù [lexical]	L%	dictionary	H.L	exact	dictionary
asx_lex_7fbd9e48848f_t02	asx_lex_7fbd9e48848f	2	A	lexical_citation	xohù.	to retreat, to withdraw, to back up, to reverse (citation form)	exact	xohù [H.L]	xohù [H.L]	xohù [lexical]	L%	dictionary	H.L	exact	dictionary
asx_lex_49735b9edb5b_t01	asx_lex_49735b9edb5b	1	A	lexical_citation	måmåni.	As far as to (citation form)	exact	måmåni [L.L.L]	måmåni [H.L.L]	måmåni [lexical]	L%	dictionary	L.L.L	exact	dictionary
asx_lex_49735b9edb5b_t02	asx_lex_49735b9edb5b	2	A	lexical_citation	måmåni.	As far as to (citation form)	exact	måmåni [L.L.L]	måmåni [H.L.L]	måmåni [lexical]	L%	dictionary	L.L.L	exact	dictionary
asx_lex_c2eb7ce68a22_t01	asx_lex_c2eb7ce68a22	1	A	lexical_citation	hùhù.	wolf (citation form)	exact	hùhù [H.L]	hùhù [H.L]	hùhù [lexical]	L%	dictionary	H.L	exact	dictionary
asx_lex_c2eb7ce68a22_t02	asx_lex_c2eb7ce68a22	2	A	lexical_citation	hùhù.	wolf (citation form)	exact	hùhù [H.L]	hùhù [H.L]	hùhù [lexical]	L%	dictionary	H.L	exact	dictionary
asx_lex_73f751936323_t01	asx_lex_73f751936323	1	A	lexical_citation	onýj.	this (citation form)	exact	onýj [L.L]	onýj [H.L]	onýj [lexical]	L%	dictionary	L.L	exact	dictionary
asx_lex_73f751936323_t02	asx_lex_73f751936323	2	A	lexical_citation	onýj.	this (citation form)	exact	onýj [L.L]	onýj [H.L]	onýj [lexical]	L%	dictionary	L.L	exact	dictionary
asx_lex_462b2dbaa4d8_t01	asx_lex_462b2dbaa4d8	1	A	lexical_citation	vèshů.	to wither, to shed leaves (citation form)	exact	vèshů [H.L]	vèshů [H.L]	vèshů [lexical]	L%	dictionary	H.L	exact	dictionary
asx_lex_462b2dbaa4d8_t02	asx_lex_462b2dbaa4d8	2	A	lexical_citation	vèshů.	to wither, to shed leaves (citation form)	exact	vèshů [H.L]	vèshů [H.L]	vèshů [lexical]	L%	dictionary	H.L	exact	dictionary
asx_lex_9b17cdfff52c_t01	asx_lex_9b17cdfff52c	1	A	lexical_citation	iŕo.	colour, hue, color, pigment (citation form)	exact	iŕo [H.L]	iŕo [H.L]	iŕo [lexical]	L%	dictionary	H.L	exact	dictionary
asx_lex_9b17cdfff52c_t02	asx_lex_9b17cdfff52c	2	A	lexical_citation	iŕo.	colour, hue, color, pigment (citation form)	exact	iŕo [H.L]	iŕo [H.L]	iŕo [lexical]	L%	dictionary	H.L	exact	dictionary
asx_lex_b3caccfee50e_t01	asx_lex_b3caccfee50e	1	A	lexical_citation	niŕù.	to become, to turn into (citation form)	exact	niŕù [H.H]	niŕù [H.H]	niŕù [lexical]	L%	dictionary	H.H	exact	dictionary
asx_lex_b3caccfee50e_t02	asx_lex_b3caccfee50e	2	A	lexical_citation	niŕù.	to become, to turn into (citation form)	exact	niŕù [H.H]	niŕù [H.H]	niŕù [lexical]	L%	dictionary	H.H	exact	dictionary
asx_lex_309788f0d0cc_t01	asx_lex_309788f0d0cc	1	A	lexical_citation	tëko.	fist (citation form)	exact	tëko [H.L]	tëko [H.L]	tëko [lexical]	L%	dictionary	H.L	exact	dictionary
asx_lex_309788f0d0cc_t02	asx_lex_309788f0d0cc	2	A	lexical_citation	tëko.	fist (citation form)	exact	tëko [H.L]	tëko [H.L]	tëko [lexical]	L%	dictionary	H.L	exact	dictionary
asx_lex_9e3044c1483d_t01	asx_lex_9e3044c1483d	1	A	lexical_citation	chỏno.	food (citation form)	exact	chỏno [H.H]	chỏno [H.H]	chỏno [lexical]	L%	dictionary	H.H	exact	dictionary
asx_lex_9e3044c1483d_t02	asx_lex_9e3044c1483d	2	A	lexical_citation	chỏno.	food (citation form)	exact	chỏno [H.H]	chỏno [H.H]	chỏno [lexical]	L%	dictionary	H.H	exact	dictionary
asx_gra_6a63feaad91a_t01	asx_gra_6a63feaad91a	1	B	grammar_example	to apo gadă ů.	The apple is (presently) big.	exact	to [L] | apo [H.L] | gadă [H.L] | ů [H]	to [H] | apo [L.L] | gadă [H.L] | ů [L]	to [lexical] | apo [lexical] | gadă [lexical] | ů [lexical]	L%	none		no_reference	source_attested_model_accent
asx_gra_6a63feaad91a_t02	asx_gra_6a63feaad91a	2	B	grammar_example	to apo gadă ů.	The apple is (presently) big.	exact	to [L] | apo [H.L] | gadă [H.L] | ů [H]	to [H] | apo [L.L] | gadă [H.L] | ů [L]	to [lexical] | apo [lexical] | gadă [lexical] | ů [lexical]	L%	none		no_reference	source_attested_model_accent
asx_gra_2652201dd1f0_t01	asx_gra_2652201dd1f0	1	B	grammar_example	to john shějýnsháwů.	John acts like a teacher.	exact	to [L] | john [H] | shějýnsháwů [L.H.L.L]	to [H] | john [L] | shějýnsháwů [L.H.L.L]	to [lexical] | john [lexical] | shějýnsháwů [shějýnshá (root) + -w- (infix) + -ů (verbalizer)]	L%	none		no_reference	source_attested_model_accent
asx_gra_2652201dd1f0_t02	asx_gra_2652201dd1f0	2	B	grammar_example	to john shějýnsháwů.	John acts like a teacher.	exact	to [L] | john [H] | shějýnsháwů [L.H.L.L]	to [H] | john [L] | shějýnsháwů [L.H.L.L]	to [lexical] | john [lexical] | shějýnsháwů [shějýnshá (root) + -w- (infix) + -ů (verbalizer)]	L%	none		no_reference	source_attested_model_accent
asx_gra_c5e6d6fdaaf5_t01	asx_gra_c5e6d6fdaaf5	1	B	grammar_example	to wo kjèkiŕnů.	I use the axe.	exact	to [L] | wo [L] | kjèkiŕnů [H.L.L]	to [H] | wo [L] | kjèkiŕnů [H.L.L]	to [lexical] | wo [lexical] | kjèkiŕnů [lexical]	L%	none		no_reference	source_attested_model_accent
asx_gra_c5e6d6fdaaf5_t02	asx_gra_c5e6d6fdaaf5	2	B	grammar_example	to wo kjèkiŕnů.	I use the axe.	exact	to [L] | wo [L] | kjèkiŕnů [H.L.L]	to [H] | wo [L] | kjèkiŕnů [H.L.L]	to [lexical] | wo [lexical] | kjèkiŕnů [lexical]	L%	none		no_reference	source_attested_model_accent
asx_gra_4de11a8ddf84_t01	asx_gra_4de11a8ddf84	1	B	grammar_example	to john wo apoxů.	John apples me.	exact	to [L] | john [H] | wo [L] | apoxů [H.L.L]	to [H] | john [L] | wo [L] | apoxů [H.L.L]	to [lexical] | john [lexical] | wo [lexical] | apoxů [apo (root) + -x- (infix) + -ů (verbalizer)]	L%	none		no_reference	source_attested_model_accent
asx_gra_4de11a8ddf84_t02	asx_gra_4de11a8ddf84	2	B	grammar_example	to john wo apoxů.	John apples me.	exact	to [L] | john [H] | wo [L] | apoxů [H.L.L]	to [H] | john [L] | wo [L] | apoxů [H.L.L]	to [lexical] | john [lexical] | wo [lexical] | apoxů [apo (root) + -x- (infix) + -ů (verbalizer)]	L%	none		no_reference	source_attested_model_accent
asx_gra_c8c2cbd9b7af_t01	asx_gra_c8c2cbd9b7af	1	B	grammar_example	to wo gadăchů.	I feel like a giant.	exact	to [L] | wo [L] | gadăchů [L.H.H]	to [H] | wo [L] | gadăchů [L.H.H]	to [lexical] | wo [lexical] | gadăchů [ga- (compound prefix) + dăchů (root)]	L%	none		no_reference	source_attested_model_accent
asx_gra_c8c2cbd9b7af_t02	asx_gra_c8c2cbd9b7af	2	B	grammar_example	to wo gadăchů.	I feel like a giant.	exact	to [L] | wo [L] | gadăchů [L.H.H]	to [H] | wo [L] | gadăchů [L.H.H]	to [lexical] | wo [lexical] | gadăchů [ga- (compound prefix) + dăchů (root)]	L%	none		no_reference	source_attested_model_accent
asx_gra_068d32c39e8f_t01	asx_gra_068d32c39e8f	1	B	grammar_example	to fwoo gajýnnjů.	The cloud looks like a were-hyena.	exact	to [L] | fwoo [H.L] | gajýnnjů [H.L.L.L]	to [H] | fwoo [L.L] | gajýnnjů [H.L.L.L]	to [lexical] | fwoo [lexical] | gajýnnjů [lexical]	L%	none		no_reference	source_attested_model_accent
asx_gra_068d32c39e8f_t02	asx_gra_068d32c39e8f	2	B	grammar_example	to fwoo gajýnnjů.	The cloud looks like a were-hyena.	exact	to [L] | fwoo [H.L] | gajýnnjů [H.L.L.L]	to [H] | fwoo [L.L] | gajýnnjů [H.L.L.L]	to [lexical] | fwoo [lexical] | gajýnnjů [lexical]	L%	none		no_reference	source_attested_model_accent
asx_gra_103a6810ca28_t01	asx_gra_103a6810ca28	1	B	grammar_example	to xő jýnsů.	He sounds like a hyena.	exact	to [L] | xő [L] | jýnsů [H.H]	to [H] | xő [L] | jýnsů [H.H]	to [lexical] | xő [lexical] | jýnsů [jýn (root) + -s- (infix) + -ů (verbalizer)]	L%	none		no_reference	source_attested_model_accent
asx_gra_103a6810ca28_t02	asx_gra_103a6810ca28	2	B	grammar_example	to xő jýnsů.	He sounds like a hyena.	exact	to [L] | xő [L] | jýnsů [H.H]	to [H] | xő [L] | jýnsů [H.H]	to [lexical] | xő [lexical] | jýnsů [jýn (root) + -s- (infix) + -ů (verbalizer)]	L%	none		no_reference	source_attested_model_accent
asx_gra_e00d70c8038a_t01	asx_gra_e00d70c8038a	1	B	grammar_example	toonă topo apozhů.	This rain tastes like apples.	exact	toonă [H.L.L] | topo [H.L] | apozhů [H.L.L]	toonă [H.L.L] | topo [H.L] | apozhů [H.L.L]	toonă [lexical] | topo [lexical] | apozhů [apo (root) + -zh- (infix) + -ů (verbalizer)]	L%	none		no_reference	source_attested_model_accent
asx_gra_e00d70c8038a_t02	asx_gra_e00d70c8038a	2	B	grammar_example	toonă topo apozhů.	This rain tastes like apples.	exact	toonă [H.L.L] | topo [H.L] | apozhů [H.L.L]	toonă [H.L.L] | topo [H.L] | apozhů [H.L.L]	toonă [lexical] | topo [lexical] | apozhů [apo (root) + -zh- (infix) + -ů (verbalizer)]	L%	none		no_reference	source_attested_model_accent
asx_gra_469c4675e291_t01	asx_gra_469c4675e291	1	B	grammar_example	to kjèpo apa jýnma ja apoŕů.	The tree grows apples and hyenas.	exact	to [L] | kjèpo [H.L] | apa [H.L] | jýnma [H.H] | ja [L] | apoŕů [H.L.L]	to [H] | kjèpo [L.L] | apa [H.L] | jýnma [H.H] | ja [L] | apoŕů [H.L.L]	to [lexical] | kjèpo [lexical] | apa [apo (root) + -a (plural)] | jýnma [jýn (root) + -ma (plural suffix)] | ja [lexical] | apoŕů [apo (root) + -ŕ- (infix) + -ů (verbalizer)]	L%	none		no_reference	source_attested_model_accent
asx_gra_469c4675e291_t02	asx_gra_469c4675e291	2	B	grammar_example	to kjèpo apa jýnma ja apoŕů.	The tree grows apples and hyenas.	exact	to [L] | kjèpo [H.L] | apa [H.L] | jýnma [H.H] | ja [L] | apoŕů [H.L.L]	to [H] | kjèpo [L.L] | apa [H.L] | jýnma [H.H] | ja [L] | apoŕů [H.L.L]	to [lexical] | kjèpo [lexical] | apa [apo (root) + -a (plural)] | jýnma [jýn (root) + -ma (plural suffix)] | ja [lexical] | apoŕů [apo (root) + -ŕ- (infix) + -ů (verbalizer)]	L%	none		no_reference	source_attested_model_accent
asx_gra_9f187ad8d8d0_t01	asx_gra_9f187ad8d8d0	1	B	grammar_example	to john shěso shěsonů.	John reads the book.	exact	to [L] | john [H] | shěso [H.L] | shěsonů [H.L.L]	to [H] | john [L] | shěso [H.L] | shěsonů [H.L.L]	to [lexical] | john [lexical] | shěso [lexical] | shěsonů [lexical]	L%	none		no_reference	source_attested_model_accent
asx_gra_9f187ad8d8d0_t02	asx_gra_9f187ad8d8d0	2	B	grammar_example	to john shěso shěsonů.	John reads the book.	exact	to [L] | john [H] | shěso [H.L] | shěsonů [H.L.L]	to [H] | john [L] | shěso [H.L] | shěsonů [H.L.L]	to [lexical] | john [lexical] | shěso [lexical] | shěsonů [lexical]	L%	none		no_reference	source_attested_model_accent
asx_gra_f7732180c49b_t01	asx_gra_f7732180c49b	1	B	grammar_example	to john shěso shěsoxů.	John does the book to (someone).	exact	to [L] | john [H] | shěso [H.L] | shěsoxů [H.L.L]	to [H] | john [L] | shěso [H.L] | shěsoxů [H.L.L]	to [lexical] | john [lexical] | shěso [lexical] | shěsoxů [shěso (root) + -x- (infix) + -ů (verbalizer)]	L%	none		no_reference	source_attested_model_accent
asx_gra_f7732180c49b_t02	asx_gra_f7732180c49b	2	B	grammar_example	to john shěso shěsoxů.	John does the book to (someone).	exact	to [L] | john [H] | shěso [H.L] | shěsoxů [H.L.L]	to [H] | john [L] | shěso [H.L] | shěsoxů [H.L.L]	to [lexical] | john [lexical] | shěso [lexical] | shěsoxů [shěso (root) + -x- (infix) + -ů (verbalizer)]	L%	none		no_reference	source_attested_model_accent
asx_gra_3dfc80fedefc_t01	asx_gra_3dfc80fedefc	1	B	grammar_example	dhè kjèpo tom zèchỏnů.	The tree was chopped by Tom.	exact	dhè [L] | kjèpo [H.L] | tom [H] | zèchỏnů [L.H.H]	dhè [H] | kjèpo [L.L] | tom [H] | zèchỏnů [L.H.H]	dhè [lexical] | kjèpo [lexical] | tom [lexical] | zèchỏnů [zè- (prefix) + chỏnů (root)]	L%	none		no_reference	source_attested_model_accent
asx_gra_3dfc80fedefc_t02	asx_gra_3dfc80fedefc	2	B	grammar_example	dhè kjèpo tom zèchỏnů.	The tree was chopped by Tom.	exact	dhè [L] | kjèpo [H.L] | tom [H] | zèchỏnů [L.H.H]	dhè [H] | kjèpo [L.L] | tom [H] | zèchỏnů [L.H.H]	dhè [lexical] | kjèpo [lexical] | tom [lexical] | zèchỏnů [zè- (prefix) + chỏnů (root)]	L%	none		no_reference	source_attested_model_accent
asx_gra_09aa9a7512c3_t01	asx_gra_09aa9a7512c3	1	B	grammar_example	wo hèpăŕokă.	Please wake me up.	exact	wo [L] | hèpăŕokă [L.L.H.L]	wo [H] | hèpăŕokă [L.L.H.L]	wo [lexical] | hèpăŕokă [hè- (prefix) + păŕo (root) + -kă (suffix)]	L%	none		no_reference	source_attested_model_accent
asx_gra_09aa9a7512c3_t02	asx_gra_09aa9a7512c3	2	B	grammar_example	wo hèpăŕokă.	Please wake me up.	exact	wo [L] | hèpăŕokă [L.L.H.L]	wo [H] | hèpăŕokă [L.L.H.L]	wo [lexical] | hèpăŕokă [hè- (prefix) + păŕo (root) + -kă (suffix)]	L%	none		no_reference	source_attested_model_accent
asx_gra_beef3fb866d0_t01	asx_gra_beef3fb866d0	1	B	grammar_example	shěsonů.	(He/She/I) reads.	exact	shěsonů [H.L.L]	shěsonů [H.L.L]	shěsonů [lexical]	L%	none		no_reference	source_attested_model_accent
asx_gra_beef3fb866d0_t02	asx_gra_beef3fb866d0	2	B	grammar_example	shěsonů.	(He/She/I) reads.	exact	shěsonů [H.L.L]	shěsonů [H.L.L]	shěsonů [lexical]	L%	none		no_reference	source_attested_model_accent
asx_gra_0c65684d3fc6_t01	asx_gra_0c65684d3fc6	1	B	grammar_example	gavină ů.	(He) is being good.	exact	gavină [H.L.L] | ů [H]	gavină [H.L.L] | ů [L]	gavină [lexical] | ů [lexical]	L%	none		no_reference	source_attested_model_accent
asx_gra_0c65684d3fc6_t02	asx_gra_0c65684d3fc6	2	B	grammar_example	gavină ů.	(He) is being good.	exact	gavină [H.L.L] | ů [H]	gavină [H.L.L] | ů [L]	gavină [lexical] | ů [lexical]	L%	none		no_reference	source_attested_model_accent
asx_gra_da04fcb43785_t01	asx_gra_da04fcb43785	1	B	grammar_example	to john bă shějýnshá zèxăhèshěsonů.	The teacher forced John to read.	exact	to [L] | john [H] | bă [L] | shějýnshá [L.H.L] | zèxăhèshěsonů [L.L.L.H.L.L]	to [H] | john [L] | bă [L] | shějýnshá [L.H.L] | zèxăhèshěsonů [L.L.L.H.L.L]	to [lexical] | john [lexical] | bă [lexical] | shějýnshá [lexical] | zèxăhèshěsonů [zè- (prefix) + xăhè- (prefix) + shěsonů (root)]	L%	none		no_reference	source_attested_model_accent
asx_gra_da04fcb43785_t02	asx_gra_da04fcb43785	2	B	grammar_example	to john bă shějýnshá zèxăhèshěsonů.	The teacher forced John to read.	exact	to [L] | john [H] | bă [L] | shějýnshá [L.H.L] | zèxăhèshěsonů [L.L.L.H.L.L]	to [H] | john [L] | bă [L] | shějýnshá [L.H.L] | zèxăhèshěsonů [L.L.L.H.L.L]	to [lexical] | john [lexical] | bă [lexical] | shějýnshá [lexical] | zèxăhèshěsonů [zè- (prefix) + xăhè- (prefix) + shěsonů (root)]	L%	none		no_reference	source_attested_model_accent
asx_gra_6c171dc99669_t01	asx_gra_6c171dc99669	1	B	grammar_example	to john bă shějýnshá zèbăhèshěsonů.	The teacher allowed John to read.	exact	to [L] | john [H] | bă [L] | shějýnshá [L.H.L] | zèbăhèshěsonů [L.L.L.H.L.L]	to [H] | john [L] | bă [L] | shějýnshá [L.H.L] | zèbăhèshěsonů [L.L.L.H.L.L]	to [lexical] | john [lexical] | bă [lexical] | shějýnshá [lexical] | zèbăhèshěsonů [zè- (prefix) + băhè- (prefix) + shěsonů (root)]	L%	none		no_reference	source_attested_model_accent
asx_gra_6c171dc99669_t02	asx_gra_6c171dc99669	2	B	grammar_example	to john bă shějýnshá zèbăhèshěsonů.	The teacher allowed John to read.	exact	to [L] | john [H] | bă [L] | shějýnshá [L.H.L] | zèbăhèshěsonů [L.L.L.H.L.L]	to [H] | john [L] | bă [L] | shějýnshá [L.H.L] | zèbăhèshěsonů [L.L.L.H.L.L]	to [lexical] | john [lexical] | bă [lexical] | shějýnshá [lexical] | zèbăhèshěsonů [zè- (prefix) + băhè- (prefix) + shěsonů (root)]	L%	none		no_reference	source_attested_model_accent
asx_gra_e1f268f5dbb3_t01	asx_gra_e1f268f5dbb3	1	B	grammar_example	to john bă shějýnshá zènáxăbăhèshěsonů.	The teacher prohibited John from reading.	exact	to [L] | john [H] | bă [L] | shějýnshá [L.H.L] | zènáxăbăhèshěsonů [L.L.L.L.L.H.L.L]	to [H] | john [L] | bă [L] | shějýnshá [L.H.L] | zènáxăbăhèshěsonů [L.L.L.L.L.H.L.L]	to [lexical] | john [lexical] | bă [lexical] | shějýnshá [lexical] | zènáxăbăhèshěsonů [zè- (prefix) + náxăbăhè- (prefix) + shěsonů (root)]	L%	none		no_reference	source_attested_model_accent
asx_gra_e1f268f5dbb3_t02	asx_gra_e1f268f5dbb3	2	B	grammar_example	to john bă shějýnshá zènáxăbăhèshěsonů.	The teacher prohibited John from reading.	exact	to [L] | john [H] | bă [L] | shějýnshá [L.H.L] | zènáxăbăhèshěsonů [L.L.L.L.L.H.L.L]	to [H] | john [L] | bă [L] | shějýnshá [L.H.L] | zènáxăbăhèshěsonů [L.L.L.L.L.H.L.L]	to [lexical] | john [lexical] | bă [lexical] | shějýnshá [lexical] | zènáxăbăhèshěsonů [zè- (prefix) + náxăbăhè- (prefix) + shěsonů (root)]	L%	none		no_reference	source_attested_model_accent
asx_gra_9b4b9d977bc8_t01	asx_gra_9b4b9d977bc8	1	B	grammar_example	to wo pashěsonů.	I will read.	exact	to [L] | wo [L] | pashěsonů [L.H.L.L]	to [H] | wo [L] | pashěsonů [L.H.L.L]	to [lexical] | wo [lexical] | pashěsonů [pa- (prefix) + shěsonů (root)]	L%	none		no_reference	source_attested_model_accent
asx_gra_9b4b9d977bc8_t02	asx_gra_9b4b9d977bc8	2	B	grammar_example	to wo pashěsonů.	I will read.	exact	to [L] | wo [L] | pashěsonů [L.H.L.L]	to [H] | wo [L] | pashěsonů [L.H.L.L]	to [lexical] | wo [lexical] | pashěsonů [pa- (prefix) + shěsonů (root)]	L%	none		no_reference	source_attested_model_accent
asx_gra_5752150ede22_t01	asx_gra_5752150ede22	1	B	grammar_example	john hùpashěsonů, dzè shěsokam hùzèchěcho'.	John was going to read, but the library had closed (already).	exact	john [H] | hùpashěsonů [L.L.H.L.L] | dzè [L] | shěsokam [H.L.L] | hùzèchěcho' [L.L.H.L]	john [H] | hùpashěsonů [L.L.H.L.L] | dzè [L] | shěsokam [H.L.L] | hùzèchěcho' [L.L.H.L]	john [lexical] | hùpashěsonů [hù- (prefix) + pa- (prefix) + shěsonů (root)] | dzè [lexical] | shěsokam [lexical] | hùzèchěcho' [hù- (prefix) + zè- (prefix) + chěcho' (root)]	L%	none		no_reference	source_attested_model_accent
asx_gra_5752150ede22_t02	asx_gra_5752150ede22	2	B	grammar_example	john hùpashěsonů, dzè shěsokam hùzèchěcho'.	John was going to read, but the library had closed (already).	exact	john [H] | hùpashěsonů [L.L.H.L.L] | dzè [L] | shěsokam [H.L.L] | hùzèchěcho' [L.L.H.L]	john [H] | hùpashěsonů [L.L.H.L.L] | dzè [L] | shěsokam [H.L.L] | hùzèchěcho' [L.L.H.L]	john [lexical] | hùpashěsonů [hù- (prefix) + pa- (prefix) + shěsonů (root)] | dzè [lexical] | shěsokam [lexical] | hùzèchěcho' [hù- (prefix) + zè- (prefix) + chěcho' (root)]	L%	none		no_reference	source_attested_model_accent
asx_gra_749aeb9545b6_t01	asx_gra_749aeb9545b6	1	B	grammar_example	to wo hùpaxoxo.	I was going to leave.	exact	to [L] | wo [L] | hùpaxoxo [L.L.H.L]	to [H] | wo [L] | hùpaxoxo [L.L.H.L]	to [lexical] | wo [lexical] | hùpaxoxo [hù- (prefix) + pa- (prefix) + xoxo (root)]	L%	none		no_reference	source_attested_model_accent
asx_gra_749aeb9545b6_t02	asx_gra_749aeb9545b6	2	B	grammar_example	to wo hùpaxoxo.	I was going to leave.	exact	to [L] | wo [L] | hùpaxoxo [L.L.H.L]	to [H] | wo [L] | hùpaxoxo [L.L.H.L]	to [lexical] | wo [lexical] | hùpaxoxo [hù- (prefix) + pa- (prefix) + xoxo (root)]	L%	none		no_reference	source_attested_model_accent
asx_gra_355aa1456b11_t01	asx_gra_355aa1456b11	1	B	grammar_example	to wo izozèshěsonů.	I used to read.	exact	to [L] | wo [L] | izozèshěsonů [H.L.L.L.L.L]	to [H] | wo [L] | izozèshěsonů [H.L.L.L.L.L]	to [lexical] | wo [lexical] | izozèshěsonů [lexical]	L%	none		no_reference	source_attested_model_accent
asx_gra_355aa1456b11_t02	asx_gra_355aa1456b11	2	B	grammar_example	to wo izozèshěsonů.	I used to read.	exact	to [L] | wo [L] | izozèshěsonů [H.L.L.L.L.L]	to [H] | wo [L] | izozèshěsonů [H.L.L.L.L.L]	to [lexical] | wo [lexical] | izozèshěsonů [lexical]	L%	none		no_reference	source_attested_model_accent
asx_gra_09e33c0e1604_t01	asx_gra_09e33c0e1604	1	B	grammar_example	ă wo mijůchů.	That is what I am feeling.	exact	ă [H] | wo [L] | mijůchů [L.L.L]	ă [H] | wo [L] | mijůchů [L.L.L]	ă [lexical] | wo [lexical] | mijůchů [mi- (prefix) + -j- (infix) + -ů (verbalizer) + -ch- (infix) + -ů (verbalizer)]	L%	none		no_reference	source_attested_model_accent
asx_gra_09e33c0e1604_t02	asx_gra_09e33c0e1604	2	B	grammar_example	ă wo mijůchů.	That is what I am feeling.	exact	ă [H] | wo [L] | mijůchů [L.L.L]	ă [H] | wo [L] | mijůchů [L.L.L]	ă [lexical] | wo [lexical] | mijůchů [mi- (prefix) + -j- (infix) + -ů (verbalizer) + -ch- (infix) + -ů (verbalizer)]	L%	none		no_reference	source_attested_model_accent
asx_gra_04771c039fb9_t01	asx_gra_04771c039fb9	1	B	grammar_example	to shěso john sèŕa.	The book belongs to John.	exact	to [L] | shěso [H.L] | john [H] | sèŕa [H.L]	to [H] | shěso [L.L] | john [H] | sèŕa [H.L]	to [lexical] | shěso [lexical] | john [lexical] | sèŕa [lexical]	L%	none		no_reference	source_attested_model_accent
asx_gra_04771c039fb9_t02	asx_gra_04771c039fb9	2	B	grammar_example	to shěso john sèŕa.	The book belongs to John.	exact	to [L] | shěso [H.L] | john [H] | sèŕa [H.L]	to [H] | shěso [L.L] | john [H] | sèŕa [H.L]	to [lexical] | shěso [lexical] | john [lexical] | sèŕa [lexical]	L%	none		no_reference	source_attested_model_accent
asx_gra_993304cfe20b_t01	asx_gra_993304cfe20b	1	B	grammar_example	to wo shěsokam izoŕa.	I am from the library.	exact	to [L] | wo [L] | shěsokam [H.L.L] | izoŕa [L.L.L]	to [H] | wo [L] | shěsokam [H.L.L] | izoŕa [L.L.L]	to [lexical] | wo [lexical] | shěsokam [lexical] | izoŕa [izo (function morpheme) + -ŕa (validity suffix)]	L%	none		no_reference	source_attested_model_accent
asx_gra_993304cfe20b_t02	asx_gra_993304cfe20b	2	B	grammar_example	to wo shěsokam izoŕa.	I am from the library.	exact	to [L] | wo [L] | shěsokam [H.L.L] | izoŕa [L.L.L]	to [H] | wo [L] | shěsokam [H.L.L] | izoŕa [L.L.L]	to [lexical] | wo [lexical] | shěsokam [lexical] | izoŕa [izo (function morpheme) + -ŕa (validity suffix)]	L%	none		no_reference	source_attested_model_accent
asx_gra_adaf0bfe89d4_t01	asx_gra_adaf0bfe89d4	1	B	grammar_example	to apo john dåŕa.	The apple is for John.	exact	to [L] | apo [H.L] | john [H] | dåŕa [H.L]	to [H] | apo [L.L] | john [H] | dåŕa [H.L]	to [lexical] | apo [lexical] | john [lexical] | dåŕa [lexical]	L%	none		no_reference	source_attested_model_accent
asx_gra_adaf0bfe89d4_t02	asx_gra_adaf0bfe89d4	2	B	grammar_example	to apo john dåŕa.	The apple is for John.	exact	to [L] | apo [H.L] | john [H] | dåŕa [H.L]	to [H] | apo [L.L] | john [H] | dåŕa [H.L]	to [lexical] | apo [lexical] | john [lexical] | dåŕa [lexical]	L%	none		no_reference	source_attested_model_accent
asx_gra_49c121536cd7_t01	asx_gra_49c121536cd7	1	B	grammar_example	to gaoshěso john násèŕa.	The blue book does not belong to John.	exact	to [L] | gaoshěso [L.H.L.L] | john [H] | násèŕa [H.L.L]	to [H] | gaoshěso [L.H.L.L] | john [H] | násèŕa [H.L.L]	to [lexical] | gaoshěso [ga- (compound prefix) + o (compound modifier) + shěso (compound head)] | john [lexical] | násèŕa [lexical]	L%	none		no_reference	source_attested_model_accent
asx_gra_49c121536cd7_t02	asx_gra_49c121536cd7	2	B	grammar_example	to gaoshěso john násèŕa.	The blue book does not belong to John.	exact	to [L] | gaoshěso [L.H.L.L] | john [H] | násèŕa [H.L.L]	to [H] | gaoshěso [L.H.L.L] | john [H] | násèŕa [H.L.L]	to [lexical] | gaoshěso [ga- (compound prefix) + o (compound modifier) + shěso (compound head)] | john [lexical] | násèŕa [lexical]	L%	none		no_reference	source_attested_model_accent
asx_gra_e3a12b578396_t01	asx_gra_e3a12b578396	1	B	grammar_example	wo gaŕo xăizoŕa.	I am absolutely from a city!	exact	wo [L] | gaŕo [L.H] | xăizoŕa [H.L.L.L]	wo [H] | gaŕo [L.H] | xăizoŕa [H.L.L.L]	wo [lexical] | gaŕo [lexical] | xăizoŕa [lexical]	L%	none		no_reference	source_attested_model_accent
asx_gra_e3a12b578396_t02	asx_gra_e3a12b578396	2	B	grammar_example	wo gaŕo xăizoŕa.	I am absolutely from a city!	exact	wo [L] | gaŕo [L.H] | xăizoŕa [H.L.L.L]	wo [H] | gaŕo [L.H] | xăizoŕa [H.L.L.L]	wo [lexical] | gaŕo [lexical] | xăizoŕa [lexical]	L%	none		no_reference	source_attested_model_accent
asx_gra_c4b33d846877_t01	asx_gra_c4b33d846877	1	B	grammar_example	apo gapo.	The apple (is) red.	exact	apo [H.L] | gapo [H.L]	apo [H.L] | gapo [H.L]	apo [lexical] | gapo [lexical]	L%	none		no_reference	source_attested_model_accent
asx_gra_c4b33d846877_t02	asx_gra_c4b33d846877	2	B	grammar_example	apo gapo.	The apple (is) red.	exact	apo [H.L] | gapo [H.L]	apo [H.L] | gapo [H.L]	apo [lexical] | gapo [lexical]	L%	none		no_reference	source_attested_model_accent
asx_gra_0ff6f10bcbfe_t01	asx_gra_0ff6f10bcbfe	1	B	grammar_example	john shánă.	John (is) wise/humane.	exact	john [H] | shánă [H.H]	john [H] | shánă [H.H]	john [lexical] | shánă [lexical]	L%	none		no_reference	source_attested_model_accent
asx_gra_0ff6f10bcbfe_t02	asx_gra_0ff6f10bcbfe	2	B	grammar_example	john shánă.	John (is) wise/humane.	exact	john [H] | shánă [H.H]	john [H] | shánă [H.H]	john [lexical] | shánă [lexical]	L%	none		no_reference	source_attested_model_accent
asx_gra_f06c590ce83d_t01	asx_gra_f06c590ce83d	1	B	grammar_example	to john gafůbåbå shá.	John is a muscleless person.	exact	to [L] | john [H] | gafůbåbå [L.H.L.L] | shá [H]	to [H] | john [L] | gafůbåbå [L.H.L.L] | shá [L]	to [lexical] | john [lexical] | gafůbåbå [lexical] | shá [lexical]	L%	none		no_reference	source_attested_model_accent
asx_gra_f06c590ce83d_t02	asx_gra_f06c590ce83d	2	B	grammar_example	to john gafůbåbå shá.	John is a muscleless person.	exact	to [L] | john [H] | gafůbåbå [L.H.L.L] | shá [H]	to [H] | john [L] | gafůbåbå [L.H.L.L] | shá [L]	to [lexical] | john [lexical] | gafůbåbå [lexical] | shá [lexical]	L%	none		no_reference	source_attested_model_accent
asx_gra_705390626b96_t01	asx_gra_705390626b96	1	B	grammar_example	to john hjihjină shá.	John is a petite person.	exact	to [L] | john [H] | hjihjină [H.L.L] | shá [H]	to [H] | john [L] | hjihjină [H.L.L] | shá [L]	to [lexical] | john [lexical] | hjihjină [lexical] | shá [lexical]	L%	none		no_reference	source_attested_model_accent
asx_gra_705390626b96_t02	asx_gra_705390626b96	2	B	grammar_example	to john hjihjină shá.	John is a petite person.	exact	to [L] | john [H] | hjihjină [H.L.L] | shá [H]	to [H] | john [L] | hjihjină [H.L.L] | shá [L]	to [lexical] | john [lexical] | hjihjină [lexical] | shá [lexical]	L%	none		no_reference	source_attested_model_accent
asx_gra_a631e7331f39_t01	asx_gra_a631e7331f39	1	B	grammar_example	to john gafůbåbå shá tte ŕima.	I think that John is a muscleless person.	exact	to [L] | john [H] | gafůbåbå [L.H.L.L] | shá [H] | tte [L.L] | ŕima [H.L]	to [H] | john [L] | gafůbåbå [L.H.L.L] | shá [H] | tte [L.L] | ŕima [H.L]	to [lexical] | john [lexical] | gafůbåbå [lexical] | shá [lexical] | tte [lexical] | ŕima [lexical]	L%	none		no_reference	source_attested_model_accent
asx_gra_a631e7331f39_t02	asx_gra_a631e7331f39	2	B	grammar_example	to john gafůbåbå shá tte ŕima.	I think that John is a muscleless person.	exact	to [L] | john [H] | gafůbåbå [L.H.L.L] | shá [H] | tte [L.L] | ŕima [H.L]	to [H] | john [L] | gafůbåbå [L.H.L.L] | shá [H] | tte [L.L] | ŕima [H.L]	to [lexical] | john [lexical] | gafůbåbå [lexical] | shá [lexical] | tte [lexical] | ŕima [lexical]	L%	none		no_reference	source_attested_model_accent
asx_gra_8b67c8422658_t01	asx_gra_8b67c8422658	1	B	grammar_example	to john dåni tom apa zèdao.	John gave apples to Tom.	exact	to [L] | john [H] | dåni [L.L] | tom [H] | apa [H.L] | zèdao [L.H.L]	to [H] | john [L] | dåni [L.L] | tom [H] | apa [H.L] | zèdao [L.H.L]	to [lexical] | john [lexical] | dåni [lexical] | tom [lexical] | apa [apo (root) + -a (plural)] | zèdao [zè- (prefix) + dao (root)]	L%	none		no_reference	source_attested_model_accent
asx_gra_8b67c8422658_t02	asx_gra_8b67c8422658	2	B	grammar_example	to john dåni tom apa zèdao.	John gave apples to Tom.	exact	to [L] | john [H] | dåni [L.L] | tom [H] | apa [H.L] | zèdao [L.H.L]	to [H] | john [L] | dåni [L.L] | tom [H] | apa [H.L] | zèdao [L.H.L]	to [lexical] | john [lexical] | dåni [lexical] | tom [lexical] | apa [apo (root) + -a (plural)] | zèdao [zè- (prefix) + dao (root)]	L%	none		no_reference	source_attested_model_accent
asx_gra_9794dc5e63be_t01	asx_gra_9794dc5e63be	1	B	grammar_example	john ja tom dåni jýnma jágoma zèdao.	John and Tom gave the hyenas blueberries.	exact	john [H] | ja [L] | tom [H] | dåni [L.L] | jýnma [H.H] | jágoma [H.L.L] | zèdao [L.H.L]	john [H] | ja [L] | tom [H] | dåni [L.L] | jýnma [H.H] | jágoma [H.L.L] | zèdao [L.H.L]	john [lexical] | ja [lexical] | tom [lexical] | dåni [lexical] | jýnma [jýn (root) + -ma (plural suffix)] | jágoma [jágo (root) + -ma (plural suffix)] | zèdao [zè- (prefix) + dao (root)]	L%	none		no_reference	source_attested_model_accent
asx_gra_9794dc5e63be_t02	asx_gra_9794dc5e63be	2	B	grammar_example	john ja tom dåni jýnma jágoma zèdao.	John and Tom gave the hyenas blueberries.	exact	john [H] | ja [L] | tom [H] | dåni [L.L] | jýnma [H.H] | jágoma [H.L.L] | zèdao [L.H.L]	john [H] | ja [L] | tom [H] | dåni [L.L] | jýnma [H.H] | jágoma [H.L.L] | zèdao [L.H.L]	john [lexical] | ja [lexical] | tom [lexical] | dåni [lexical] | jýnma [jýn (root) + -ma (plural suffix)] | jágoma [jágo (root) + -ma (plural suffix)] | zèdao [zè- (prefix) + dao (root)]	L%	none		no_reference	source_attested_model_accent
asx_gra_2610384ce1d6_t01	asx_gra_2610384ce1d6	1	B	grammar_example	to john dåni tom, jerry ja barry apa zèdao.	John gave apples to Tom, Jerry, and Barry.	exact	to [L] | john [H] | dåni [L.L] | tom [H] | jerry [H.L] | ja [L] | barry [H.L] | apa [H.L] | zèdao [L.H.L]	to [H] | john [L] | dåni [L.L] | tom [H] | jerry [H.L] | ja [L] | barry [H.L] | apa [H.L] | zèdao [L.H.L]	to [lexical] | john [lexical] | dåni [lexical] | tom [lexical] | jerry [lexical] | ja [lexical] | barry [lexical] | apa [apo (root) + -a (plural)] | zèdao [zè- (prefix) + dao (root)]	L%	none		no_reference	source_attested_model_accent
asx_gra_2610384ce1d6_t02	asx_gra_2610384ce1d6	2	B	grammar_example	to john dåni tom, jerry ja barry apa zèdao.	John gave apples to Tom, Jerry, and Barry.	exact	to [L] | john [H] | dåni [L.L] | tom [H] | jerry [H.L] | ja [L] | barry [H.L] | apa [H.L] | zèdao [L.H.L]	to [H] | john [L] | dåni [L.L] | tom [H] | jerry [H.L] | ja [L] | barry [H.L] | apa [H.L] | zèdao [L.H.L]	to [lexical] | john [lexical] | dåni [lexical] | tom [lexical] | jerry [lexical] | ja [lexical] | barry [lexical] | apa [apo (root) + -a (plural)] | zèdao [zè- (prefix) + dao (root)]	L%	none		no_reference	source_attested_model_accent
asx_gra_ad8a73e5a02a_t01	asx_gra_ad8a73e5a02a	1	B	grammar_example	to john dåni tom apa ja jága zèdao.	John gave Tom apples and blueberries.	exact	to [L] | john [H] | dåni [L.L] | tom [H] | apa [H.L] | ja [L] | jága [H.L] | zèdao [L.H.L]	to [H] | john [L] | dåni [L.L] | tom [H] | apa [H.L] | ja [L] | jága [H.L] | zèdao [L.H.L]	to [lexical] | john [lexical] | dåni [lexical] | tom [lexical] | apa [apo (root) + -a (plural)] | ja [lexical] | jága [jágo (root) + -a (plural)] | zèdao [zè- (prefix) + dao (root)]	L%	none		no_reference	source_attested_model_accent
asx_gra_ad8a73e5a02a_t02	asx_gra_ad8a73e5a02a	2	B	grammar_example	to john dåni tom apa ja jága zèdao.	John gave Tom apples and blueberries.	exact	to [L] | john [H] | dåni [L.L] | tom [H] | apa [H.L] | ja [L] | jága [H.L] | zèdao [L.H.L]	to [H] | john [L] | dåni [L.L] | tom [H] | apa [H.L] | ja [L] | jága [H.L] | zèdao [L.H.L]	to [lexical] | john [lexical] | dåni [lexical] | tom [lexical] | apa [apo (root) + -a (plural)] | ja [lexical] | jága [jágo (root) + -a (plural)] | zèdao [zè- (prefix) + dao (root)]	L%	none		no_reference	source_attested_model_accent
asx_gra_9a4afc14e80d_t01	asx_gra_9a4afc14e80d	1	B	grammar_example	to wo aśù dzè, haśùná.	I walk, but I do not run.	exact	to [L] | wo [L] | aśù [H.L] | dzè [L] | haśùná [L.H.H]	to [H] | wo [L] | aśù [H.L] | dzè [L] | haśùná [L.H.H]	to [lexical] | wo [lexical] | aśù [lexical] | dzè [lexical] | haśùná [haśù (root) + ná (dominant suffix)]	L%	none		no_reference	source_attested_model_accent
asx_gra_9a4afc14e80d_t02	asx_gra_9a4afc14e80d	2	B	grammar_example	to wo aśù dzè, haśùná.	I walk, but I do not run.	exact	to [L] | wo [L] | aśù [H.L] | dzè [L] | haśùná [L.H.H]	to [H] | wo [L] | aśù [H.L] | dzè [L] | haśùná [L.H.H]	to [lexical] | wo [lexical] | aśù [lexical] | dzè [lexical] | haśùná [haśù (root) + ná (dominant suffix)]	L%	none		no_reference	source_attested_model_accent
asx_gra_0b8028a39623_t01	asx_gra_0b8028a39623	1	B	grammar_example	sèwo topo toponů, ninå wo shěsonů.	Since it is raining, therefore I read.	exact	sèwo [L.L] | topo [H.L] | toponů [H.L.L] | ninå [L.L] | wo [L] | shěsonů [H.L.L]	sèwo [H.L] | topo [H.L] | toponů [H.L.L] | ninå [L.L] | wo [L] | shěsonů [H.L.L]	sèwo [lexical] | topo [lexical] | toponů [lexical] | ninå [lexical] | wo [lexical] | shěsonů [lexical]	L%	none		no_reference	source_attested_model_accent
asx_gra_0b8028a39623_t02	asx_gra_0b8028a39623	2	B	grammar_example	sèwo topo toponů, ninå wo shěsonů.	Since it is raining, therefore I read.	exact	sèwo [L.L] | topo [H.L] | toponů [H.L.L] | ninå [L.L] | wo [L] | shěsonů [H.L.L]	sèwo [H.L] | topo [H.L] | toponů [H.L.L] | ninå [L.L] | wo [L] | shěsonů [H.L.L]	sèwo [lexical] | topo [lexical] | toponů [lexical] | ninå [lexical] | wo [lexical] | shěsonů [lexical]	L%	none		no_reference	source_attested_model_accent
asx_gra_cfe0e0a922ff_t01	asx_gra_cfe0e0a922ff	1	B	grammar_example	to wo haśù sèni, to wo aśùná.	I run, so I do not walk.	exact	to [L] | wo [L] | haśù [L.H] | sèni [L.L] | to [L] | wo [L] | aśùná [H.L.H]	to [H] | wo [L] | haśù [L.H] | sèni [L.L] | to [L] | wo [L] | aśùná [H.L.L]	to [lexical] | wo [lexical] | haśù [lexical] | sèni [lexical] | to [lexical] | wo [lexical] | aśùná [aśù (root) + ná (dominant suffix)]	L%	none		no_reference	source_attested_model_accent
asx_gra_cfe0e0a922ff_t02	asx_gra_cfe0e0a922ff	2	B	grammar_example	to wo haśù sèni, to wo aśùná.	I run, so I do not walk.	exact	to [L] | wo [L] | haśù [L.H] | sèni [L.L] | to [L] | wo [L] | aśùná [H.L.H]	to [H] | wo [L] | haśù [L.H] | sèni [L.L] | to [L] | wo [L] | aśùná [H.L.L]	to [lexical] | wo [lexical] | haśù [lexical] | sèni [lexical] | to [lexical] | wo [lexical] | aśùná [aśù (root) + ná (dominant suffix)]	L%	none		no_reference	source_attested_model_accent
asx_gra_da679104b053_t01	asx_gra_da679104b053	1	B	grammar_example	to wo nanå shěsonů.	I often read.	exact	to [L] | wo [L] | nanå [L.L] | shěsonů [H.L.L]	to [H] | wo [L] | nanå [L.L] | shěsonů [H.L.L]	to [lexical] | wo [lexical] | nanå [lexical] | shěsonů [lexical]	L%	none		no_reference	source_attested_model_accent
asx_gra_da679104b053_t02	asx_gra_da679104b053	2	B	grammar_example	to wo nanå shěsonů.	I often read.	exact	to [L] | wo [L] | nanå [L.L] | shěsonů [H.L.L]	to [H] | wo [L] | nanå [L.L] | shěsonů [H.L.L]	to [lexical] | wo [lexical] | nanå [lexical] | shěsonů [lexical]	L%	none		no_reference	source_attested_model_accent
asx_gra_6f7dc385b8d4_t01	asx_gra_6f7dc385b8d4	1	B	grammar_example	to wo nåsi shěsonů.	I never read.	exact	to [L] | wo [L] | nåsi [L.L] | shěsonů [H.L.L]	to [H] | wo [L] | nåsi [L.L] | shěsonů [H.L.L]	to [lexical] | wo [lexical] | nåsi [lexical] | shěsonů [lexical]	L%	none		no_reference	source_attested_model_accent
asx_gra_6f7dc385b8d4_t02	asx_gra_6f7dc385b8d4	2	B	grammar_example	to wo nåsi shěsonů.	I never read.	exact	to [L] | wo [L] | nåsi [L.L] | shěsonů [H.L.L]	to [H] | wo [L] | nåsi [L.L] | shěsonů [H.L.L]	to [lexical] | wo [lexical] | nåsi [lexical] | shěsonů [lexical]	L%	none		no_reference	source_attested_model_accent
asx_gra_02dd44145d9d_t01	asx_gra_02dd44145d9d	1	B	grammar_example	to wo opùnå shěso shěsonů.	I usually read books.	exact	to [L] | wo [L] | opùnå [L.L.L] | shěso [H.L] | shěsonů [H.L.L]	to [H] | wo [L] | opùnå [L.L.L] | shěso [H.L] | shěsonů [H.L.L]	to [lexical] | wo [lexical] | opùnå [lexical] | shěso [lexical] | shěsonů [lexical]	L%	none		no_reference	source_attested_model_accent
asx_gra_02dd44145d9d_t02	asx_gra_02dd44145d9d	2	B	grammar_example	to wo opùnå shěso shěsonů.	I usually read books.	exact	to [L] | wo [L] | opùnå [L.L.L] | shěso [H.L] | shěsonů [H.L.L]	to [H] | wo [L] | opùnå [L.L.L] | shěso [H.L] | shěsonů [H.L.L]	to [lexical] | wo [lexical] | opùnå [lexical] | shěso [lexical] | shěsonů [lexical]	L%	none		no_reference	source_attested_model_accent
asx_gra_329a9f7a331f_t01	asx_gra_329a9f7a331f	1	B	grammar_example	tom gajýnnshá niŕa.	Tom becomes a were-hyena.	exact	tom [H] | gajýnnshá [L.L.L.H] | niŕa [H.H]	tom [H] | gajýnnshá [L.L.L.H] | niŕa [H.H]	tom [lexical] | gajýnnshá [lexical] | niŕa [lexical]	L%	none		no_reference	source_attested_model_accent
asx_gra_329a9f7a331f_t02	asx_gra_329a9f7a331f	2	B	grammar_example	tom gajýnnshá niŕa.	Tom becomes a were-hyena.	exact	tom [H] | gajýnnshá [L.L.L.H] | niŕa [H.H]	tom [H] | gajýnnshá [L.L.L.H] | niŕa [H.H]	tom [lexical] | gajýnnshá [lexical] | niŕa [lexical]	L%	none		no_reference	source_attested_model_accent
asx_gra_f506bd8cf597_t01	asx_gra_f506bd8cf597	1	B	grammar_example	to shosa siŕo niŕa.	The road leads to the unknown.	exact	to [L] | shosa [H.L] | siŕo [H.H] | niŕa [H.H]	to [H] | shosa [L.L] | siŕo [H.H] | niŕa [H.H]	to [lexical] | shosa [lexical] | siŕo [lexical] | niŕa [lexical]	L%	none		no_reference	source_attested_model_accent
asx_gra_f506bd8cf597_t02	asx_gra_f506bd8cf597	2	B	grammar_example	to shosa siŕo niŕa.	The road leads to the unknown.	exact	to [L] | shosa [H.L] | siŕo [H.H] | niŕa [H.H]	to [H] | shosa [L.L] | siŕo [H.H] | niŕa [H.H]	to [lexical] | shosa [lexical] | siŕo [lexical] | niŕa [lexical]	L%	none		no_reference	source_attested_model_accent
asx_gra_088b11b9d1ab_t01	asx_gra_088b11b9d1ab	1	B	grammar_example	to wo gaŕo izoŕa.	I am from the city.	exact	to [L] | wo [L] | gaŕo [L.H] | izoŕa [L.L.L]	to [H] | wo [L] | gaŕo [L.H] | izoŕa [L.L.L]	to [lexical] | wo [lexical] | gaŕo [lexical] | izoŕa [izo (function morpheme) + -ŕa (validity suffix)]	L%	none		no_reference	source_attested_model_accent
asx_gra_088b11b9d1ab_t02	asx_gra_088b11b9d1ab	2	B	grammar_example	to wo gaŕo izoŕa.	I am from the city.	exact	to [L] | wo [L] | gaŕo [L.H] | izoŕa [L.L.L]	to [H] | wo [L] | gaŕo [L.H] | izoŕa [L.L.L]	to [lexical] | wo [lexical] | gaŕo [lexical] | izoŕa [izo (function morpheme) + -ŕa (validity suffix)]	L%	none		no_reference	source_attested_model_accent
asx_gra_789d86648120_t01	asx_gra_789d86648120	1	B	grammar_example	to mao o záŕa.	The moon belongs with the sky.	exact	to [L] | mao [H.L] | o [H] | záŕa [L.L]	to [H] | mao [L.L] | o [H] | záŕa [L.L]	to [lexical] | mao [lexical] | o [lexical] | záŕa [zá (function morpheme) + -ŕa (validity suffix)]	L%	none		no_reference	source_attested_model_accent
asx_gra_789d86648120_t02	asx_gra_789d86648120	2	B	grammar_example	to mao o záŕa.	The moon belongs with the sky.	exact	to [L] | mao [H.L] | o [H] | záŕa [L.L]	to [H] | mao [L.L] | o [H] | záŕa [L.L]	to [lexical] | mao [lexical] | o [lexical] | záŕa [zá (function morpheme) + -ŕa (validity suffix)]	L%	none		no_reference	source_attested_model_accent
asx_gra_377b171310d0_t01	asx_gra_377b171310d0	1	B	grammar_example	to å shěsonů pwo måmåŕa.	Reading time lasts until tomorrow.	exact	to [L] | å [H] | shěsonů [H.L.L] | pwo [H] | måmåŕa [H.L.L]	to [H] | å [L] | shěsonů [H.L.L] | pwo [H] | måmåŕa [H.L.L]	to [lexical] | å [lexical] | shěsonů [lexical] | pwo [lexical] | måmåŕa [måmå (root) + -ŕa (validity suffix)]	L%	none		no_reference	source_attested_model_accent
asx_gra_377b171310d0_t02	asx_gra_377b171310d0	2	B	grammar_example	to å shěsonů pwo måmåŕa.	Reading time lasts until tomorrow.	exact	to [L] | å [H] | shěsonů [H.L.L] | pwo [H] | måmåŕa [H.L.L]	to [H] | å [L] | shěsonů [H.L.L] | pwo [H] | måmåŕa [H.L.L]	to [lexical] | å [lexical] | shěsonů [lexical] | pwo [lexical] | måmåŕa [måmå (root) + -ŕa (validity suffix)]	L%	none		no_reference	source_attested_model_accent
asx_gra_821d27d014bb_t01	asx_gra_821d27d014bb	1	B	grammar_example	mao xăsiŕo vaŕa.	The moon is (contained) in outer space.	exact	mao [H.L] | xăsiŕo [H.H.H] | vaŕa [L.L]	mao [H.L] | xăsiŕo [H.H.H] | vaŕa [L.L]	mao [lexical] | xăsiŕo [lexical] | vaŕa [va- (prefix) + -ŕa (validity suffix)]	L%	none		no_reference	source_attested_model_accent
asx_gra_821d27d014bb_t02	asx_gra_821d27d014bb	2	B	grammar_example	mao xăsiŕo vaŕa.	The moon is (contained) in outer space.	exact	mao [H.L] | xăsiŕo [H.H.H] | vaŕa [L.L]	mao [H.L] | xăsiŕo [H.H.H] | vaŕa [L.L]	mao [lexical] | xăsiŕo [lexical] | vaŕa [va- (prefix) + -ŕa (validity suffix)]	L%	none		no_reference	source_attested_model_accent
asx_gra_53188ea6ad53_t01	asx_gra_53188ea6ad53	1	B	grammar_example	dăŕobiwa sè simama ksùŕa sèŕa ken.	Bays can belong to islands' coasts.	exact	dăŕobiwa [H.L.L.L] | sè [L] | simama [H.H.L] | ksùŕa [L.H] | sèŕa [H.L] | ken [L]	dăŕobiwa [H.L.L.L] | sè [L] | simama [H.H.L] | ksùŕa [L.H] | sèŕa [H.L] | ken [L]	dăŕobiwa [dăŕobi (root) + -wa (plural)] | sè [lexical] | simama [sima (root) + -ma (plural)] | ksùŕa [ksùŕo (root) + -a (plural)] | sèŕa [lexical] | ken [lexical]	L%	none		no_reference	source_attested_model_accent
asx_gra_53188ea6ad53_t02	asx_gra_53188ea6ad53	2	B	grammar_example	dăŕobiwa sè simama ksùŕa sèŕa ken.	Bays can belong to islands' coasts.	exact	dăŕobiwa [H.L.L.L] | sè [L] | simama [H.H.L] | ksùŕa [L.H] | sèŕa [H.L] | ken [L]	dăŕobiwa [H.L.L.L] | sè [L] | simama [H.H.L] | ksùŕa [L.H] | sèŕa [H.L] | ken [L]	dăŕobiwa [dăŕobi (root) + -wa (plural)] | sè [lexical] | simama [sima (root) + -ma (plural)] | ksùŕa [ksùŕo (root) + -a (plural)] | sèŕa [lexical] | ken [lexical]	L%	none		no_reference	source_attested_model_accent
asx_gra_8dc847be3470_t01	asx_gra_8dc847be3470	1	B	grammar_example	toonýj shěso no-gă ỏnů.	The book is around there.	exact	toonýj [H.L.L] | shěso [H.L] | no [L] | gă [H] | ỏnů [H.L]	toonýj [H.L.L] | shěso [H.L] | no [L] | gă [H] | ỏnů [H.L]	toonýj [lexical] | shěso [lexical] | no [lexical] | gă [lexical] | ỏnů [lexical]	L%	none		no_reference	source_attested_model_accent
asx_gra_8dc847be3470_t02	asx_gra_8dc847be3470	2	B	grammar_example	toonýj shěso no-gă ỏnů.	The book is around there.	exact	toonýj [H.L.L] | shěso [H.L] | no [L] | gă [H] | ỏnů [H.L]	toonýj [H.L.L] | shěso [H.L] | no [L] | gă [H] | ỏnů [H.L]	toonýj [lexical] | shěso [lexical] | no [lexical] | gă [lexical] | ỏnů [lexical]	L%	none		no_reference	source_attested_model_accent
asx_gra_bf1d36b47c05_t01	asx_gra_bf1d36b47c05	1	B	grammar_example	to shěso o-xiŕa.	The book is here.	exact	to [L] | shěso [H.L] | o [H] | xiŕa [L.L]	to [H] | shěso [L.L] | o [H] | xiŕa [L.L]	to [lexical] | shěso [lexical] | o [lexical] | xiŕa [lexical]	L%	none		no_reference	source_attested_model_accent
asx_gra_bf1d36b47c05_t02	asx_gra_bf1d36b47c05	2	B	grammar_example	to shěso o-xiŕa.	The book is here.	exact	to [L] | shěso [H.L] | o [H] | xiŕa [L.L]	to [H] | shěso [L.L] | o [H] | xiŕa [L.L]	to [lexical] | shěso [lexical] | o [lexical] | xiŕa [lexical]	L%	none		no_reference	source_attested_model_accent
asx_gra_d2277069f722_t01	asx_gra_d2277069f722	1	B	grammar_example	mao xaŕa.	The moon is above.	exact	mao [H.L] | xaŕa [L.H]	mao [H.L] | xaŕa [L.L]	mao [lexical] | xaŕa [xa- (prefix) + ŕo (root) + -a (plural)]	L%	none		no_reference	source_attested_model_accent
asx_gra_d2277069f722_t02	asx_gra_d2277069f722	2	B	grammar_example	mao xaŕa.	The moon is above.	exact	mao [H.L] | xaŕa [L.H]	mao [H.L] | xaŕa [L.L]	mao [lexical] | xaŕa [xa- (prefix) + ŕo (root) + -a (plural)]	L%	none		no_reference	source_attested_model_accent
asx_gra_4a17c24e7e1c_t01	asx_gra_4a17c24e7e1c	1	B	grammar_example	john shějýnshá zènèŕa.	John was not a teacher.	exact	john [H] | shějýnshá [L.H.L] | zènèŕa [H.L.L]	john [H] | shějýnshá [L.H.L] | zènèŕa [H.L.L]	john [lexical] | shějýnshá [lexical] | zènèŕa [lexical]	L%	none		no_reference	source_attested_model_accent
asx_gra_4a17c24e7e1c_t02	asx_gra_4a17c24e7e1c	2	B	grammar_example	john shějýnshá zènèŕa.	John was not a teacher.	exact	john [H] | shějýnshá [L.H.L] | zènèŕa [H.L.L]	john [H] | shějýnshá [L.H.L] | zènèŕa [H.L.L]	john [lexical] | shějýnshá [lexical] | zènèŕa [lexical]	L%	none		no_reference	source_attested_model_accent
asx_gra_9d19892d215b_t01	asx_gra_9d19892d215b	1	B	grammar_example	to shosa siŕo ni.	The road (is) towards the unknown.	exact	to [L] | shosa [H.L] | siŕo [H.H] | ni [L]	to [H] | shosa [L.L] | siŕo [H.H] | ni [L]	to [lexical] | shosa [lexical] | siŕo [lexical] | ni [lexical]	L%	none		no_reference	source_attested_model_accent
asx_gra_9d19892d215b_t02	asx_gra_9d19892d215b	2	B	grammar_example	to shosa siŕo ni.	The road (is) towards the unknown.	exact	to [L] | shosa [H.L] | siŕo [H.H] | ni [L]	to [H] | shosa [L.L] | siŕo [H.H] | ni [L]	to [lexical] | shosa [lexical] | siŕo [lexical] | ni [lexical]	L%	none		no_reference	source_attested_model_accent
asx_gra_00da1fc156ee_t01	asx_gra_00da1fc156ee	1	B	grammar_example	to shosa ni siŕo.	The road (is) to the unknown.	exact	to [L] | shosa [H.L] | ni [L] | siŕo [H.H]	to [H] | shosa [L.L] | ni [L] | siŕo [H.H]	to [lexical] | shosa [lexical] | ni [lexical] | siŕo [lexical]	L%	none		no_reference	source_attested_model_accent
asx_gra_00da1fc156ee_t02	asx_gra_00da1fc156ee	2	B	grammar_example	to shosa ni siŕo.	The road (is) to the unknown.	exact	to [L] | shosa [H.L] | ni [L] | siŕo [H.H]	to [H] | shosa [L.L] | ni [L] | siŕo [H.H]	to [lexical] | shosa [lexical] | ni [lexical] | siŕo [lexical]	L%	none		no_reference	source_attested_model_accent
asx_gra_0224e54e383d_t01	asx_gra_0224e54e383d	1	B	grammar_example	to shěso sè john.	The book is with/of John.	exact	to [L] | shěso [H.L] | sè [L] | john [H]	to [H] | shěso [L.L] | sè [L] | john [L]	to [lexical] | shěso [lexical] | sè [lexical] | john [lexical]	L%	none		no_reference	source_attested_model_accent
asx_gra_0224e54e383d_t02	asx_gra_0224e54e383d	2	B	grammar_example	to shěso sè john.	The book is with/of John.	exact	to [L] | shěso [H.L] | sè [L] | john [H]	to [H] | shěso [L.L] | sè [L] | john [L]	to [lexical] | shěso [lexical] | sè [lexical] | john [lexical]	L%	none		no_reference	source_attested_model_accent
asx_gra_44b0265261c9_t01	asx_gra_44b0265261c9	1	B	grammar_example	to kjèkiŕo john dåŕa.	The axe is intended for John.	exact	to [L] | kjèkiŕo [H.L.L] | john [H] | dåŕa [H.L]	to [H] | kjèkiŕo [L.L.L] | john [H] | dåŕa [H.L]	to [lexical] | kjèkiŕo [lexical] | john [lexical] | dåŕa [lexical]	L%	none		no_reference	source_attested_model_accent
asx_gra_44b0265261c9_t02	asx_gra_44b0265261c9	2	B	grammar_example	to kjèkiŕo john dåŕa.	The axe is intended for John.	exact	to [L] | kjèkiŕo [H.L.L] | john [H] | dåŕa [H.L]	to [H] | kjèkiŕo [L.L.L] | john [H] | dåŕa [H.L]	to [lexical] | kjèkiŕo [lexical] | john [lexical] | dåŕa [lexical]	L%	none		no_reference	source_attested_model_accent
asx_gra_245f6944e8fa_t01	asx_gra_245f6944e8fa	1	B	grammar_example	to kjèkiŕo då john.	The axe (is) for John.	exact	to [L] | kjèkiŕo [H.L.L] | då [L] | john [H]	to [H] | kjèkiŕo [L.L.L] | då [L] | john [L]	to [lexical] | kjèkiŕo [lexical] | då [lexical] | john [lexical]	L%	none		no_reference	source_attested_model_accent
asx_gra_245f6944e8fa_t02	asx_gra_245f6944e8fa	2	B	grammar_example	to kjèkiŕo då john.	The axe (is) for John.	exact	to [L] | kjèkiŕo [H.L.L] | då [L] | john [H]	to [H] | kjèkiŕo [L.L.L] | då [L] | john [L]	to [lexical] | kjèkiŕo [lexical] | då [lexical] | john [lexical]	L%	none		no_reference	source_attested_model_accent
asx_gra_5663d79aed73_t01	asx_gra_5663d79aed73	1	B	grammar_example	to john gaŕo izoŕa.	John originates from the city.	exact	to [L] | john [H] | gaŕo [L.H] | izoŕa [L.L.L]	to [H] | john [L] | gaŕo [L.H] | izoŕa [L.L.L]	to [lexical] | john [lexical] | gaŕo [lexical] | izoŕa [izo (function morpheme) + -ŕa (validity suffix)]	L%	none		no_reference	source_attested_model_accent
asx_gra_5663d79aed73_t02	asx_gra_5663d79aed73	2	B	grammar_example	to john gaŕo izoŕa.	John originates from the city.	exact	to [L] | john [H] | gaŕo [L.H] | izoŕa [L.L.L]	to [H] | john [L] | gaŕo [L.H] | izoŕa [L.L.L]	to [lexical] | john [lexical] | gaŕo [lexical] | izoŕa [izo (function morpheme) + -ŕa (validity suffix)]	L%	none		no_reference	source_attested_model_accent
asx_gra_011581e795bf_t01	asx_gra_011581e795bf	1	B	grammar_example	to john izo gaŕo.	John (is) from the city.	exact	to [L] | john [H] | izo [L.L] | gaŕo [L.H]	to [H] | john [L] | izo [L.L] | gaŕo [L.L]	to [lexical] | john [lexical] | izo [lexical] | gaŕo [lexical]	L%	none		no_reference	source_attested_model_accent
asx_gra_011581e795bf_t02	asx_gra_011581e795bf	2	B	grammar_example	to john izo gaŕo.	John (is) from the city.	exact	to [L] | john [H] | izo [L.L] | gaŕo [L.H]	to [H] | john [L] | izo [L.L] | gaŕo [L.L]	to [lexical] | john [lexical] | izo [lexical] | gaŕo [lexical]	L%	none		no_reference	source_attested_model_accent
asx_gra_9fabab0d8af2_t01	asx_gra_9fabab0d8af2	1	B	grammar_example	to mao zá o.	The moon (is) with the sky.	exact	to [L] | mao [H.L] | zá [L] | o [H]	to [H] | mao [L.L] | zá [L] | o [L]	to [lexical] | mao [lexical] | zá [lexical] | o [lexical]	L%	none		no_reference	source_attested_model_accent
asx_gra_9fabab0d8af2_t02	asx_gra_9fabab0d8af2	2	B	grammar_example	to mao zá o.	The moon (is) with the sky.	exact	to [L] | mao [H.L] | zá [L] | o [H]	to [H] | mao [L.L] | zá [L] | o [L]	to [lexical] | mao [lexical] | zá [lexical] | o [lexical]	L%	none		no_reference	source_attested_model_accent
asx_gra_0d2f694d01b7_t01	asx_gra_0d2f694d01b7	1	B	grammar_example	to wo jåshěsonů.	I want to read.	exact	to [L] | wo [L] | jåshěsonů [L.H.L.L]	to [H] | wo [L] | jåshěsonů [L.H.L.L]	to [lexical] | wo [lexical] | jåshěsonů [jå- (prefix) + shěsonů (root)]	L%	none		no_reference	source_attested_model_accent
asx_gra_0d2f694d01b7_t02	asx_gra_0d2f694d01b7	2	B	grammar_example	to wo jåshěsonů.	I want to read.	exact	to [L] | wo [L] | jåshěsonů [L.H.L.L]	to [H] | wo [L] | jåshěsonů [L.H.L.L]	to [lexical] | wo [lexical] | jåshěsonů [jå- (prefix) + shěsonů (root)]	L%	none		no_reference	source_attested_model_accent
asx_gra_9ee09b1316b1_t01	asx_gra_9ee09b1316b1	1	B	grammar_example	to wo zènájåijo.	I did not want to see.	exact	to [L] | wo [L] | zènájåijo [L.H.L.H.L]	to [H] | wo [L] | zènájåijo [L.H.L.H.L]	to [lexical] | wo [lexical] | zènájåijo [zè- (prefix) + ná (dominant prefix) + jå- (prefix) + ijo (root)]	L%	none		no_reference	source_attested_model_accent
asx_gra_9ee09b1316b1_t02	asx_gra_9ee09b1316b1	2	B	grammar_example	to wo zènájåijo.	I did not want to see.	exact	to [L] | wo [L] | zènájåijo [L.H.L.H.L]	to [H] | wo [L] | zènájåijo [L.H.L.H.L]	to [lexical] | wo [lexical] | zènájåijo [zè- (prefix) + ná (dominant prefix) + jå- (prefix) + ijo (root)]	L%	none		no_reference	source_attested_model_accent
asx_gra_fd732def0d78_t01	asx_gra_fd732def0d78	1	B	grammar_example	to wo xèshěsonů.	I try to read.	exact	to [L] | wo [L] | xèshěsonů [L.H.L.L]	to [H] | wo [L] | xèshěsonů [L.H.L.L]	to [lexical] | wo [lexical] | xèshěsonů [xè- (prefix) + shěsonů (root)]	L%	none		no_reference	source_attested_model_accent
asx_gra_fd732def0d78_t02	asx_gra_fd732def0d78	2	B	grammar_example	to wo xèshěsonů.	I try to read.	exact	to [L] | wo [L] | xèshěsonů [L.H.L.L]	to [H] | wo [L] | xèshěsonů [L.H.L.L]	to [lexical] | wo [lexical] | xèshěsonů [xè- (prefix) + shěsonů (root)]	L%	none		no_reference	source_attested_model_accent
asx_gra_2c90f153631c_t01	asx_gra_2c90f153631c	1	B	grammar_example	to wo paxèhaśù.	I will try to run.	exact	to [L] | wo [L] | paxèhaśù [L.L.L.H]	to [H] | wo [L] | paxèhaśù [L.L.L.L]	to [lexical] | wo [lexical] | paxèhaśù [pa- (prefix) + xè- (prefix) + haśù (root)]	L%	none		no_reference	source_attested_model_accent
asx_gra_2c90f153631c_t02	asx_gra_2c90f153631c	2	B	grammar_example	to wo paxèhaśù.	I will try to run.	exact	to [L] | wo [L] | paxèhaśù [L.L.L.H]	to [H] | wo [L] | paxèhaśù [L.L.L.L]	to [lexical] | wo [lexical] | paxèhaśù [pa- (prefix) + xè- (prefix) + haśù (root)]	L%	none		no_reference	source_attested_model_accent
asx_gra_a9f0d3814e3a_t01	asx_gra_a9f0d3814e3a	1	B	grammar_example	wo ksá cè kkè?	How do I know?!	exact	wo [L] | ksá [H] | cè [H] | kkè [L.L]	wo [L] | ksá [H] | cè [H] | kkè [L.L]	wo [lexical] | ksá [lexical] | cè [lexical] | kkè [lexical]	LH%	none		no_reference	source_attested_model_accent
asx_gra_a9f0d3814e3a_t02	asx_gra_a9f0d3814e3a	2	B	grammar_example	wo ksá cè kkè?	How do I know?!	exact	wo [L] | ksá [H] | cè [H] | kkè [L.L]	wo [L] | ksá [H] | cè [H] | kkè [L.L]	wo [lexical] | ksá [lexical] | cè [lexical] | kkè [lexical]	LH%	none		no_reference	source_attested_model_accent
asx_gra_fc0ea2ebaf4b_t01	asx_gra_fc0ea2ebaf4b	1	B	grammar_example	no wo ijo kè?	Do you see me?	exact	no [L] | wo [L] | ijo [H.L] | kè [L]	no [L] | wo [L] | ijo [H.L] | kè [L]	no [lexical] | wo [lexical] | ijo [lexical] | kè [lexical]	LH%	none		no_reference	source_attested_model_accent
asx_gra_fc0ea2ebaf4b_t02	asx_gra_fc0ea2ebaf4b	2	B	grammar_example	no wo ijo kè?	Do you see me?	exact	no [L] | wo [L] | ijo [H.L] | kè [L]	no [L] | wo [L] | ijo [H.L] | kè [L]	no [lexical] | wo [lexical] | ijo [lexical] | kè [lexical]	LH%	none		no_reference	source_attested_model_accent
asx_gra_3b967071f4da_t01	asx_gra_3b967071f4da	1	B	grammar_example	kè john zèxoxo?	Did John depart?	exact	kè [L] | john [H] | zèxoxo [L.H.L]	kè [L] | john [H] | zèxoxo [L.H.L]	kè [lexical] | john [lexical] | zèxoxo [zè- (prefix) + xoxo (root)]	LH%	none		no_reference	source_attested_model_accent
asx_gra_3b967071f4da_t02	asx_gra_3b967071f4da	2	B	grammar_example	kè john zèxoxo?	Did John depart?	exact	kè [L] | john [H] | zèxoxo [L.H.L]	kè [L] | john [H] | zèxoxo [L.H.L]	kè [lexical] | john [lexical] | zèxoxo [zè- (prefix) + xoxo (root)]	LH%	none		no_reference	source_attested_model_accent
asx_gra_2555f2812bc1_t01	asx_gra_2555f2812bc1	1	B	grammar_example	ko panáshěsonů kè?	Will she not read?	exact	ko [L] | panáshěsonů [L.H.H.L.L] | kè [L]	ko [L] | panáshěsonů [L.H.H.L.L] | kè [L]	ko [lexical] | panáshěsonů [pa- (prefix) + ná (dominant prefix) + shěsonů (root)] | kè [lexical]	LH%	none		no_reference	source_attested_model_accent
asx_gra_2555f2812bc1_t02	asx_gra_2555f2812bc1	2	B	grammar_example	ko panáshěsonů kè?	Will she not read?	exact	ko [L] | panáshěsonů [L.H.H.L.L] | kè [L]	ko [L] | panáshěsonů [L.H.H.L.L] | kè [L]	ko [lexical] | panáshěsonů [pa- (prefix) + ná (dominant prefix) + shěsonů (root)] | kè [lexical]	LH%	none		no_reference	source_attested_model_accent
asx_gra_9d80ebfac4d3_t01	asx_gra_9d80ebfac4d3	1	B	grammar_example	kshá shěsonů kè?	Who is reading?	exact	kshá [H] | shěsonů [H.L.L] | kè [L]	kshá [H] | shěsonů [H.L.L] | kè [L]	kshá [lexical] | shěsonů [lexical] | kè [lexical]	LH%	none		no_reference	source_attested_model_accent
asx_gra_9d80ebfac4d3_t02	asx_gra_9d80ebfac4d3	2	B	grammar_example	kshá shěsonů kè?	Who is reading?	exact	kshá [H] | shěsonů [H.L.L] | kè [L]	kshá [H] | shěsonů [H.L.L] | kè [L]	kshá [lexical] | shěsonů [lexical] | kè [lexical]	LH%	none		no_reference	source_attested_model_accent
asx_gra_f372c55f9e4c_t01	asx_gra_f372c55f9e4c	1	B	grammar_example	no kjo ijo kè?	What do you see?	exact	no [L] | kjo [H] | ijo [H.L] | kè [L]	no [L] | kjo [H] | ijo [H.L] | kè [L]	no [lexical] | kjo [lexical] | ijo [lexical] | kè [lexical]	LH%	none		no_reference	source_attested_model_accent
asx_gra_f372c55f9e4c_t02	asx_gra_f372c55f9e4c	2	B	grammar_example	no kjo ijo kè?	What do you see?	exact	no [L] | kjo [H] | ijo [H.L] | kè [L]	no [L] | kjo [H] | ijo [H.L] | kè [L]	no [lexical] | kjo [lexical] | ijo [lexical] | kè [lexical]	LH%	none		no_reference	source_attested_model_accent
asx_gra_967206982e6b_t01	asx_gra_967206982e6b	1	B	grammar_example	john ksi aśù kè?	Where is John walking?	exact	john [H] | ksi [L] | aśù [H.L] | kè [L]	john [L] | ksi [H] | aśù [H.L] | kè [L]	john [lexical] | ksi [lexical] | aśù [lexical] | kè [lexical]	LH%	none		no_reference	source_attested_model_accent
asx_gra_967206982e6b_t02	asx_gra_967206982e6b	2	B	grammar_example	john ksi aśù kè?	Where is John walking?	exact	john [H] | ksi [L] | aśù [H.L] | kè [L]	john [L] | ksi [H] | aśù [H.L] | kè [L]	john [lexical] | ksi [lexical] | aśù [lexical] | kè [lexical]	LH%	none		no_reference	source_attested_model_accent
asx_gra_0b89412d7b3e_t01	asx_gra_0b89412d7b3e	1	B	grammar_example	ko ksè xoxo kè?	Why does she depart?	exact	ko [L] | ksè [H] | xoxo [H.L] | kè [L]	ko [L] | ksè [H] | xoxo [H.L] | kè [L]	ko [lexical] | ksè [lexical] | xoxo [lexical] | kè [lexical]	LH%	none		no_reference	source_attested_model_accent
asx_gra_0b89412d7b3e_t02	asx_gra_0b89412d7b3e	2	B	grammar_example	ko ksè xoxo kè?	Why does she depart?	exact	ko [L] | ksè [H] | xoxo [H.L] | kè [L]	ko [L] | ksè [H] | xoxo [H.L] | kè [L]	ko [lexical] | ksè [lexical] | xoxo [lexical] | kè [lexical]	LH%	none		no_reference	source_attested_model_accent
asx_gra_29f1a90a83d9_t01	asx_gra_29f1a90a83d9	1	B	grammar_example	john ksá shěsonů kè?	How does John read?	exact	john [H] | ksá [H] | shěsonů [H.L.L] | kè [L]	john [L] | ksá [H] | shěsonů [H.L.L] | kè [L]	john [lexical] | ksá [lexical] | shěsonů [lexical] | kè [lexical]	LH%	none		no_reference	source_attested_model_accent
asx_gra_29f1a90a83d9_t02	asx_gra_29f1a90a83d9	2	B	grammar_example	john ksá shěsonů kè?	How does John read?	exact	john [H] | ksá [H] | shěsonů [H.L.L] | kè [L]	john [L] | ksá [H] | shěsonů [H.L.L] | kè [L]	john [lexical] | ksá [lexical] | shěsonů [lexical] | kè [lexical]	LH%	none		no_reference	source_attested_model_accent
asx_gra_2f0d1fc0f7f0_t01	asx_gra_2f0d1fc0f7f0	1	B	grammar_example	kshá cè?	Who knows?	exact	kshá [H] | cè [H]	kshá [H] | cè [L]	kshá [lexical] | cè [lexical]	LH%	none		no_reference	source_attested_model_accent
asx_gra_2f0d1fc0f7f0_t02	asx_gra_2f0d1fc0f7f0	2	B	grammar_example	kshá cè?	Who knows?	exact	kshá [H] | cè [H]	kshá [H] | cè [L]	kshá [lexical] | cè [lexical]	LH%	none		no_reference	source_attested_model_accent
asx_gra_4b43c43cef1f_t01	asx_gra_4b43c43cef1f	1	B	grammar_example	wo kshá cèná.	(I) do not know who.	exact	wo [L] | kshá [H] | cèná [H.H]	wo [H] | kshá [L] | cèná [H.H]	wo [lexical] | kshá [lexical] | cèná [lexical]	L%	none		no_reference	source_attested_model_accent
asx_gra_4b43c43cef1f_t02	asx_gra_4b43c43cef1f	2	B	grammar_example	wo kshá cèná.	(I) do not know who.	exact	wo [L] | kshá [H] | cèná [H.H]	wo [H] | kshá [L] | cèná [H.H]	wo [lexical] | kshá [lexical] | cèná [lexical]	L%	none		no_reference	source_attested_model_accent
asx_gra_cc796270a4cc_t01	asx_gra_cc796270a4cc	1	B	grammar_example	john xoxo vå...	When John departs...	exact	john [H] | xoxo [H.L] | vå [L]	john [H] | xoxo [H.L] | vå [L]	john [lexical] | xoxo [lexical] | vå [lexical]	L%	none		no_reference	source_attested_model_accent
asx_gra_cc796270a4cc_t02	asx_gra_cc796270a4cc	2	B	grammar_example	john xoxo vå...	When John departs...	exact	john [H] | xoxo [H.L] | vå [L]	john [H] | xoxo [H.L] | vå [L]	john [lexical] | xoxo [lexical] | vå [lexical]	L%	none		no_reference	source_attested_model_accent
asx_gra_adf5c0139ee3_t01	asx_gra_adf5c0139ee3	1	B	grammar_example	john kvå xoxo?	When does John depart?	exact	john [H] | kvå [H] | xoxo [H.L]	john [L] | kvå [H] | xoxo [L.L]	john [lexical] | kvå [lexical] | xoxo [lexical]	LH%	none		no_reference	source_attested_model_accent
asx_gra_adf5c0139ee3_t02	asx_gra_adf5c0139ee3	2	B	grammar_example	john kvå xoxo?	When does John depart?	exact	john [H] | kvå [H] | xoxo [H.L]	john [L] | kvå [H] | xoxo [L.L]	john [lexical] | kvå [lexical] | xoxo [lexical]	LH%	none		no_reference	source_attested_model_accent
asx_gra_bd0db997d1d7_t01	asx_gra_bd0db997d1d7	1	B	grammar_example	to wo anő shěsonů jå.	I want a reading.	exact	to [L] | wo [L] | anő [L.L] | shěsonů [H.L.L] | jå [H]	to [H] | wo [L] | anő [L.L] | shěsonů [H.L.L] | jå [L]	to [lexical] | wo [lexical] | anő [lexical] | shěsonů [lexical] | jå [lexical]	L%	none		no_reference	source_attested_model_accent
asx_gra_bd0db997d1d7_t02	asx_gra_bd0db997d1d7	2	B	grammar_example	to wo anő shěsonů jå.	I want a reading.	exact	to [L] | wo [L] | anő [L.L] | shěsonů [H.L.L] | jå [H]	to [H] | wo [L] | anő [L.L] | shěsonů [H.L.L] | jå [L]	to [lexical] | wo [lexical] | anő [lexical] | shěsonů [lexical] | jå [lexical]	L%	none		no_reference	source_attested_model_accent
asx_gra_8f922b5eece3_t01	asx_gra_8f922b5eece3	1	B	grammar_example	to wo anő shěsonů shěso jå.	I want a book that is read.	exact	to [L] | wo [L] | anő [L.L] | shěsonů [H.L.L] | shěso [H.L] | jå [H]	to [H] | wo [L] | anő [L.L] | shěsonů [H.L.L] | shěso [H.L] | jå [L]	to [lexical] | wo [lexical] | anő [lexical] | shěsonů [lexical] | shěso [lexical] | jå [lexical]	L%	none		no_reference	source_attested_model_accent
asx_gra_8f922b5eece3_t02	asx_gra_8f922b5eece3	2	B	grammar_example	to wo anő shěsonů shěso jå.	I want a book that is read.	exact	to [L] | wo [L] | anő [L.L] | shěsonů [H.L.L] | shěso [H.L] | jå [H]	to [H] | wo [L] | anő [L.L] | shěsonů [H.L.L] | shěso [H.L] | jå [L]	to [lexical] | wo [lexical] | anő [lexical] | shěsonů [lexical] | shěso [lexical] | jå [lexical]	L%	none		no_reference	source_attested_model_accent
asx_gra_df84df59bfce_t01	asx_gra_df84df59bfce	1	B	grammar_example	to wo nanå dănă aśù.	I often walk heavily.	exact	to [L] | wo [L] | nanå [L.L] | dănă [H.L] | aśù [H.L]	to [H] | wo [L] | nanå [L.L] | dănă [H.L] | aśù [H.L]	to [lexical] | wo [lexical] | nanå [lexical] | dănă [lexical] | aśù [lexical]	L%	none		no_reference	source_attested_model_accent
asx_gra_df84df59bfce_t02	asx_gra_df84df59bfce	2	B	grammar_example	to wo nanå dănă aśù.	I often walk heavily.	exact	to [L] | wo [L] | nanå [L.L] | dănă [H.L] | aśù [H.L]	to [H] | wo [L] | nanå [L.L] | dănă [H.L] | aśù [H.L]	to [lexical] | wo [lexical] | nanå [lexical] | dănă [lexical] | aśù [lexical]	L%	none		no_reference	source_attested_model_accent
asx_gra_7ac76d057f50_t01	asx_gra_7ac76d057f50	1	B	grammar_example	to john onådănă aśù.	John walks consistently heavily.	exact	to [L] | john [H] | onådănă [H.L.L.L] | aśù [H.L]	to [H] | john [L] | onådănă [H.L.L.L] | aśù [H.L]	to [lexical] | john [lexical] | onådănă [lexical] | aśù [lexical]	L%	none		no_reference	source_attested_model_accent
asx_gra_7ac76d057f50_t02	asx_gra_7ac76d057f50	2	B	grammar_example	to john onådănă aśù.	John walks consistently heavily.	exact	to [L] | john [H] | onådănă [H.L.L.L] | aśù [H.L]	to [H] | john [L] | onådănă [H.L.L.L] | aśù [H.L]	to [lexical] | john [lexical] | onådănă [lexical] | aśù [lexical]	L%	none		no_reference	source_attested_model_accent
asx_gra_8438924d597f_t01	asx_gra_8438924d597f	1	B	grammar_example	to john sinåshěsonýj shá xiŕa.	John is a never-smart person.	exact	to [L] | john [H] | sinåshěsonýj [H.L.L.L.L] | shá [H] | xiŕa [L.L]	to [H] | john [L] | sinåshěsonýj [H.L.L.L.L] | shá [H] | xiŕa [L.L]	to [lexical] | john [lexical] | sinåshěsonýj [lexical] | shá [lexical] | xiŕa [lexical]	L%	none		no_reference	source_attested_model_accent
asx_gra_8438924d597f_t02	asx_gra_8438924d597f	2	B	grammar_example	to john sinåshěsonýj shá xiŕa.	John is a never-smart person.	exact	to [L] | john [H] | sinåshěsonýj [H.L.L.L.L] | shá [H] | xiŕa [L.L]	to [H] | john [L] | sinåshěsonýj [H.L.L.L.L] | shá [H] | xiŕa [L.L]	to [lexical] | john [lexical] | sinåshěsonýj [lexical] | shá [lexical] | xiŕa [lexical]	L%	none		no_reference	source_attested_model_accent
asx_gra_03de99d26a19_t01	asx_gra_03de99d26a19	1	B	grammar_example	bi john zá tom apa dănă chỏnů.	John and Tom munch on apples as much as one another.	exact	bi [H] | john [H] | zá [L] | tom [H] | apa [H.L] | dănă [H.L] | chỏnů [H.H]	bi [H] | john [H] | zá [L] | tom [H] | apa [H.L] | dănă [H.L] | chỏnů [H.H]	bi [lexical] | john [lexical] | zá [lexical] | tom [lexical] | apa [apo (root) + -a (plural)] | dănă [lexical] | chỏnů [lexical]	L%	none		no_reference	source_attested_model_accent
asx_gra_03de99d26a19_t02	asx_gra_03de99d26a19	2	B	grammar_example	bi john zá tom apa dănă chỏnů.	John and Tom munch on apples as much as one another.	exact	bi [H] | john [H] | zá [L] | tom [H] | apa [H.L] | dănă [H.L] | chỏnů [H.H]	bi [H] | john [H] | zá [L] | tom [H] | apa [H.L] | dănă [H.L] | chỏnů [H.H]	bi [lexical] | john [lexical] | zá [lexical] | tom [lexical] | apa [apo (root) + -a (plural)] | dănă [lexical] | chỏnů [lexical]	L%	none		no_reference	source_attested_model_accent
asx_gra_d68b38b3b946_t01	asx_gra_d68b38b3b946	1	B	grammar_example	ỏ john zá tom apa dănă chỏnů.	John and Tom...(same meaning).	exact	ỏ [L] | john [H] | zá [L] | tom [H] | apa [H.L] | dănă [H.L] | chỏnů [H.H]	ỏ [H] | john [L] | zá [L] | tom [H] | apa [H.L] | dănă [H.L] | chỏnů [H.H]	ỏ [ỏ- (prefix)] | john [lexical] | zá [lexical] | tom [lexical] | apa [apo (root) + -a (plural)] | dănă [lexical] | chỏnů [lexical]	L%	none		no_reference	source_attested_model_accent
asx_gra_d68b38b3b946_t02	asx_gra_d68b38b3b946	2	B	grammar_example	ỏ john zá tom apa dănă chỏnů.	John and Tom...(same meaning).	exact	ỏ [L] | john [H] | zá [L] | tom [H] | apa [H.L] | dănă [H.L] | chỏnů [H.H]	ỏ [H] | john [L] | zá [L] | tom [H] | apa [H.L] | dănă [H.L] | chỏnů [H.H]	ỏ [ỏ- (prefix)] | john [lexical] | zá [lexical] | tom [lexical] | apa [apo (root) + -a (plural)] | dănă [lexical] | chỏnů [lexical]	L%	none		no_reference	source_attested_model_accent
asx_gra_0896abf77afc_t01	asx_gra_0896abf77afc	1	B	grammar_example	nani john izo tom apa dănă chỏnů.	John eats apples more heavily than Tom.	exact	nani [L.L] | john [H] | izo [L.L] | tom [H] | apa [H.L] | dănă [H.L] | chỏnů [H.H]	nani [H.L] | john [H] | izo [L.L] | tom [H] | apa [H.L] | dănă [H.L] | chỏnů [H.H]	nani [lexical] | john [lexical] | izo [lexical] | tom [lexical] | apa [apo (root) + -a (plural)] | dănă [lexical] | chỏnů [lexical]	L%	none		no_reference	source_attested_model_accent
asx_gra_0896abf77afc_t02	asx_gra_0896abf77afc	2	B	grammar_example	nani john izo tom apa dănă chỏnů.	John eats apples more heavily than Tom.	exact	nani [L.L] | john [H] | izo [L.L] | tom [H] | apa [H.L] | dănă [H.L] | chỏnů [H.H]	nani [H.L] | john [H] | izo [L.L] | tom [H] | apa [H.L] | dănă [H.L] | chỏnů [H.H]	nani [lexical] | john [lexical] | izo [lexical] | tom [lexical] | apa [apo (root) + -a (plural)] | dănă [lexical] | chỏnů [lexical]	L%	none		no_reference	source_attested_model_accent
asx_gra_6386191d81d9_t01	asx_gra_6386191d81d9	1	B	grammar_example	pùni john izo tom apa dănă chỏnů.	John eats apples less heavily than Tom.	exact	pùni [L.L] | john [H] | izo [L.L] | tom [H] | apa [H.L] | dănă [H.L] | chỏnů [H.H]	pùni [H.L] | john [H] | izo [L.L] | tom [H] | apa [H.L] | dănă [H.L] | chỏnů [H.H]	pùni [lexical] | john [lexical] | izo [lexical] | tom [lexical] | apa [apo (root) + -a (plural)] | dănă [lexical] | chỏnů [lexical]	L%	none		no_reference	source_attested_model_accent
asx_gra_6386191d81d9_t02	asx_gra_6386191d81d9	2	B	grammar_example	pùni john izo tom apa dănă chỏnů.	John eats apples less heavily than Tom.	exact	pùni [L.L] | john [H] | izo [L.L] | tom [H] | apa [H.L] | dănă [H.L] | chỏnů [H.H]	pùni [H.L] | john [H] | izo [L.L] | tom [H] | apa [H.L] | dănă [H.L] | chỏnů [H.H]	pùni [lexical] | john [lexical] | izo [lexical] | tom [lexical] | apa [apo (root) + -a (plural)] | dănă [lexical] | chỏnů [lexical]	L%	none		no_reference	source_attested_model_accent
asx_gra_eb9fb0d47819_t01	asx_gra_eb9fb0d47819	1	B	grammar_example	måniåkam xő pazènánixèshěsonů.	By the time, he will not have started trying to read.	exact	måniåkam [L.L.L.L] | xő [L] | pazènánixèshěsonů [L.L.H.L.L.H.L.L]	måniåkam [H.L.L.L] | xő [L] | pazènánixèshěsonů [L.L.H.L.L.H.L.L]	måniåkam [lexical] | xő [lexical] | pazènánixèshěsonů [pa- (prefix) + zè- (prefix) + ná (dominant prefix) + ni- (prefix) + xè- (prefix) + shěsonů (root)]	L%	none		no_reference	source_attested_model_accent
asx_gra_eb9fb0d47819_t02	asx_gra_eb9fb0d47819	2	B	grammar_example	måniåkam xő pazènánixèshěsonů.	By the time, he will not have started trying to read.	exact	måniåkam [L.L.L.L] | xő [L] | pazènánixèshěsonů [L.L.H.L.L.H.L.L]	måniåkam [H.L.L.L] | xő [L] | pazènánixèshěsonů [L.L.H.L.L.H.L.L]	måniåkam [lexical] | xő [lexical] | pazènánixèshěsonů [pa- (prefix) + zè- (prefix) + ná (dominant prefix) + ni- (prefix) + xè- (prefix) + shěsonů (root)]	L%	none		no_reference	source_attested_model_accent
asx_gra_6c71ba8e2552_t01	asx_gra_6c71ba8e2552	1	B	grammar_example	vashěsokam, to wo ximă shěso gadăchỏnă shěsonů ŕa...	In the library, I daily read the book ravenously, and...	exact	vashěsokam [L.H.L.L] | to [L] | wo [L] | ximă [L.L] | shěso [H.L] | gadăchỏnă [H.L.L.L] | shěsonů [H.L.L] | ŕa [L]	vashěsokam [H.L.L.L] | to [L] | wo [L] | ximă [L.L] | shěso [H.L] | gadăchỏnă [H.L.L.L] | shěsonů [H.L.L] | ŕa [L]	vashěsokam [va- (prefix) + shěsokam (root)] | to [lexical] | wo [lexical] | ximă [lexical] | shěso [lexical] | gadăchỏnă [lexical] | shěsonů [lexical] | ŕa [lexical]	L%	none		no_reference	source_attested_model_accent
asx_gra_6c71ba8e2552_t02	asx_gra_6c71ba8e2552	2	B	grammar_example	vashěsokam, to wo ximă shěso gadăchỏnă shěsonů ŕa...	In the library, I daily read the book ravenously, and...	exact	vashěsokam [L.H.L.L] | to [L] | wo [L] | ximă [L.L] | shěso [H.L] | gadăchỏnă [H.L.L.L] | shěsonů [H.L.L] | ŕa [L]	vashěsokam [H.L.L.L] | to [L] | wo [L] | ximă [L.L] | shěso [H.L] | gadăchỏnă [H.L.L.L] | shěsonů [H.L.L] | ŕa [L]	vashěsokam [va- (prefix) + shěsokam (root)] | to [lexical] | wo [lexical] | ximă [lexical] | shěso [lexical] | gadăchỏnă [lexical] | shěsonů [lexical] | ŕa [lexical]	L%	none		no_reference	source_attested_model_accent
asx_gra_8fb99db3c0c2_t01	asx_gra_8fb99db3c0c2	1	B	grammar_example	to wo niwo ijo.	I see myself.	exact	to [L] | wo [L] | niwo [L.L] | ijo [H.L]	to [H] | wo [L] | niwo [L.L] | ijo [H.L]	to [lexical] | wo [lexical] | niwo [lexical] | ijo [lexical]	L%	none		no_reference	source_attested_model_accent
asx_gra_8fb99db3c0c2_t02	asx_gra_8fb99db3c0c2	2	B	grammar_example	to wo niwo ijo.	I see myself.	exact	to [L] | wo [L] | niwo [L.L] | ijo [H.L]	to [H] | wo [L] | niwo [L.L] | ijo [H.L]	to [lexical] | wo [lexical] | niwo [lexical] | ijo [lexical]	L%	none		no_reference	source_attested_model_accent
asx_gra_658dd131a9a4_t01	asx_gra_658dd131a9a4	1	B	grammar_example	to wa gőnigő ijo.	We see each other.	exact	to [L] | wa [L] | gőnigő [L.L.L] | ijo [H.L]	to [H] | wa [L] | gőnigő [L.L.L] | ijo [H.L]	to [lexical] | wa [lexical] | gőnigő [lexical] | ijo [lexical]	L%	none		no_reference	source_attested_model_accent
asx_gra_658dd131a9a4_t02	asx_gra_658dd131a9a4	2	B	grammar_example	to wa gőnigő ijo.	We see each other.	exact	to [L] | wa [L] | gőnigő [L.L.L] | ijo [H.L]	to [H] | wa [L] | gőnigő [L.L.L] | ijo [H.L]	to [lexical] | wa [lexical] | gőnigő [lexical] | ijo [lexical]	L%	none		no_reference	source_attested_model_accent
asx_gra_9a4c164cf506_t01	asx_gra_9a4c164cf506	1	B	grammar_example	to wa zá gőnigő aśù.	We walk with each other.	exact	to [L] | wa [L] | zá [L] | gőnigő [L.L.L] | aśù [H.L]	to [H] | wa [L] | zá [L] | gőnigő [L.L.L] | aśù [H.L]	to [lexical] | wa [lexical] | zá [lexical] | gőnigő [lexical] | aśù [lexical]	L%	none		no_reference	source_attested_model_accent
asx_gra_9a4c164cf506_t02	asx_gra_9a4c164cf506	2	B	grammar_example	to wa zá gőnigő aśù.	We walk with each other.	exact	to [L] | wa [L] | zá [L] | gőnigő [L.L.L] | aśù [H.L]	to [H] | wa [L] | zá [L] | gőnigő [L.L.L] | aśù [H.L]	to [lexical] | wa [lexical] | zá [lexical] | gőnigő [lexical] | aśù [lexical]	L%	none		no_reference	source_attested_model_accent
asx_gra_75ac14d7a1c9_t01	asx_gra_75ac14d7a1c9	1	B	grammar_example	to wo gajýnnshá niŕa dăxă.	I wish I were a were-hyena.	exact	to [L] | wo [L] | gajýnnshá [L.L.L.H] | niŕa [H.H] | dăxă [L.L]	to [H] | wo [L] | gajýnnshá [L.L.L.H] | niŕa [H.H] | dăxă [L.L]	to [lexical] | wo [lexical] | gajýnnshá [lexical] | niŕa [lexical] | dăxă [lexical]	L%	none		no_reference	source_attested_model_accent
asx_gra_75ac14d7a1c9_t02	asx_gra_75ac14d7a1c9	2	B	grammar_example	to wo gajýnnshá niŕa dăxă.	I wish I were a were-hyena.	exact	to [L] | wo [L] | gajýnnshá [L.L.L.H] | niŕa [H.H] | dăxă [L.L]	to [H] | wo [L] | gajýnnshá [L.L.L.H] | niŕa [H.H] | dăxă [L.L]	to [lexical] | wo [lexical] | gajýnnshá [lexical] | niŕa [lexical] | dăxă [lexical]	L%	none		no_reference	source_attested_model_accent
asx_gra_2da8aa97faf1_t01	asx_gra_2da8aa97faf1	1	B	grammar_example	topo toponů pùxă.	I hope it doesn't rain.	exact	topo [H.L] | toponů [H.L.L] | pùxă [L.H]	topo [H.L] | toponů [H.L.L] | pùxă [L.L]	topo [lexical] | toponů [lexical] | pùxă [lexical]	L%	none		no_reference	source_attested_model_accent
asx_gra_2da8aa97faf1_t02	asx_gra_2da8aa97faf1	2	B	grammar_example	topo toponů pùxă.	I hope it doesn't rain.	exact	topo [H.L] | toponů [H.L.L] | pùxă [L.H]	topo [H.L] | toponů [H.L.L] | pùxă [L.L]	topo [lexical] | toponů [lexical] | pùxă [lexical]	L%	none		no_reference	source_attested_model_accent
asx_gra_346f2ac24cc5_t01	asx_gra_346f2ac24cc5	1	B	grammar_example	ko wő ijo xădăchỏxă.	Please, let her see me.	exact	ko [L] | wő [L] | ijo [H.L] | xădăchỏxă [H.L.L.L]	ko [H] | wő [L] | ijo [H.L] | xădăchỏxă [H.L.L.L]	ko [lexical] | wő [lexical] | ijo [lexical] | xădăchỏxă [lexical]	L%	none		no_reference	source_attested_model_accent
asx_gra_346f2ac24cc5_t02	asx_gra_346f2ac24cc5	2	B	grammar_example	ko wő ijo xădăchỏxă.	Please, let her see me.	exact	ko [L] | wő [L] | ijo [H.L] | xădăchỏxă [H.L.L.L]	ko [H] | wő [L] | ijo [H.L] | xădăchỏxă [H.L.L.L]	ko [lexical] | wő [lexical] | ijo [lexical] | xădăchỏxă [lexical]	L%	none		no_reference	source_attested_model_accent
asx_gra_69e374984736_t01	asx_gra_69e374984736	1	B	grammar_example	to wo shěsonů ken.	I can read.	exact	to [L] | wo [L] | shěsonů [H.L.L] | ken [L]	to [H] | wo [L] | shěsonů [H.L.L] | ken [L]	to [lexical] | wo [lexical] | shěsonů [lexical] | ken [lexical]	L%	none		no_reference	source_attested_model_accent
asx_gra_69e374984736_t02	asx_gra_69e374984736	2	B	grammar_example	to wo shěsonů ken.	I can read.	exact	to [L] | wo [L] | shěsonů [H.L.L] | ken [L]	to [H] | wo [L] | shěsonů [H.L.L] | ken [L]	to [lexical] | wo [lexical] | shěsonů [lexical] | ken [lexical]	L%	none		no_reference	source_attested_model_accent
asx_gra_c54a3092bff0_t01	asx_gra_c54a3092bff0	1	B	grammar_example	to wo shěsonů ken.ná.	I cannot read.	exact	to [L] | wo [L] | shěsonů [H.L.L] | ken.ná [L.L]	to [H] | wo [L] | shěsonů [H.L.L] | ken.ná [L.L]	to [lexical] | wo [lexical] | shěsonů [lexical] | ken.ná [lexical]	L%	none		no_reference	source_attested_model_accent
asx_gra_c54a3092bff0_t02	asx_gra_c54a3092bff0	2	B	grammar_example	to wo shěsonů ken.ná.	I cannot read.	exact	to [L] | wo [L] | shěsonů [H.L.L] | ken.ná [L.L]	to [H] | wo [L] | shěsonů [H.L.L] | ken.ná [L.L]	to [lexical] | wo [lexical] | shěsonů [lexical] | ken.ná [lexical]	L%	none		no_reference	source_attested_model_accent
asx_gra_a4f7e2e96309_t01	asx_gra_a4f7e2e96309	1	B	grammar_example	no shěso shěsonůxăkă.	You are requested to read the book.	exact	no [L] | shěso [H.L] | shěsonůxăkă [H.L.L.H.L]	no [H] | shěso [L.L] | shěsonůxăkă [H.L.L.H.L]	no [lexical] | shěso [lexical] | shěsonůxăkă [shěsonů (root) + xă (dominant suffix) + -kă (suffix)]	L%	none		no_reference	source_attested_model_accent
asx_gra_a4f7e2e96309_t02	asx_gra_a4f7e2e96309	2	B	grammar_example	no shěso shěsonůxăkă.	You are requested to read the book.	exact	no [L] | shěso [H.L] | shěsonůxăkă [H.L.L.H.L]	no [H] | shěso [L.L] | shěsonůxăkă [H.L.L.H.L]	no [lexical] | shěso [lexical] | shěsonůxăkă [shěsonů (root) + xă (dominant suffix) + -kă (suffix)]	L%	none		no_reference	source_attested_model_accent
asx_gra_1d48b29736b9_t01	asx_gra_1d48b29736b9	1	B	grammar_example	apo chỏnůkă.	Please eat the apple.	exact	apo [H.L] | chỏnůkă [H.H.L]	apo [H.L] | chỏnůkă [H.H.L]	apo [lexical] | chỏnůkă [chỏnů (root) + -kă (suffix)]	L%	none		no_reference	source_attested_model_accent
asx_gra_1d48b29736b9_t02	asx_gra_1d48b29736b9	2	B	grammar_example	apo chỏnůkă.	Please eat the apple.	exact	apo [H.L] | chỏnůkă [H.H.L]	apo [H.L] | chỏnůkă [H.H.L]	apo [lexical] | chỏnůkă [chỏnů (root) + -kă (suffix)]	L%	none		no_reference	source_attested_model_accent
asx_gra_ee1adf5c786a_t01	asx_gra_ee1adf5c786a	1	B	grammar_example	no wo kăxijo.	Kindly look at me.	exact	no [L] | wo [L] | kăxijo [H.L.L]	no [H] | wo [L] | kăxijo [H.L.L]	no [lexical] | wo [lexical] | kăxijo [lexical]	L%	none		no_reference	source_attested_model_accent
asx_gra_ee1adf5c786a_t02	asx_gra_ee1adf5c786a	2	B	grammar_example	no wo kăxijo.	Kindly look at me.	exact	no [L] | wo [L] | kăxijo [H.L.L]	no [H] | wo [L] | kăxijo [H.L.L]	no [lexical] | wo [lexical] | kăxijo [lexical]	L%	none		no_reference	source_attested_model_accent
asx_gra_7fcace494ca1_t01	asx_gra_7fcace494ca1	1	B	grammar_example	kamm pănůxăkă.	Please exit the building.	exact	kamm [H.L] | pănůxăkă [H.L.H.L]	kamm [H.L] | pănůxăkă [H.L.H.L]	kamm [lexical] | pănůxăkă [pănů (root) + xă (dominant suffix) + -kă (suffix)]	L%	none		no_reference	source_attested_model_accent
asx_gra_7fcace494ca1_t02	asx_gra_7fcace494ca1	2	B	grammar_example	kamm pănůxăkă.	Please exit the building.	exact	kamm [H.L] | pănůxăkă [H.L.H.L]	kamm [H.L] | pănůxăkă [H.L.H.L]	kamm [lexical] | pănůxăkă [pănů (root) + xă (dominant suffix) + -kă (suffix)]	L%	none		no_reference	source_attested_model_accent
asx_gra_81658fd707e2_t01	asx_gra_81658fd707e2	1	B	grammar_example	apo chỏnůnáxăkă.	Please do not eat the apple.	exact	apo [H.L] | chỏnůnáxăkă [H.H.H.H.L]	apo [H.L] | chỏnůnáxăkă [H.H.H.H.L]	apo [lexical] | chỏnůnáxăkă [chỏnů (root) + ná (dominant suffix) + xă (dominant suffix) + -kă (suffix)]	L%	none		no_reference	source_attested_model_accent
asx_gra_81658fd707e2_t02	asx_gra_81658fd707e2	2	B	grammar_example	apo chỏnůnáxăkă.	Please do not eat the apple.	exact	apo [H.L] | chỏnůnáxăkă [H.H.H.H.L]	apo [H.L] | chỏnůnáxăkă [H.H.H.H.L]	apo [lexical] | chỏnůnáxăkă [chỏnů (root) + ná (dominant suffix) + xă (dominant suffix) + -kă (suffix)]	L%	none		no_reference	source_attested_model_accent
asx_gra_c7c26ba82219_t01	asx_gra_c7c26ba82219	1	B	grammar_example	kamm pănůnáxăkă.	Please do not exit the building.	exact	kamm [H.L] | pănůnáxăkă [H.L.H.H.L]	kamm [H.L] | pănůnáxăkă [H.L.H.H.L]	kamm [lexical] | pănůnáxăkă [pănů (root) + ná (dominant suffix) + xă (dominant suffix) + -kă (suffix)]	L%	none		no_reference	source_attested_model_accent
asx_gra_c7c26ba82219_t02	asx_gra_c7c26ba82219	2	B	grammar_example	kamm pănůnáxăkă.	Please do not exit the building.	exact	kamm [H.L] | pănůnáxăkă [H.L.H.H.L]	kamm [H.L] | pănůnáxăkă [H.L.H.H.L]	kamm [lexical] | pănůnáxăkă [pănů (root) + ná (dominant suffix) + xă (dominant suffix) + -kă (suffix)]	L%	none		no_reference	source_attested_model_accent
asx_gra_59caecb5ee40_t01	asx_gra_59caecb5ee40	1	B	grammar_example	dhè kjèpo tom bă kjèkiŕo zèchỏnů.	The tree was chopped by Tom with an axe.	exact	dhè [L] | kjèpo [H.L] | tom [H] | bă [L] | kjèkiŕo [H.L.L] | zèchỏnů [L.H.H]	dhè [H] | kjèpo [L.L] | tom [H] | bă [L] | kjèkiŕo [H.L.L] | zèchỏnů [L.H.H]	dhè [lexical] | kjèpo [lexical] | tom [lexical] | bă [lexical] | kjèkiŕo [lexical] | zèchỏnů [zè- (prefix) + chỏnů (root)]	L%	none		no_reference	source_attested_model_accent
asx_gra_59caecb5ee40_t02	asx_gra_59caecb5ee40	2	B	grammar_example	dhè kjèpo tom bă kjèkiŕo zèchỏnů.	The tree was chopped by Tom with an axe.	exact	dhè [L] | kjèpo [H.L] | tom [H] | bă [L] | kjèkiŕo [H.L.L] | zèchỏnů [L.H.H]	dhè [H] | kjèpo [L.L] | tom [H] | bă [L] | kjèkiŕo [H.L.L] | zèchỏnů [L.H.H]	dhè [lexical] | kjèpo [lexical] | tom [lexical] | bă [lexical] | kjèkiŕo [lexical] | zèchỏnů [zè- (prefix) + chỏnů (root)]	L%	none		no_reference	source_attested_model_accent
asx_gra_c8441b2653fb_t01	asx_gra_c8441b2653fb	1	B	grammar_example	dhè shěso zètopù.	The book was dropped.	exact	dhè [L] | shěso [H.L] | zètopù [L.H.L]	dhè [H] | shěso [L.L] | zètopù [L.H.L]	dhè [lexical] | shěso [lexical] | zètopù [zè- (prefix) + topù (root)]	L%	none		no_reference	source_attested_model_accent
asx_gra_c8441b2653fb_t02	asx_gra_c8441b2653fb	2	B	grammar_example	dhè shěso zètopù.	The book was dropped.	exact	dhè [L] | shěso [H.L] | zètopù [L.H.L]	dhè [H] | shěso [L.L] | zètopù [L.H.L]	dhè [lexical] | shěso [lexical] | zètopù [zè- (prefix) + topù (root)]	L%	none		no_reference	source_attested_model_accent
asx_gra_6d0f44a93d01_t01	asx_gra_6d0f44a93d01	1	B	grammar_example	dhè wo zèxijo.	I was seen.	exact	dhè [L] | wo [L] | zèxijo [L.H.L]	dhè [H] | wo [L] | zèxijo [L.H.L]	dhè [lexical] | wo [lexical] | zèxijo [zè- (prefix) + -x- (infix) + ijo (lexical unit)]	L%	none		no_reference	source_attested_model_accent
asx_gra_6d0f44a93d01_t02	asx_gra_6d0f44a93d01	2	B	grammar_example	dhè wo zèxijo.	I was seen.	exact	dhè [L] | wo [L] | zèxijo [L.H.L]	dhè [H] | wo [L] | zèxijo [L.H.L]	dhè [lexical] | wo [lexical] | zèxijo [zè- (prefix) + -x- (infix) + ijo (lexical unit)]	L%	none		no_reference	source_attested_model_accent
asx_gra_15e87b6f826d_t01	asx_gra_15e87b6f826d	1	B	grammar_example	tam pùfă.	Two Thirds.	exact	tam [H] | pùfă [L.H]	tam [H] | pùfă [L.L]	tam [lexical] | pùfă [pù- (prefix) + fă (root)]	L%	none		no_reference	source_attested_model_accent
asx_gra_15e87b6f826d_t02	asx_gra_15e87b6f826d	2	B	grammar_example	tam pùfă.	Two Thirds.	exact	tam [H] | pùfă [L.H]	tam [H] | pùfă [L.L]	tam [lexical] | pùfă [pù- (prefix) + fă (root)]	L%	none		no_reference	source_attested_model_accent
asx_gra_94e26336ccc1_t01	asx_gra_94e26336ccc1	1	B	grammar_example	xő shěsonů tozèůchů.	It felt like he was reading.	exact	xő [L] | shěsonů [H.L.L] | tozèůchů [H.L.L.L]	xő [H] | shěsonů [L.L.L] | tozèůchů [H.L.L.L]	xő [lexical] | shěsonů [lexical] | tozèůchů [lexical]	L%	none		no_reference	source_attested_model_accent
asx_gra_94e26336ccc1_t02	asx_gra_94e26336ccc1	2	B	grammar_example	xő shěsonů tozèůchů.	It felt like he was reading.	exact	xő [L] | shěsonů [H.L.L] | tozèůchů [H.L.L.L]	xő [H] | shěsonů [L.L.L] | tozèůchů [H.L.L.L]	xő [lexical] | shěsonů [lexical] | tozèůchů [lexical]	L%	none		no_reference	source_attested_model_accent
asx_gra_b3ea317cfa82_t01	asx_gra_b3ea317cfa82	1	B	grammar_example	ko kőnů topatohùfwo.	I will doubt that she understands.	exact	ko [L] | kőnů [H.H] | topatohùfwo [H.L.L.L.L]	ko [H] | kőnů [L.H] | topatohùfwo [H.L.L.L.L]	ko [lexical] | kőnů [kő (root) + -n- (infix) + -ů (verbalizer)] | topatohùfwo [lexical]	L%	none		no_reference	source_attested_model_accent
asx_gra_b3ea317cfa82_t02	asx_gra_b3ea317cfa82	2	B	grammar_example	ko kőnů topatohùfwo.	I will doubt that she understands.	exact	ko [L] | kőnů [H.H] | topatohùfwo [H.L.L.L.L]	ko [H] | kőnů [L.H] | topatohùfwo [H.L.L.L.L]	ko [lexical] | kőnů [kő (root) + -n- (infix) + -ů (verbalizer)] | topatohùfwo [lexical]	L%	none		no_reference	source_attested_model_accent
asx_gra_45d0c4e91a4e_t01	asx_gra_45d0c4e91a4e	1	B	grammar_example	xő shěsonů sỏăůchů.	It felt like he read.	exact	xő [L] | shěsonů [H.L.L] | sỏăůchů [H.L.L.L]	xő [H] | shěsonů [L.L.L] | sỏăůchů [H.L.L.L]	xő [lexical] | shěsonů [lexical] | sỏăůchů [lexical]	L%	none		no_reference	source_attested_model_accent
asx_gra_45d0c4e91a4e_t02	asx_gra_45d0c4e91a4e	2	B	grammar_example	xő shěsonů sỏăůchů.	It felt like he read.	exact	xő [L] | shěsonů [H.L.L] | sỏăůchů [H.L.L.L]	xő [H] | shěsonů [L.L.L] | sỏăůchů [H.L.L.L]	xő [lexical] | shěsonů [lexical] | sỏăůchů [lexical]	L%	none		no_reference	source_attested_model_accent
asx_gra_005aaff20e65_t01	asx_gra_005aaff20e65	1	B	grammar_example	xő shěsonů ăsỏxăhè.	I was convinced he read.	exact	xő [L] | shěsonů [H.L.L] | ăsỏxăhè [H.L.L.L]	xő [H] | shěsonů [L.L.L] | ăsỏxăhè [H.L.L.L]	xő [lexical] | shěsonů [lexical] | ăsỏxăhè [lexical]	L%	none		no_reference	source_attested_model_accent
asx_gra_005aaff20e65_t02	asx_gra_005aaff20e65	2	B	grammar_example	xő shěsonů ăsỏxăhè.	I was convinced he read.	exact	xő [L] | shěsonů [H.L.L] | ăsỏxăhè [H.L.L.L]	xő [H] | shěsonů [L.L.L] | ăsỏxăhè [H.L.L.L]	xő [lexical] | shěsonů [lexical] | ăsỏxăhè [lexical]	L%	none		no_reference	source_attested_model_accent
asx_gra_81ba9f9b8c5c_t01	asx_gra_81ba9f9b8c5c	1	B	grammar_example	vakamshárokam, to wo ximă ronů.	I lift at the gym every day.	exact	vakamshárokam [L.L.H.L.L] | to [L] | wo [L] | ximă [L.L] | ronů [H.H]	vakamshárokam [H.L.H.L.L] | to [L] | wo [L] | ximă [L.L] | ronů [H.H]	vakamshárokam [va- (prefix) + kamshárokam (root)] | to [lexical] | wo [lexical] | ximă [lexical] | ronů [lexical]	L%	none		no_reference	source_attested_model_accent
asx_gra_81ba9f9b8c5c_t02	asx_gra_81ba9f9b8c5c	2	B	grammar_example	vakamshárokam, to wo ximă ronů.	I lift at the gym every day.	exact	vakamshárokam [L.L.H.L.L] | to [L] | wo [L] | ximă [L.L] | ronů [H.H]	vakamshárokam [H.L.H.L.L] | to [L] | wo [L] | ximă [L.L] | ronů [H.H]	vakamshárokam [va- (prefix) + kamshárokam (root)] | to [lexical] | wo [lexical] | ximă [lexical] | ronů [lexical]	L%	none		no_reference	source_attested_model_accent
asx_gra_ba9af1fb8d8d_t01	asx_gra_ba9af1fb8d8d	1	B	grammar_example	to wo tammă haśù.	I run every other day.	exact	to [L] | wo [L] | tammă [H.L.L] | haśù [L.H]	to [H] | wo [L] | tammă [H.L.L] | haśù [L.L]	to [lexical] | wo [lexical] | tammă [lexical] | haśù [lexical]	L%	none		no_reference	source_attested_model_accent
asx_gra_ba9af1fb8d8d_t02	asx_gra_ba9af1fb8d8d	2	B	grammar_example	to wo tammă haśù.	I run every other day.	exact	to [L] | wo [L] | tammă [H.L.L] | haśù [L.H]	to [H] | wo [L] | tammă [H.L.L] | haśù [L.L]	to [lexical] | wo [lexical] | tammă [lexical] | haśù [lexical]	L%	none		no_reference	source_attested_model_accent
asx_gra_75e3fa0abbdd_t01	asx_gra_75e3fa0abbdd	1	B	grammar_example	to wo gămă shěsonů.	I read whenever (at any time).	exact	to [L] | wo [L] | gămă [L.L] | shěsonů [H.L.L]	to [H] | wo [L] | gămă [L.L] | shěsonů [H.L.L]	to [lexical] | wo [lexical] | gămă [lexical] | shěsonů [lexical]	L%	none		no_reference	source_attested_model_accent
asx_gra_75e3fa0abbdd_t02	asx_gra_75e3fa0abbdd	2	B	grammar_example	to wo gămă shěsonů.	I read whenever (at any time).	exact	to [L] | wo [L] | gămă [L.L] | shěsonů [H.L.L]	to [H] | wo [L] | gămă [L.L] | shěsonů [H.L.L]	to [lexical] | wo [lexical] | gămă [lexical] | shěsonů [lexical]	L%	none		no_reference	source_attested_model_accent
asx_gra_ef7ae8e03959_t01	asx_gra_ef7ae8e03959	1	B	grammar_example	to wo xi ni xi bwoŕů.	I am getting fat day by day.	exact	to [L] | wo [L] | xi [H] | ni [L] | xi [H] | bwoŕů [H.H]	to [H] | wo [L] | xi [H] | ni [L] | xi [H] | bwoŕů [H.H]	to [lexical] | wo [lexical] | xi [lexical] | ni [lexical] | xi [lexical] | bwoŕů [bwo (root) + -ŕ- (infix) + -ů (verbalizer)]	L%	none		no_reference	source_attested_model_accent
asx_gra_ef7ae8e03959_t02	asx_gra_ef7ae8e03959	2	B	grammar_example	to wo xi ni xi bwoŕů.	I am getting fat day by day.	exact	to [L] | wo [L] | xi [H] | ni [L] | xi [H] | bwoŕů [H.H]	to [H] | wo [L] | xi [H] | ni [L] | xi [H] | bwoŕů [H.H]	to [lexical] | wo [lexical] | xi [lexical] | ni [lexical] | xi [lexical] | bwoŕů [bwo (root) + -ŕ- (infix) + -ů (verbalizer)]	L%	none		no_reference	source_attested_model_accent
asx_gra_66079f353bd2_t01	asx_gra_66079f353bd2	1	B	grammar_example	to wo shěsonů wă.	I want to read.	exact	to [L] | wo [L] | shěsonů [H.L.L] | wă [H]	to [H] | wo [L] | shěsonů [H.L.L] | wă [L]	to [lexical] | wo [lexical] | shěsonů [lexical] | wă [lexical]	L%	none		no_reference	source_attested_model_accent
asx_gra_66079f353bd2_t02	asx_gra_66079f353bd2	2	B	grammar_example	to wo shěsonů wă.	I want to read.	exact	to [L] | wo [L] | shěsonů [H.L.L] | wă [H]	to [H] | wo [L] | shěsonů [H.L.L] | wă [L]	to [lexical] | wo [lexical] | shěsonů [lexical] | wă [lexical]	L%	none		no_reference	source_attested_model_accent
asx_gra_0b8b838a4dca_t01	asx_gra_0b8b838a4dca	1	B	grammar_example	to wo haśù wë.	I need to run.	exact	to [L] | wo [L] | haśù [L.H] | wë [L]	to [H] | wo [L] | haśù [L.H] | wë [L]	to [lexical] | wo [lexical] | haśù [lexical] | wë [lexical]	L%	none		no_reference	source_attested_model_accent
asx_gra_0b8b838a4dca_t02	asx_gra_0b8b838a4dca	2	B	grammar_example	to wo haśù wë.	I need to run.	exact	to [L] | wo [L] | haśù [L.H] | wë [L]	to [H] | wo [L] | haśù [L.H] | wë [L]	to [lexical] | wo [lexical] | haśù [lexical] | wë [lexical]	L%	none		no_reference	source_attested_model_accent
asx_gra_77fde8eb78d5_t01	asx_gra_77fde8eb78d5	1	B	grammar_example	to no xoxo nỏwë.	You don't have to leave.	exact	to [L] | no [L] | xoxo [H.L] | nỏwë [L.L]	to [H] | no [L] | xoxo [H.L] | nỏwë [L.L]	to [lexical] | no [lexical] | xoxo [lexical] | nỏwë [lexical]	L%	none		no_reference	source_attested_model_accent
asx_gra_77fde8eb78d5_t02	asx_gra_77fde8eb78d5	2	B	grammar_example	to no xoxo nỏwë.	You don't have to leave.	exact	to [L] | no [L] | xoxo [H.L] | nỏwë [L.L]	to [H] | no [L] | xoxo [H.L] | nỏwë [L.L]	to [lexical] | no [lexical] | xoxo [lexical] | nỏwë [lexical]	L%	none		no_reference	source_attested_model_accent
asx_gra_24482fbebf15_t01	asx_gra_24482fbebf15	1	B	grammar_example	shěsonů tomo nåhèhaśù!	Stop reading (and) run!	exact	shěsonů [H.L.L] | tomo [H.L] | nåhèhaśù [H.L.L.L]	shěsonů [H.L.L] | tomo [H.L] | nåhèhaśù [H.L.L.L]	shěsonů [lexical] | tomo [tomo' (cessative glottal elision)] | nåhèhaśù [lexical]	LH%	none		no_reference	source_attested_model_accent
asx_gra_24482fbebf15_t02	asx_gra_24482fbebf15	2	B	grammar_example	shěsonů tomo nåhèhaśù!	Stop reading (and) run!	exact	shěsonů [H.L.L] | tomo [H.L] | nåhèhaśù [H.L.L.L]	shěsonů [H.L.L] | tomo [H.L] | nåhèhaśù [H.L.L.L]	shěsonů [lexical] | tomo [tomo' (cessative glottal elision)] | nåhèhaśù [lexical]	LH%	none		no_reference	source_attested_model_accent
asx_gra_558472ffaabe_t01	asx_gra_558472ffaabe	1	B	grammar_example	to wo panåshěsonů.	I will read now (instead of what I am doing).	exact	to [L] | wo [L] | panåshěsonů [L.L.H.L.L]	to [H] | wo [L] | panåshěsonů [L.L.H.L.L]	to [lexical] | wo [lexical] | panåshěsonů [panå- (prefix) + shěsonů (root)]	L%	none		no_reference	source_attested_model_accent
asx_gra_558472ffaabe_t02	asx_gra_558472ffaabe	2	B	grammar_example	to wo panåshěsonů.	I will read now (instead of what I am doing).	exact	to [L] | wo [L] | panåshěsonů [L.L.H.L.L]	to [H] | wo [L] | panåshěsonů [L.L.H.L.L]	to [lexical] | wo [lexical] | panåshěsonů [panå- (prefix) + shěsonů (root)]	L%	none		no_reference	source_attested_model_accent
asx_gra_125b73782af0_t01	asx_gra_125b73782af0	1	B	grammar_example	to pa siŕo xiŕa.	The future is unknown.	exact	to [L] | pa [H] | siŕo [H.H] | xiŕa [L.L]	to [H] | pa [L] | siŕo [H.H] | xiŕa [L.L]	to [lexical] | pa [lexical] | siŕo [lexical] | xiŕa [lexical]	L%	none		no_reference	source_attested_model_accent
asx_gra_125b73782af0_t02	asx_gra_125b73782af0	2	B	grammar_example	to pa siŕo xiŕa.	The future is unknown.	exact	to [L] | pa [H] | siŕo [H.H] | xiŕa [L.L]	to [H] | pa [L] | siŕo [H.H] | xiŕa [L.L]	to [lexical] | pa [lexical] | siŕo [lexical] | xiŕa [lexical]	L%	none		no_reference	source_attested_model_accent
asx_gra_21bb8e50603a_t01	asx_gra_21bb8e50603a	1	B	grammar_example	vazè, jomåsháwa zèvivinů.	In the past, humans lived.	exact	vazè [L.H] | jomåsháwa [H.L.L.L] | zèvivinů [L.H.L.L]	vazè [H.L] | jomåsháwa [H.L.L.L] | zèvivinů [L.H.L.L]	vazè [lexical] | jomåsháwa [jomåshá (root) + -wa (plural suffix)] | zèvivinů [zè- (prefix) + vivi (root) + -n- (infix) + -ů (verbalizer)]	L%	none		no_reference	source_attested_model_accent
asx_gra_21bb8e50603a_t02	asx_gra_21bb8e50603a	2	B	grammar_example	vazè, jomåsháwa zèvivinů.	In the past, humans lived.	exact	vazè [L.H] | jomåsháwa [H.L.L.L] | zèvivinů [L.H.L.L]	vazè [H.L] | jomåsháwa [H.L.L.L] | zèvivinů [L.H.L.L]	vazè [lexical] | jomåsháwa [jomåshá (root) + -wa (plural suffix)] | zèvivinů [zè- (prefix) + vivi (root) + -n- (infix) + -ů (verbalizer)]	L%	none		no_reference	source_attested_model_accent
asx_gra_f845263ca149_t01	asx_gra_f845263ca149	1	B	grammar_example	vozè, to wo zèxogă.	I arrived (just) a moment ago.	exact	vozè [H.L] | to [L] | wo [L] | zèxogă [L.L.H]	vozè [H.L] | to [L] | wo [L] | zèxogă [L.L.L]	vozè [lexical] | to [lexical] | wo [lexical] | zèxogă [zè- (prefix) + xogă (root)]	L%	none		no_reference	source_attested_model_accent
asx_gra_f845263ca149_t02	asx_gra_f845263ca149	2	B	grammar_example	vozè, to wo zèxogă.	I arrived (just) a moment ago.	exact	vozè [H.L] | to [L] | wo [L] | zèxogă [L.L.H]	vozè [H.L] | to [L] | wo [L] | zèxogă [L.L.L]	vozè [lexical] | to [lexical] | wo [lexical] | zèxogă [zè- (prefix) + xogă (root)]	L%	none		no_reference	source_attested_model_accent
asx_gra_e568364efd67_t01	asx_gra_e568364efd67	1	B	grammar_example	nikpa, to wa pashěsonů.	In the distant future, we will read.	exact	nikpa [H.H] | to [L] | wa [L] | pashěsonů [L.H.L.L]	nikpa [H.H] | to [L] | wa [L] | pashěsonů [L.H.L.L]	nikpa [lexical] | to [lexical] | wa [lexical] | pashěsonů [pa- (prefix) + shěsonů (root)]	L%	none		no_reference	source_attested_model_accent
asx_gra_e568364efd67_t02	asx_gra_e568364efd67	2	B	grammar_example	nikpa, to wa pashěsonů.	In the distant future, we will read.	exact	nikpa [H.H] | to [L] | wa [L] | pashěsonů [L.H.L.L]	nikpa [H.H] | to [L] | wa [L] | pashěsonů [L.H.L.L]	nikpa [lexical] | to [lexical] | wa [lexical] | pashěsonů [pa- (prefix) + shěsonů (root)]	L%	none		no_reference	source_attested_model_accent
asx_gra_c2cdfb092a07_t01	asx_gra_c2cdfb092a07	1	B	grammar_example	ńopa, to wa gavină paůchů.	We will feel well in the immediate future (on the brink).	exact	ńopa [L.H] | to [L] | wa [L] | gavină [H.L.L] | paůchů [L.H.L]	ńopa [H.L] | to [L] | wa [L] | gavină [H.L.L] | paůchů [L.H.L]	ńopa [lexical] | to [lexical] | wa [lexical] | gavină [lexical] | paůchů [pa- (prefix) + ůchů (root)]	L%	none		no_reference	source_attested_model_accent
asx_gra_c2cdfb092a07_t02	asx_gra_c2cdfb092a07	2	B	grammar_example	ńopa, to wa gavină paůchů.	We will feel well in the immediate future (on the brink).	exact	ńopa [L.H] | to [L] | wa [L] | gavină [H.L.L] | paůchů [L.H.L]	ńopa [H.L] | to [L] | wa [L] | gavină [H.L.L] | paůchů [L.H.L]	ńopa [lexical] | to [lexical] | wa [lexical] | gavină [lexical] | paůchů [pa- (prefix) + ůchů (root)]	L%	none		no_reference	source_attested_model_accent
asx_gra_b2b28ff90743_t01	asx_gra_b2b28ff90743	1	B	grammar_example	kozèvkozè, ă ponă ŕimshá zèxiŕa.	Once upon a time, there was (lived) a certain lemur.	exact	kozèvkozè [L.H.L.L] | ă [H] | ponă [L.L] | ŕimshá [L.H] | zèxiŕa [L.H.H]	kozèvkozè [H.L.L.L] | ă [H] | ponă [L.L] | ŕimshá [L.H] | zèxiŕa [L.H.H]	kozèvkozè [lexical] | ă [lexical] | ponă [lexical] | ŕimshá [lexical] | zèxiŕa [zè- (prefix) + xi (root) + -ŕa (validity suffix)]	L%	none		no_reference	source_attested_model_accent
asx_gra_b2b28ff90743_t02	asx_gra_b2b28ff90743	2	B	grammar_example	kozèvkozè, ă ponă ŕimshá zèxiŕa.	Once upon a time, there was (lived) a certain lemur.	exact	kozèvkozè [L.H.L.L] | ă [H] | ponă [L.L] | ŕimshá [L.H] | zèxiŕa [L.H.H]	kozèvkozè [H.L.L.L] | ă [H] | ponă [L.L] | ŕimshá [L.H] | zèxiŕa [L.H.H]	kozèvkozè [lexical] | ă [lexical] | ponă [lexical] | ŕimshá [lexical] | zèxiŕa [zè- (prefix) + xi (root) + -ŕa (validity suffix)]	L%	none		no_reference	source_attested_model_accent
asx_gra_38c5541bfc1a_t01	asx_gra_38c5541bfc1a	1	B	grammar_example	to john shěsonů naŕè.	John should read.	exact	to [L] | john [H] | shěsonů [H.L.L] | naŕè [L.L]	to [H] | john [L] | shěsonů [H.L.L] | naŕè [L.L]	to [lexical] | john [lexical] | shěsonů [lexical] | naŕè [lexical]	L%	none		no_reference	source_attested_model_accent
asx_gra_38c5541bfc1a_t02	asx_gra_38c5541bfc1a	2	B	grammar_example	to john shěsonů naŕè.	John should read.	exact	to [L] | john [H] | shěsonů [H.L.L] | naŕè [L.L]	to [H] | john [L] | shěsonů [H.L.L] | naŕè [L.L]	to [lexical] | john [lexical] | shěsonů [lexical] | naŕè [lexical]	L%	none		no_reference	source_attested_model_accent
asx_gra_2d6aa7ccf24d_t01	asx_gra_2d6aa7ccf24d	1	B	grammar_example	to john shěsonů nánaŕè.	John shouldn't read.	exact	to [L] | john [H] | shěsonů [H.L.L] | nánaŕè [H.L.L]	to [H] | john [L] | shěsonů [H.L.L] | nánaŕè [H.L.L]	to [lexical] | john [lexical] | shěsonů [lexical] | nánaŕè [lexical]	L%	none		no_reference	source_attested_model_accent
asx_gra_2d6aa7ccf24d_t02	asx_gra_2d6aa7ccf24d	2	B	grammar_example	to john shěsonů nánaŕè.	John shouldn't read.	exact	to [L] | john [H] | shěsonů [H.L.L] | nánaŕè [H.L.L]	to [H] | john [L] | shěsonů [H.L.L] | nánaŕè [H.L.L]	to [lexical] | john [lexical] | shěsonů [lexical] | nánaŕè [lexical]	L%	none		no_reference	source_attested_model_accent
asx_gra_6548e8aa2802_t01	asx_gra_6548e8aa2802	1	B	grammar_example	to wo dasă śchinů.	I am 100cm tall.	exact	to [L] | wo [L] | dasă [L.H] | śchinů [H.L]	to [H] | wo [L] | dasă [L.H] | śchinů [H.L]	to [lexical] | wo [lexical] | dasă [da- (prefix) + să (root)] | śchinů [lexical]	L%	none		no_reference	source_attested_model_accent
asx_gra_6548e8aa2802_t02	asx_gra_6548e8aa2802	2	B	grammar_example	to wo dasă śchinů.	I am 100cm tall.	exact	to [L] | wo [L] | dasă [L.H] | śchinů [H.L]	to [H] | wo [L] | dasă [L.H] | śchinů [H.L]	to [lexical] | wo [lexical] | dasă [da- (prefix) + să (root)] | śchinů [lexical]	L%	none		no_reference	source_attested_model_accent
asx_gra_76bbf2eb1516_t01	asx_gra_76bbf2eb1516	1	B	grammar_example	to shěso tam sè ŋo xiŕa.	The book is 2 kilos.	exact	to [L] | shěso [H.L] | tam [H] | sè [L] | ŋo [H] | xiŕa [L.L]	to [H] | shěso [L.L] | tam [H] | sè [L] | ŋo [H] | xiŕa [L.L]	to [lexical] | shěso [lexical] | tam [lexical] | sè [lexical] | ŋo [lexical] | xiŕa [lexical]	L%	none		no_reference	source_attested_model_accent
asx_gra_76bbf2eb1516_t02	asx_gra_76bbf2eb1516	2	B	grammar_example	to shěso tam sè ŋo xiŕa.	The book is 2 kilos.	exact	to [L] | shěso [H.L] | tam [H] | sè [L] | ŋo [H] | xiŕa [L.L]	to [H] | shěso [L.L] | tam [H] | sè [L] | ŋo [H] | xiŕa [L.L]	to [lexical] | shěso [lexical] | tam [lexical] | sè [lexical] | ŋo [lexical] | xiŕa [lexical]	L%	none		no_reference	source_attested_model_accent
asx_gra_08a8bab8973f_t01	asx_gra_08a8bab8973f	1	B	grammar_example	to tobo tamda sè śchi.	The table is 200cm.	exact	to [L] | tobo [H.L] | tamda [H.L] | sè [L] | śchi [H]	to [H] | tobo [L.L] | tamda [H.L] | sè [L] | śchi [L]	to [lexical] | tobo [lexical] | tamda [lexical] | sè [lexical] | śchi [lexical]	L%	none		no_reference	source_attested_model_accent
asx_gra_08a8bab8973f_t02	asx_gra_08a8bab8973f	2	B	grammar_example	to tobo tamda sè śchi.	The table is 200cm.	exact	to [L] | tobo [H.L] | tamda [H.L] | sè [L] | śchi [H]	to [H] | tobo [L.L] | tamda [H.L] | sè [L] | śchi [L]	to [lexical] | tobo [lexical] | tamda [lexical] | sè [lexical] | śchi [lexical]	L%	none		no_reference	source_attested_model_accent
asx_gra_aab413c94ce1_t01	asx_gra_aab413c94ce1	1	B	grammar_example	to săsă-wao gavină xiŕa.	The entire world is good.	exact	to [L] | săsă [L.L] | wao [L.H] | gavină [H.L.L] | xiŕa [L.L]	to [H] | săsă [L.L] | wao [L.H] | gavină [H.L.L] | xiŕa [L.L]	to [lexical] | săsă [lexical] | wao [lexical] | gavină [lexical] | xiŕa [lexical]	L%	none		no_reference	source_attested_model_accent
asx_gra_aab413c94ce1_t02	asx_gra_aab413c94ce1	2	B	grammar_example	to săsă-wao gavină xiŕa.	The entire world is good.	exact	to [L] | săsă [L.L] | wao [L.H] | gavină [H.L.L] | xiŕa [L.L]	to [H] | săsă [L.L] | wao [L.H] | gavină [H.L.L] | xiŕa [L.L]	to [lexical] | săsă [lexical] | wao [lexical] | gavină [lexical] | xiŕa [lexical]	L%	none		no_reference	source_attested_model_accent
asx_gra_dfd3092969da_t01	asx_gra_dfd3092969da	1	B	grammar_example	to wo sỏni aśù.	I walk as I once did.	exact	to [L] | wo [L] | sỏni [L.L] | aśù [H.L]	to [H] | wo [L] | sỏni [L.L] | aśù [H.L]	to [lexical] | wo [lexical] | sỏni [lexical] | aśù [lexical]	L%	none		no_reference	source_attested_model_accent
asx_gra_dfd3092969da_t02	asx_gra_dfd3092969da	2	B	grammar_example	to wo sỏni aśù.	I walk as I once did.	exact	to [L] | wo [L] | sỏni [L.L] | aśù [H.L]	to [H] | wo [L] | sỏni [L.L] | aśù [H.L]	to [lexical] | wo [lexical] | sỏni [lexical] | aśù [lexical]	L%	none		no_reference	source_attested_model_accent
asx_gra_bfc72c94d269_t01	asx_gra_bfc72c94d269	1	B	grammar_example	ă wo no midăsùki.	I so-love you.	exact	ă [H] | wo [L] | no [L] | midăsùki [H.L.L.L]	ă [H] | wo [L] | no [L] | midăsùki [H.L.L.L]	ă [lexical] | wo [lexical] | no [lexical] | midăsùki [lexical]	L%	none		no_reference	source_attested_model_accent
asx_gra_bfc72c94d269_t02	asx_gra_bfc72c94d269	2	B	grammar_example	ă wo no midăsùki.	I so-love you.	exact	ă [H] | wo [L] | no [L] | midăsùki [H.L.L.L]	ă [H] | wo [L] | no [L] | midăsùki [H.L.L.L]	ă [lexical] | wo [lexical] | no [lexical] | midăsùki [lexical]	L%	none		no_reference	source_attested_model_accent
asx_gra_7b40a840c114_t01	asx_gra_7b40a840c114	1	B	grammar_example	ă wa sỏtètáka.	We so-fought.	exact	ă [H] | wa [L] | sỏtètáka [H.L.L.L]	ă [H] | wa [L] | sỏtètáka [H.L.L.L]	ă [lexical] | wa [lexical] | sỏtètáka [lexical]	L%	none		no_reference	source_attested_model_accent
asx_gra_7b40a840c114_t02	asx_gra_7b40a840c114	2	B	grammar_example	ă wa sỏtètáka.	We so-fought.	exact	ă [H] | wa [L] | sỏtètáka [H.L.L.L]	ă [H] | wa [L] | sỏtètáka [H.L.L.L]	ă [lexical] | wa [lexical] | sỏtètáka [lexical]	L%	none		no_reference	source_attested_model_accent
asx_gra_061b06208076_t01	asx_gra_061b06208076	1	B	grammar_example	to john shěsonůná kè?	Does John not read?	exact	to [L] | john [H] | shěsonůná [H.L.L.H] | kè [L]	to [L] | john [H] | shěsonůná [H.L.L.H] | kè [L]	to [lexical] | john [lexical] | shěsonůná [shěsonů (root) + ná (dominant suffix)] | kè [lexical]	LH%	none		no_reference	source_attested_model_accent
asx_gra_061b06208076_t02	asx_gra_061b06208076	2	B	grammar_example	to john shěsonůná kè?	Does John not read?	exact	to [L] | john [H] | shěsonůná [H.L.L.H] | kè [L]	to [L] | john [H] | shěsonůná [H.L.L.H] | kè [L]	to [lexical] | john [lexical] | shěsonůná [shěsonů (root) + ná (dominant suffix)] | kè [lexical]	LH%	none		no_reference	source_attested_model_accent
asx_gra_36b8607ac3ec_t01	asx_gra_36b8607ac3ec	1	B	grammar_example	ăjo john, nőjo!	O John — hello!	exact	ăjo [H.L] | john [H] | nőjo [H.L]	ăjo [H.L] | john [L] | nőjo [H.L]	ăjo [lexical] | john [lexical] | nőjo [lexical]	LH%	none		no_reference	source_attested_model_accent
asx_gra_36b8607ac3ec_t02	asx_gra_36b8607ac3ec	2	B	grammar_example	ăjo john, nőjo!	O John — hello!	exact	ăjo [H.L] | john [H] | nőjo [H.L]	ăjo [H.L] | john [L] | nőjo [H.L]	ăjo [lexical] | john [lexical] | nőjo [lexical]	LH%	none		no_reference	source_attested_model_accent
asx_gra_126d3a0c7727_t01	asx_gra_126d3a0c7727	1	B	grammar_example	sè wo zèvo wik.	My name (is) Wik.	exact	sè [L] | wo [L] | zèvo [H.L] | wik [H]	sè [H] | wo [L] | zèvo [H.L] | wik [L]	sè [lexical] | wo [lexical] | zèvo [lexical] | wik [lexical]	L%	none		no_reference	source_attested_model_accent
asx_gra_126d3a0c7727_t02	asx_gra_126d3a0c7727	2	B	grammar_example	sè wo zèvo wik.	My name (is) Wik.	exact	sè [L] | wo [L] | zèvo [H.L] | wik [H]	sè [H] | wo [L] | zèvo [H.L] | wik [L]	sè [lexical] | wo [lexical] | zèvo [lexical] | wik [lexical]	L%	none		no_reference	source_attested_model_accent
asx_gra_414434c9edea_t01	asx_gra_414434c9edea	1	B	grammar_example	sè no zèvo kjo?	What (is) your name?	exact	sè [L] | no [L] | zèvo [H.L] | kjo [H]	sè [L] | no [L] | zèvo [L.L] | kjo [H]	sè [lexical] | no [lexical] | zèvo [lexical] | kjo [lexical]	LH%	none		no_reference	source_attested_model_accent
asx_gra_414434c9edea_t02	asx_gra_414434c9edea	2	B	grammar_example	sè no zèvo kjo?	What (is) your name?	exact	sè [L] | no [L] | zèvo [H.L] | kjo [H]	sè [L] | no [L] | zèvo [L.L] | kjo [H]	sè [lexical] | no [lexical] | zèvo [lexical] | kjo [lexical]	LH%	none		no_reference	source_attested_model_accent
asx_gra_7d6d11e82860_t01	asx_gra_7d6d11e82860	1	B	grammar_example	ă no ksá?	How (do) you (feel)?	exact	ă [H] | no [L] | ksá [H]	ă [L] | no [L] | ksá [H]	ă [lexical] | no [lexical] | ksá [lexical]	LH%	none		no_reference	source_attested_model_accent
asx_gra_7d6d11e82860_t02	asx_gra_7d6d11e82860	2	B	grammar_example	ă no ksá?	How (do) you (feel)?	exact	ă [H] | no [L] | ksá [H]	ă [L] | no [L] | ksá [H]	ă [lexical] | no [lexical] | ksá [lexical]	LH%	none		no_reference	source_attested_model_accent
asx_gra_a70655dc910e_t01	asx_gra_a70655dc910e	1	B	grammar_example	gavină.	Well.	exact	gavină [H.L.L]	gavină [H.L.L]	gavină [lexical]	L%	none		no_reference	source_attested_model_accent
asx_gra_a70655dc910e_t02	asx_gra_a70655dc910e	2	B	grammar_example	gavină.	Well.	exact	gavină [H.L.L]	gavină [H.L.L]	gavină [lexical]	L%	none		no_reference	source_attested_model_accent
asx_gra_255902ca2fb2_t01	asx_gra_255902ca2fb2	1	B	grammar_example	dhè no?	As for you?	exact	dhè [L] | no [L]	dhè [L] | no [L]	dhè [lexical] | no [lexical]	LH%	none		no_reference	source_attested_model_accent
asx_gra_255902ca2fb2_t02	asx_gra_255902ca2fb2	2	B	grammar_example	dhè no?	As for you?	exact	dhè [L] | no [L]	dhè [L] | no [L]	dhè [lexical] | no [lexical]	LH%	none		no_reference	source_attested_model_accent
asx_gra_ab5f7153abff_t01	asx_gra_ab5f7153abff	1	B	grammar_example	ăjo!	Excuse me!	exact	ăjo [H.L]	ăjo [H.L]	ăjo [lexical]	LH%	none		no_reference	source_attested_model_accent
asx_gra_ab5f7153abff_t02	asx_gra_ab5f7153abff	2	B	grammar_example	ăjo!	Excuse me!	exact	ăjo [H.L]	ăjo [H.L]	ăjo [lexical]	LH%	none		no_reference	source_attested_model_accent
asx_gra_5c64ec2734c0_t01	asx_gra_5c64ec2734c0	1	B	grammar_example	ni baai aśùhè, zå pjovină.	Walk to the right, then straight.	exact	ni [L] | baai [L.H.L] | aśùhè [H.L.L] | zå [L] | pjovină [H.L.L]	ni [H] | baai [L.H.L] | aśùhè [H.L.L] | zå [L] | pjovină [H.L.L]	ni [lexical] | baai [lexical] | aśùhè [aśù (root) + -hè (suffix)] | zå [lexical] | pjovină [lexical]	L%	none		no_reference	source_attested_model_accent
asx_gra_5c64ec2734c0_t02	asx_gra_5c64ec2734c0	2	B	grammar_example	ni baai aśùhè, zå pjovină.	Walk to the right, then straight.	exact	ni [L] | baai [L.H.L] | aśùhè [H.L.L] | zå [L] | pjovină [H.L.L]	ni [H] | baai [L.H.L] | aśùhè [H.L.L] | zå [L] | pjovină [H.L.L]	ni [lexical] | baai [lexical] | aśùhè [aśù (root) + -hè (suffix)] | zå [lexical] | pjovină [lexical]	L%	none		no_reference	source_attested_model_accent
asx_gra_1b6bdbcaa69a_t01	asx_gra_1b6bdbcaa69a	1	B	grammar_example	daoŕo obi xiŕa.	The market is near.	exact	daoŕo [H.L.L] | obi [L.H] | xiŕa [L.L]	daoŕo [H.L.L] | obi [L.H] | xiŕa [L.L]	daoŕo [lexical] | obi [lexical] | xiŕa [lexical]	L%	none		no_reference	source_attested_model_accent
asx_gra_1b6bdbcaa69a_t02	asx_gra_1b6bdbcaa69a	2	B	grammar_example	daoŕo obi xiŕa.	The market is near.	exact	daoŕo [H.L.L] | obi [L.H] | xiŕa [L.L]	daoŕo [H.L.L] | obi [L.H] | xiŕa [L.L]	daoŕo [lexical] | obi [lexical] | xiŕa [lexical]	L%	none		no_reference	source_attested_model_accent
asx_gra_535559bce9f3_t01	asx_gra_535559bce9f3	1	B	grammar_example	ă wo ŕochỏŕů.	I am thirsty.	exact	ă [H] | wo [L] | ŕochỏŕů [L.H.L]	ă [H] | wo [L] | ŕochỏŕů [L.H.L]	ă [lexical] | wo [lexical] | ŕochỏŕů [lexical]	L%	none		no_reference	source_attested_model_accent
asx_gra_535559bce9f3_t02	asx_gra_535559bce9f3	2	B	grammar_example	ă wo ŕochỏŕů.	I am thirsty.	exact	ă [H] | wo [L] | ŕochỏŕů [L.H.L]	ă [H] | wo [L] | ŕochỏŕů [L.H.L]	ă [lexical] | wo [lexical] | ŕochỏŕů [lexical]	L%	none		no_reference	source_attested_model_accent
asx_gra_539631cc382b_t01	asx_gra_539631cc382b	1	B	grammar_example	ă wo zhýchů.	I am cold.	exact	ă [H] | wo [L] | zhýchů [H.H]	ă [H] | wo [L] | zhýchů [H.H]	ă [lexical] | wo [lexical] | zhýchů [lexical]	L%	none		no_reference	source_attested_model_accent
asx_gra_539631cc382b_t02	asx_gra_539631cc382b	2	B	grammar_example	ă wo zhýchů.	I am cold.	exact	ă [H] | wo [L] | zhýchů [H.H]	ă [H] | wo [L] | zhýchů [H.H]	ă [lexical] | wo [lexical] | zhýchů [lexical]	L%	none		no_reference	source_attested_model_accent
asx_gra_025b5f9edc36_t01	asx_gra_025b5f9edc36	1	B	grammar_example	anő shěso nèŕa.	(There is not) a book.	exact	anő [L.L] | shěso [H.L] | nèŕa [L.L]	anő [H.L] | shěso [H.L] | nèŕa [L.L]	anő [lexical] | shěso [lexical] | nèŕa [lexical]	L%	none		no_reference	source_attested_model_accent
asx_gra_025b5f9edc36_t02	asx_gra_025b5f9edc36	2	B	grammar_example	anő shěso nèŕa.	(There is not) a book.	exact	anő [L.L] | shěso [H.L] | nèŕa [L.L]	anő [H.L] | shěso [H.L] | nèŕa [L.L]	anő [lexical] | shěso [lexical] | nèŕa [lexical]	L%	none		no_reference	source_attested_model_accent
asx_nat_bfda73d1d844_t01	asx_nat_bfda73d1d844	1	C	natural_reader	kozèvkozè, ă ponă gaksamipỏpỏ zèxiŕa, ŕa vanihèko xő xăjovină zèbů.	There was once a velveteen rabbit, and in the beginning he was really splendid.	exact	kozèvkozè [L.H.L.L] | ă [H] | ponă [L.L] | gaksamipỏpỏ [H.L.L.L.L] | zèxiŕa [L.H.H] | ŕa [L] | vanihèko [L.H.H.L] | xő [L] | xăjovină [H.H.L.L] | zèbů [H.H]	kozèvkozè [H.L.L.L] | ă [H] | ponă [L.L] | gaksamipỏpỏ [H.L.L.L.L] | zèxiŕa [L.H.H] | ŕa [L] | vanihèko [L.H.H.L] | xő [L] | xăjovină [H.H.L.L] | zèbů [H.H]	kozèvkozè [lexical] | ă [lexical] | ponă [lexical] | gaksamipỏpỏ [ga- (compound prefix) + aksami (compound modifier) + pỏpỏ (compound head)] | zèxiŕa [zè- (prefix) + xi (root) + -ŕa (validity suffix)] | ŕa [lexical] | vanihèko [va- (prefix) + nihèko (root)] | xő [lexical] | xăjovină [xă- (prefix) + jovi (root) + -nă (warm adjective suffix)] | zèbů [zè (root) + -b- (verbal bridge) + -ů (verbalizer)]	L%	none		no_reference	model_hypothesis
asx_nat_96a4a002f1c2_t01	asx_nat_96a4a002f1c2	1	C	natural_reader	xő bwona pỏnă zèbů — ksá pỏpỏ ů naŕè.	He was fat and bunchy, as a rabbit should be; his coat was spotted brown and white, he had real thread whiskers, and his ears were lined with pink sateen.	exact	xő [L] | bwona [H.L] | pỏnă [H.H] | zèbů [H.H] | ksá [H] | pỏpỏ [H.L] | ů [H] | naŕè [L.L]	xő [H] | bwona [L.L] | pỏnă [H.H] | zèbů [H.H] | ksá [H] | pỏpỏ [H.L] | ů [H] | naŕè [L.L]	xő [lexical] | bwona [bwo (lexical unit) + na (function morpheme)] | pỏnă [pỏ (root) + -nă (warm adjective suffix)] | zèbů [zè (root) + -b- (verbal bridge) + -ů (verbalizer)] | ksá [lexical] | pỏpỏ [lexical] | ů [lexical] | naŕè [lexical]	L%	none		no_reference	model_hypothesis
asx_nat_528b2ef3bc59_t01	asx_nat_528b2ef3bc59	1	C	natural_reader	sè daonoxi xinihè, xő sè onă bỏhjá aśpỏ xawo zèvanů, ja zhývă kjèbi sè xő tëa zèxỏnů vå, onă ijå xăjovină zèxiŕa.	On Christmas morning, when he sat wedged in the top of the Boy's stocking, with a sprig of holly between his paws, the effect was charming.	exact	sè [L] | daonoxi [H.L.L.L] | xinihè [H.L.L] | xő [L] | sè [L] | onă [L.L] | bỏhjá [H.L] | aśpỏ [H.L] | xawo [L.H] | zèvanů [L.L.L] | ja [L] | zhývă [H.L] | kjèbi [H.L] | sè [L] | xő [L] | tëa [H.H] | zèxỏnů [L.L.L] | vå [L] | onă [L.L] | ijå [L.H] | xăjovină [H.H.L.L] | zèxiŕa [L.H.H]	sè [H] | daonoxi [L.L.L.L] | xinihè [H.L.L] | xő [L] | sè [L] | onă [L.L] | bỏhjá [H.L] | aśpỏ [H.L] | xawo [L.H] | zèvanů [L.L.L] | ja [L] | zhývă [H.L] | kjèbi [H.L] | sè [L] | xő [L] | tëa [H.H] | zèxỏnů [L.L.L] | vå [L] | onă [L.L] | ijå [L.H] | xăjovină [H.H.L.L] | zèxiŕa [L.H.H]	sè [lexical] | daonoxi [lexical] | xinihè [lexical] | xő [lexical] | sè [lexical] | onă [lexical] | bỏhjá [lexical] | aśpỏ [lexical] | xawo [lexical] | zèvanů [zè- (prefix) + va- (prefix) + -n- (infix) + -ů (verbalizer)] | ja [lexical] | zhývă [lexical] | kjèbi [lexical] | sè [lexical] | xő [lexical] | tëa [të (root) + -a (plural)] | zèxỏnů [zè- (prefix) + -x- (infix) + ỏ- (prefix) + -n- (infix) + -ů (verbalizer)] | vå [lexical] | onă [lexical] | ijå [lexical] | xăjovină [xă- (prefix) + jovi (root) + -nă (warm adjective suffix)] | zèxiŕa [zè- (prefix) + xi (root) + -ŕa (validity suffix)]	L%	none		no_reference	model_hypothesis
asx_nat_1df05a3a0c7d_t01	asx_nat_1df05a3a0c7d	1	C	natural_reader	va aśpỏ, pă nona zèxiŕa — gokaewa, gaxagikaewa, igùŕano ŕasopŕoŕo, gachőko gokaewa ja gaåka ýhýshá — dzè pỏpỏ năgavină să zèxiŕa.	There were other things in the stocking, nuts and oranges and a toy engine, and chocolate almonds and a clockwork mouse, but the Rabbit was quite the best of all.	exact	va [L] | aśpỏ [H.L] | pă [L] | nona [H.L] | zèxiŕa [L.H.H] | gokaewa [H.L.L.L] | gaxagikaewa [L.H.L.L.L.L] | igùŕano [H.L.L.L] | ŕasopŕoŕo [H.L.L.L] | gachőko [L.H.L] | gokaewa [H.L.L.L] | ja [L] | gaåka [L.H.L] | ýhýshá [L.L.H] | dzè [L] | pỏpỏ [H.L] | năgavină [L.H.L.L] | să [H] | zèxiŕa [L.H.H]	va [H] | aśpỏ [L.L] | pă [L] | nona [H.L] | zèxiŕa [L.H.H] | gokaewa [H.L.L.L] | gaxagikaewa [L.H.L.L.L.L] | igùŕano [H.L.L.L] | ŕasopŕoŕo [H.L.L.L] | gachőko [L.H.L] | gokaewa [H.L.L.L] | ja [L] | gaåka [L.H.L] | ýhýshá [L.L.H] | dzè [L] | pỏpỏ [H.L] | năgavină [L.H.L.L] | să [H] | zèxiŕa [L.H.H]	va [va- (prefix)] | aśpỏ [lexical] | pă [pă- (prefix)] | nona [nono (root) + -a (plural)] | zèxiŕa [zè- (prefix) + xi (root) + -ŕa (validity suffix)] | gokaewa [gokae (root) + -wa (plural)] | gaxagikaewa [ga- (compound prefix) + xagi (compound modifier) + kaewa (compound head: kae (root) + -wa (plural))] | igùŕano [lexical] | ŕasopŕoŕo [lexical] | gachőko [ga- (compound prefix) + chőko (root)] | gokaewa [gokae (root) + -wa (plural)] | ja [lexical] | gaåka [ga- (compound prefix) + åka (root)] | ýhýshá [lexical] | dzè [lexical] | pỏpỏ [lexical] | năgavină [nă- (prefix) + gavi (root) + -nă (warm adjective suffix)] | să [lexical] | zèxiŕa [zè- (prefix) + xi (root) + -ŕa (validity suffix)]	L%	none		no_reference	model_hypothesis
asx_nat_c8fd35a78e3f_t01	asx_nat_c8fd35a78e3f	1	C	natural_reader	nixå tam jhiwa onă bỏhjá ni xő zèsùkixů zå, mỏbama ja bỏbama ni anő komonů zèxogă, ŕa sè txenă shěno dănă jýno ja anő pỏkashů zèxiŕa, ŕa va sè jëný daona ijonů mmbă, dhè onă gaksamipỏpỏ zèxůxů.	For at least two hours the Boy loved him, and then Aunts and Uncles came to dinner, and there was a great rustling of tissue paper and unwrapping of parcels, and in the excitement of looking at all the new presents the Velveteen Rabbit was forgotten.	exact	nixå [L.L] | tam [H] | jhiwa [H.H] | onă [L.L] | bỏhjá [H.L] | ni [L] | xő [L] | zèsùkixů [L.H.L.L] | zå [L] | mỏbama [H.L.L] | ja [L] | bỏbama [H.L.L] | ni [L] | anő [L.L] | komonů [H.L.L] | zèxogă [L.L.H] | ŕa [L] | sè [L] | txenă [H.H] | shěno [H.H] | dănă [H.L] | jýno [H.H] | ja [L] | anő [L.L] | pỏkashů [H.L.L] | zèxiŕa [L.H.H] | ŕa [L] | va [L] | sè [L] | jëný [H.H] | daona [H.L.L] | ijonů [H.L.L] | mmbă [L.H] | dhè [L] | onă [L.L] | gaksamipỏpỏ [H.L.L.L.L] | zèxůxů [L.H.L]	nixå [H.L] | tam [H] | jhiwa [H.H] | onă [L.L] | bỏhjá [H.L] | ni [L] | xő [L] | zèsùkixů [L.H.L.L] | zå [L] | mỏbama [H.L.L] | ja [L] | bỏbama [H.L.L] | ni [L] | anő [L.L] | komonů [H.L.L] | zèxogă [L.L.H] | ŕa [L] | sè [L] | txenă [H.H] | shěno [H.H] | dănă [H.L] | jýno [H.H] | ja [L] | anő [L.L] | pỏkashů [H.L.L] | zèxiŕa [L.H.H] | ŕa [L] | va [L] | sè [L] | jëný [H.H] | daona [H.L.L] | ijonů [H.L.L] | mmbă [L.H] | dhè [L] | onă [L.L] | gaksamipỏpỏ [H.L.L.L.L] | zèxůxů [L.H.L]	nixå [lexical] | tam [lexical] | jhiwa [jhi (root) + -wa (plural)] | onă [lexical] | bỏhjá [lexical] | ni [lexical] | xő [lexical] | zèsùkixů [zè- (prefix) + sùki (root) + -x- (infix) + -ů (verbalizer)] | zå [lexical] | mỏbama [mỏba (root) + -ma (plural)] | ja [lexical] | bỏbama [bỏba (root) + -ma (plural)] | ni [lexical] | anő [lexical] | komonů [lexical] | zèxogă [zè- (prefix) + xogă (root)] | ŕa [lexical] | sè [lexical] | txenă [lexical] | shěno [lexical] | dănă [lexical] | jýno [lexical] | ja [lexical] | anő [lexical] | pỏkashů [pỏka (root) + -sh- (infix) + -ů (verbalizer)] | zèxiŕa [zè- (prefix) + xi (root) + -ŕa (validity suffix)] | ŕa [lexical] | va [va- (prefix)] | sè [lexical] | jëný [jë (root) + -ný (reduced cold adjective suffix)] | daona [daono (root) + -a (plural)] | ijonů [ijo (root) + -n- (infix) + -ů (verbalizer)] | mmbă [lexical] | dhè [lexical] | onă [lexical] | gaksamipỏpỏ [ga- (compound prefix) + aksami (compound modifier) + pỏpỏ (compound head)] | zèxůxů [zè- (prefix) + xůxů (root)]	L%	none		no_reference	model_hypothesis
asx_nat_a8e770136f1b_t01	asx_nat_a8e770136f1b	1	C	natural_reader	nixå dănă å, xő va sè igùŕana nomáka si na sè hjávakam pùkŕo zèvivinů, ŕa kshá xa ăni xő dăgo ŕimaná.	For a long time he lived in the toy cupboard or on the nursery floor, and no one thought very much about him.	exact	nixå [L.L] | dănă [H.L] | å [H] | xő [L] | va [L] | sè [L] | igùŕana [H.L.L.L] | nomáka [H.L.L] | si [L] | na [L] | sè [L] | hjávakam [H.L.L] | pùkŕo [L.H] | zèvivinů [L.H.L.L] | ŕa [L] | kshá [H] | xa [L] | ăni [H.H] | xő [L] | dăgo [L.L] | ŕimaná [H.L.H]	nixå [H.L] | dănă [H.L] | å [H] | xő [L] | va [L] | sè [L] | igùŕana [H.L.L.L] | nomáka [H.L.L] | si [L] | na [L] | sè [L] | hjávakam [H.L.L] | pùkŕo [L.H] | zèvivinů [L.H.L.L] | ŕa [L] | kshá [H] | xa [L] | ăni [H.H] | xő [L] | dăgo [L.L] | ŕimaná [H.L.L]	nixå [lexical] | dănă [lexical] | å [lexical] | xő [lexical] | va [va- (prefix)] | sè [lexical] | igùŕana [igùŕa (lexical unit) + no (function morpheme) + -a (plural suffix)] | nomáka [lexical] | si [lexical] | na [lexical] | sè [lexical] | hjávakam [lexical] | pùkŕo [lexical] | zèvivinů [zè- (prefix) + vivi (root) + -n- (infix) + -ů (verbalizer)] | ŕa [lexical] | kshá [lexical] | xa [lexical] | ăni [lexical] | xő [lexical] | dăgo [lexical] | ŕimaná [ŕima (root) + ná (dominant suffix)]	L%	none		no_reference	model_hypothesis
asx_nat_2582ac46c13d_t01	asx_nat_2582ac46c13d	1	C	natural_reader	xő hjină zèxiŕa, ŕa xő aksami să izoŕa sèwo, onýj dăgo daogo wëè igùŕana xő zèxajù.	He was naturally shy, and being only made of velveteen, some of the more expensive toys quite snubbed him.	exact	xő [L] | hjină [H.H] | zèxiŕa [L.H.H] | ŕa [L] | xő [L] | aksami [H.L.L] | să [H] | izoŕa [L.L.L] | sèwo [L.L] | onýj [L.L] | dăgo [L.L] | daogo [H.L.L] | wëè [H.L] | igùŕana [H.L.L.L] | xő [L] | zèxajù [H.L.L]	xő [H] | hjină [L.H] | zèxiŕa [L.H.H] | ŕa [L] | xő [L] | aksami [H.L.L] | să [H] | izoŕa [L.L.L] | sèwo [L.L] | onýj [L.L] | dăgo [L.L] | daogo [H.L.L] | wëè [H.L] | igùŕana [H.L.L.L] | xő [L] | zèxajù [H.L.L]	xő [lexical] | hjină [lexical] | zèxiŕa [zè- (prefix) + xi (root) + -ŕa (validity suffix)] | ŕa [lexical] | xő [lexical] | aksami [lexical] | să [lexical] | izoŕa [izo (function morpheme) + -ŕa (validity suffix)] | sèwo [lexical] | onýj [lexical] | dăgo [lexical] | daogo [lexical] | wëè [lexical] | igùŕana [igùŕa (lexical unit) + no (function morpheme) + -a (plural suffix)] | xő [lexical] | zèxajù [zè- (prefix) + axajù (lexical unit)]	L%	none		no_reference	model_hypothesis
asx_nat_a21da06d1054_t01	asx_nat_a21da06d1054	1	C	natural_reader	gaåka igùŕana xăŕèzinů ŕa pă sháma gőnigő zèxajù; hja jëný ŕimåa dăgo zèma, ŕa xăcèsháma zèbůwů.	The mechanical toys were very superior, and looked down upon every one else; they were full of modern ideas, and pretended they were real.	exact	gaåka [L.H.L] | igùŕana [H.L.L.L] | xăŕèzinů [H.L.L.L] | ŕa [L] | pă [L] | sháma [H.H] | gőnigő [L.L.L] | zèxajù [H.L.L] | hja [L] | jëný [H.H] | ŕimåa [L.H.L] | dăgo [L.L] | zèma [L.H] | ŕa [L] | xăcèsháma [H.H.L.L] | zèbůwů [H.H.H]	gaåka [H.L.L] | igùŕana [H.L.L.L] | xăŕèzinů [H.L.L.L] | ŕa [L] | pă [L] | sháma [H.H] | gőnigő [L.L.L] | zèxajù [H.L.L] | hja [L] | jëný [H.H] | ŕimåa [L.H.L] | dăgo [L.L] | zèma [L.H] | ŕa [L] | xăcèsháma [H.H.L.L] | zèbůwů [H.H.H]	gaåka [ga- (compound prefix) + åka (root)] | igùŕana [igùŕa (lexical unit) + no (function morpheme) + -a (plural suffix)] | xăŕèzinů [lexical] | ŕa [lexical] | pă [pă- (prefix)] | sháma [shá (root) + -ma (plural)] | gőnigő [lexical] | zèxajù [zè- (prefix) + axajù (lexical unit)] | hja [lexical] | jëný [jë (root) + -ný (reduced cold adjective suffix)] | ŕimåa [ŕimå (root) + -a (plural)] | dăgo [lexical] | zèma [zè- (prefix) + ma (root)] | ŕa [lexical] | xăcèsháma [xăcè (compound modifier) + sháma (compound head: shá (root) + -ma (plural))] | zèbůwů [zè (root) + -b- (verbal bridge) + -ů (verbalizer) + -w- (infix) + -ů (verbalizer)]	L%	none		no_reference	model_hypothesis
asx_nat_c937f376164f_t01	asx_nat_c937f376164f	1	C	natural_reader	onă fnè — xő nixå tam jëtxăa hùzèvivinů ŕa sè xő gámŕo dăgo hùzètákshù — izo hja onă jýno zètỏma, ŕa gămă ăni sè xő gùŕa zá zùný kozèný ijùna zèjýnů.	The model boat, who had lived through two seasons and lost most of his paint, caught the tone from them and never missed an opportunity of referring to his rigging in technical terms.	exact	onă [L.L] | fnè [H] | xő [L] | nixå [L.L] | tam [H] | jëtxăa [H.L.L] | hùzèvivinů [L.L.H.L.L] | ŕa [L] | sè [L] | xő [L] | gámŕo [H.L] | dăgo [L.L] | hùzètákshù [L.L.H.L] | izo [L.L] | hja [L] | onă [L.L] | jýno [H.H] | zètỏma [L.L.H] | ŕa [L] | gămă [L.L] | ăni [H.H] | sè [L] | xő [L] | gùŕa [H.L] | zá [L] | zùný [H.H] | kozèný [L.H.L] | ijùna [H.L.L] | zèjýnů [L.H.H]	onă [H.L] | fnè [H] | xő [L] | nixå [L.L] | tam [H] | jëtxăa [H.L.L] | hùzèvivinů [L.L.H.L.L] | ŕa [L] | sè [L] | xő [L] | gámŕo [H.L] | dăgo [L.L] | hùzètákshù [L.L.H.L] | izo [L.L] | hja [L] | onă [L.L] | jýno [H.H] | zètỏma [L.L.H] | ŕa [L] | gămă [L.L] | ăni [H.H] | sè [L] | xő [L] | gùŕa [H.L] | zá [L] | zùný [H.H] | kozèný [L.H.L] | ijùna [H.L.L] | zèjýnů [L.H.H]	onă [lexical] | fnè [lexical] | xő [lexical] | nixå [lexical] | tam [lexical] | jëtxăa [jë (compound modifier) + txăa (compound head: txă (root) + -a (plural))] | hùzèvivinů [hù- (prefix) + zè- (prefix) + vivi (root) + -n- (infix) + -ů (verbalizer)] | ŕa [lexical] | sè [lexical] | xő [lexical] | gámŕo [lexical] | dăgo [lexical] | hùzètákshù [hù- (prefix) + zè- (prefix) + tákshù (root)] | izo [lexical] | hja [lexical] | onă [lexical] | jýno [lexical] | zètỏma [zè- (prefix) + tỏma (root)] | ŕa [lexical] | gămă [lexical] | ăni [lexical] | sè [lexical] | xő [lexical] | gùŕa [gùŕo (root) + -a (plural)] | zá [lexical] | zùný [zù (root) + -ný (reduced cold adjective suffix)] | kozèný [kozè (root) + -ný (reduced cold adjective suffix)] | ijùna [ijùno (root) + -a (plural)] | zèjýnů [zè- (prefix) + jýn (root) + -ů (verbalizer)]	L%	none		no_reference	model_hypothesis
asx_nat_00604a4da7a2_t01	asx_nat_00604a4da7a2	1	C	natural_reader	pỏpỏ wo să nono tambiwů tte ijù ken.ná, sèwo xő xăcèna pỏpa vivinů cèná; hja săsă zá vènopỏ nixő ůwů vata tte xő zèŕima, ŕa vènopỏ kozènýj xiŕa ŕa zá jëný sháma jo ijù nánaŕè tte xő zècő.	The Rabbit could not claim to be a model of anything, for he didn't know that real rabbits existed; he thought they were all stuffed with sawdust like himself, and he understood that sawdust was quite out-of-date and should never be mentioned in modern circles.	exact	pỏpỏ [H.L] | wo [L] | să [H] | nono [H.L] | tambiwů [H.L.L] | tte [L.L] | ijù [H.L] | ken.ná [L.L] | sèwo [L.L] | xő [L] | xăcèna [H.H.L] | pỏpa [H.L] | vivinů [H.L.L] | cèná [H.H] | hja [L] | săsă [L.L] | zá [L] | vènopỏ [H.L.L] | nixő [L.L] | ůwů [H.L] | vata [H.L] | tte [L.L] | xő [L] | zèŕima [L.H.L] | ŕa [L] | vènopỏ [H.L.L] | kozènýj [L.H.L] | xiŕa [L.L] | ŕa [L] | zá [L] | jëný [H.H] | sháma [H.H] | jo [H] | ijù [H.L] | nánaŕè [H.L.L] | tte [L.L] | xő [L] | zècő [L.H]	pỏpỏ [H.L] | wo [L] | să [H] | nono [H.L] | tambiwů [H.L.L] | tte [L.L] | ijù [H.L] | ken.ná [L.L] | sèwo [L.L] | xő [L] | xăcèna [H.H.L] | pỏpa [H.L] | vivinů [H.L.L] | cèná [H.H] | hja [L] | săsă [L.L] | zá [L] | vènopỏ [H.L.L] | nixő [L.L] | ůwů [H.L] | vata [H.L] | tte [L.L] | xő [L] | zèŕima [L.H.L] | ŕa [L] | vènopỏ [H.L.L] | kozènýj [L.H.L] | xiŕa [L.L] | ŕa [L] | zá [L] | jëný [H.H] | sháma [H.H] | jo [H] | ijù [H.L] | nánaŕè [H.L.L] | tte [L.L] | xő [L] | zècő [L.L]	pỏpỏ [lexical] | wo [lexical] | să [lexical] | nono [lexical] | tambiwů [lexical] | tte [lexical] | ijù [lexical] | ken.ná [lexical] | sèwo [lexical] | xő [lexical] | xăcèna [xăcè (lexical unit) + na (function morpheme)] | pỏpa [pỏpỏ (root) + -a (plural)] | vivinů [lexical] | cèná [lexical] | hja [lexical] | săsă [lexical] | zá [lexical] | vènopỏ [lexical] | nixő [lexical] | ůwů [lexical] | vata [lexical] | tte [lexical] | xő [lexical] | zèŕima [zè- (prefix) + ŕima (root)] | ŕa [lexical] | vènopỏ [lexical] | kozènýj [kozè (root) + -nýj (cold adjective suffix)] | xiŕa [lexical] | ŕa [lexical] | zá [lexical] | jëný [jë (root) + -ný (reduced cold adjective suffix)] | sháma [shá (root) + -ma (plural)] | jo [lexical] | ijù [lexical] | nánaŕè [lexical] | tte [lexical] | xő [lexical] | zècő [zè- (prefix) + cő (root)]	L%	none		no_reference	model_hypothesis
asx_nat_4b7554244590_t01	asx_nat_4b7554244590	1	C	natural_reader	timothy xa — onă gavèno ŕăijoshá, alăna xodëa ma să, tètáŕona tákasháma xő zèkamŕů să — zèflamiŋnů ŕa wo zá xùjakam záŕa tte zèbůwů, chěxa xő nadăna ŕimåa ma naŕè zèxiŕa.	Even Timothy, the jointed wooden lion, who was made by the disabled soldiers, and should have had broader views, put on airs and pretended he was connected with Government.	exact	timothy [H.L] | xa [L] | onă [L.L] | gavèno [L.H.H] | ŕăijoshá [L.H.L.L] | alăna [H.L.L] | xodëa [H.L.L] | ma [H] | să [H] | tètáŕona [H.L.L.L] | tákasháma [H.H.L.L] | xő [L] | zèkamŕů [H.H.H] | să [H] | zèflamiŋnů [H.L.L.L] | ŕa [L] | wo [L] | zá [L] | xùjakam [H.L.L] | záŕa [L.L] | tte [L.L] | zèbůwů [H.H.H] | chěxa [L.L] | xő [L] | nadăna [L.H.L] | ŕimåa [L.H.L] | ma [H] | naŕè [L.L] | zèxiŕa [L.H.H]	timothy [H.L] | xa [L] | onă [L.L] | gavèno [L.H.H] | ŕăijoshá [L.H.L.L] | alăna [H.L.L] | xodëa [H.L.L] | ma [H] | să [H] | tètáŕona [H.L.L.L] | tákasháma [H.H.L.L] | xő [L] | zèkamŕů [H.H.H] | să [H] | zèflamiŋnů [H.L.L.L] | ŕa [L] | wo [L] | zá [L] | xùjakam [H.L.L] | záŕa [L.L] | tte [L.L] | zèbůwů [H.H.H] | chěxa [L.L] | xő [L] | nadăna [L.H.L] | ŕimåa [L.H.L] | ma [H] | naŕè [L.L] | zèxiŕa [L.H.H]	timothy [lexical] | xa [lexical] | onă [lexical] | gavèno [ga- (compound prefix) + vèno (root)] | ŕăijoshá [lexical] | alăna [ală (lexical unit) + na (function morpheme)] | xodëa [xo (compound modifier) + dëa (compound head: dë (root) + -a (plural))] | ma [lexical] | să [lexical] | tètáŕona [tètáŕo (lexical unit) + na (function morpheme)] | tákasháma [táka (compound modifier) + sháma (compound head: shá (root) + -ma (plural))] | xő [lexical] | zèkamŕů [zè (root) + -kam (suffix) + -ŕ- (infix) + -ů (verbalizer)] | să [lexical] | zèflamiŋnů [lexical] | ŕa [lexical] | wo [lexical] | zá [lexical] | xùjakam [lexical] | záŕa [zá (function morpheme) + -ŕa (validity suffix)] | tte [lexical] | zèbůwů [zè (root) + -b- (verbal bridge) + -ů (verbalizer) + -w- (infix) + -ů (verbalizer)] | chěxa [lexical] | xő [lexical] | nadăna [na- (prefix) + dă (lexical unit) + na (function morpheme)] | ŕimåa [ŕimå (root) + -a (plural)] | ma [lexical] | naŕè [lexical] | zèxiŕa [zè- (prefix) + xi (root) + -ŕa (validity suffix)]	L%	none		no_reference	model_hypothesis
asx_nat_25fe3f2cedba_t01	asx_nat_25fe3f2cedba	1	C	natural_reader	ỏ hja săsă, dhè onă exený hjinýj pỏpỏ nixő fůsëona fůzèvonýj ůchů zèxăxè, ŕa onă ni xő gavină zèbů să shá kamnawopaoshá zèxiŕa.	Between them all the poor little Rabbit was made to feel himself very insignificant and commonplace, and the only person who was kind to him at all was the Skin Horse.	exact	ỏ [L] | hja [L] | săsă [L.L] | dhè [L] | onă [L.L] | exený [H.L.L] | hjinýj [H.H] | pỏpỏ [H.L] | nixő [L.L] | fůsëona [H.L.L.L] | fůzèvonýj [H.L.L.L] | ůchů [H.L] | zèxăxè [L.H.H] | ŕa [L] | onă [L.L] | ni [L] | xő [L] | gavină [H.L.L] | zèbů [H.H] | să [H] | shá [H] | kamnawopaoshá [L.L.H.L.L.L] | zèxiŕa [L.H.H]	ỏ [H] | hja [L] | săsă [L.L] | dhè [L] | onă [L.L] | exený [H.L.L] | hjinýj [H.H] | pỏpỏ [H.L] | nixő [L.L] | fůsëona [H.L.L.L] | fůzèvonýj [H.L.L.L] | ůchů [H.L] | zèxăxè [L.H.H] | ŕa [L] | onă [L.L] | ni [L] | xő [L] | gavină [H.L.L] | zèbů [H.H] | să [H] | shá [H] | kamnawopaoshá [L.L.H.L.L.L] | zèxiŕa [L.H.H]	ỏ [ỏ- (prefix)] | hja [lexical] | săsă [lexical] | dhè [lexical] | onă [lexical] | exený [exe (root) + -ný (reduced cold adjective suffix)] | hjinýj [lexical] | pỏpỏ [lexical] | nixő [lexical] | fůsëona [fů (compound modifier) + sëo (compound head) + na (function morpheme)] | fůzèvonýj [fů (compound modifier) + zèvo (compound head) + -nýj (cold adjective suffix)] | ůchů [lexical] | zèxăxè [zè- (prefix) + xă- (prefix) + xè (root)] | ŕa [lexical] | onă [lexical] | ni [lexical] | xő [lexical] | gavină [lexical] | zèbů [zè (root) + -b- (verbal bridge) + -ů (verbalizer)] | să [lexical] | shá [lexical] | kamnawopaoshá [kamnawo (compound modifier) + pao (compound modifier) + shá (compound head)] | zèxiŕa [zè- (prefix) + xi (root) + -ŕa (validity suffix)]	L%	none		no_reference	model_hypothesis
asx_nat_50655c53ed20_t01	asx_nat_50655c53ed20	1	C	natural_reader	nani kamnawopao izo pă sháma săsă, va hjávakam nixå nadănă å zèvivinů.	The Skin Horse had lived longer in the nursery than any of the others.	exact	nani [L.L] | kamnawopao [L.L.H.L.L] | izo [L.L] | pă [L] | sháma [H.H] | săsă [L.L] | va [L] | hjávakam [H.L.L] | nixå [L.L] | nadănă [L.H.H] | å [H] | zèvivinů [L.H.L.L]	nani [H.L] | kamnawopao [L.L.H.L.L] | izo [L.L] | pă [L] | sháma [H.H] | săsă [L.L] | va [L] | hjávakam [H.L.L] | nixå [L.L] | nadănă [L.H.H] | å [H] | zèvivinů [L.H.L.L]	nani [lexical] | kamnawopao [kamnawo (compound modifier) + pao (compound head)] | izo [lexical] | pă [pă- (prefix)] | sháma [shá (root) + -ma (plural)] | săsă [lexical] | va [va- (prefix)] | hjávakam [lexical] | nixå [lexical] | nadănă [na- (prefix) + dă (root) + -nă (warm adjective suffix)] | å [lexical] | zèvivinů [zè- (prefix) + vivi (root) + -n- (infix) + -ů (verbalizer)]	L%	none		no_reference	model_hypothesis
asx_nat_6dbfda0631b2_t01	asx_nat_6dbfda0631b2	1	C	natural_reader	xő xătxănýj zèbů sèni, sè xő gacù pỏ okonoko zèvèshů ŕa onýj pùwo pỏbiwa zèdåmë, ŕa dhè sè xő dëŕă těpỏ dăgo — då anő nodobiŕů — hùzèkixa.	He was so old that his brown coat was bald in patches and showed the seams underneath, and most of the hairs in his tail had been pulled out to string bead necklaces.	exact	xő [L] | xătxănýj [H.H.H] | zèbů [H.H] | sèni [L.L] | sè [L] | xő [L] | gacù [L.H] | pỏ [H] | okonoko [L.L.L.L] | zèvèshů [L.H.H] | ŕa [L] | onýj [L.L] | pùwo [L.H] | pỏbiwa [H.L.L] | zèdåmë [L.H.L] | ŕa [L] | dhè [L] | sè [L] | xő [L] | dëŕă [H.L] | těpỏ [L.H] | dăgo [L.L] | då [L] | anő [L.L] | nodobiŕů [H.L.L.L] | hùzèkixa [L.L.H.L]	xő [H] | xătxănýj [L.H.H] | zèbů [H.H] | sèni [L.L] | sè [L] | xő [L] | gacù [L.H] | pỏ [H] | okonoko [L.L.L.L] | zèvèshů [L.H.H] | ŕa [L] | onýj [L.L] | pùwo [L.H] | pỏbiwa [H.L.L] | zèdåmë [L.H.L] | ŕa [L] | dhè [L] | sè [L] | xő [L] | dëŕă [H.L] | těpỏ [L.H] | dăgo [L.L] | då [L] | anő [L.L] | nodobiŕů [H.L.L.L] | hùzèkixa [L.L.H.L]	xő [lexical] | xătxănýj [xă- (prefix) + txă (root) + -nýj (cold adjective suffix)] | zèbů [zè (root) + -b- (verbal bridge) + -ů (verbalizer)] | sèni [lexical] | sè [lexical] | xő [lexical] | gacù [lexical] | pỏ [lexical] | okonoko [lexical] | zèvèshů [zè- (prefix) + vè (root) + -sh- (infix) + -ů (verbalizer)] | ŕa [lexical] | onýj [lexical] | pùwo [lexical] | pỏbiwa [pỏbi (root) + -wa (plural)] | zèdåmë [zè- (prefix) + dåmë (root)] | ŕa [lexical] | dhè [lexical] | sè [lexical] | xő [lexical] | dëŕă [lexical] | těpỏ [lexical] | dăgo [lexical] | då [lexical] | anő [lexical] | nodobiŕů [nodobi (root) + -ŕ- (infix) + -ů (verbalizer)] | hùzèkixa [hù- (prefix) + zè- (prefix) + kixa (root)]	L%	none		no_reference	model_hypothesis
asx_nat_78e66555a0d3_t01	asx_nat_78e66555a0d3	1	C	natural_reader	xő shánă zèxiŕa, sèwo xő gaåka igùŕana dăgo xogă, sivënů, zå sè hja åkamoba dzo' ŕa aimù hùzèxijo, ŕa hja igùŕana să xiŕa ŕa nåsi pă nono nániŕa tte xő zècè.	He was wise, for he had seen a long succession of mechanical toys arrive to boast and swagger, and by-and-by break their mainsprings and pass away, and he knew that they were only toys, and would never turn into anything else.	exact	xő [L] | shánă [H.H] | zèxiŕa [L.H.H] | sèwo [L.L] | xő [L] | gaåka [L.H.L] | igùŕana [H.L.L.L] | dăgo [L.L] | xogă [L.H] | sivënů [H.H.L] | zå [L] | sè [L] | hja [L] | åkamoba [H.L.L.L] | dzo' [H] | ŕa [L] | aimù [H.L.L] | hùzèxijo [L.L.H.L] | ŕa [L] | hja [L] | igùŕana [H.L.L.L] | să [H] | xiŕa [L.L] | ŕa [L] | nåsi [L.L] | pă [L] | nono [H.L] | nániŕa [H.L.L] | tte [L.L] | xő [L] | zècè [L.H]	xő [H] | shánă [L.H] | zèxiŕa [L.H.H] | sèwo [L.L] | xő [L] | gaåka [L.H.L] | igùŕana [H.L.L.L] | dăgo [L.L] | xogă [L.H] | sivënů [H.H.L] | zå [L] | sè [L] | hja [L] | åkamoba [H.L.L.L] | dzo' [H] | ŕa [L] | aimù [H.L.L] | hùzèxijo [L.L.H.L] | ŕa [L] | hja [L] | igùŕana [H.L.L.L] | să [H] | xiŕa [L.L] | ŕa [L] | nåsi [L.L] | pă [L] | nono [H.L] | nániŕa [H.L.L] | tte [L.L] | xő [L] | zècè [L.L]	xő [lexical] | shánă [lexical] | zèxiŕa [zè- (prefix) + xi (root) + -ŕa (validity suffix)] | sèwo [lexical] | xő [lexical] | gaåka [ga- (compound prefix) + åka (root)] | igùŕana [igùŕa (lexical unit) + no (function morpheme) + -a (plural suffix)] | dăgo [lexical] | xogă [lexical] | sivënů [lexical] | zå [lexical] | sè [lexical] | hja [lexical] | åkamoba [åka (compound modifier) + moba (compound head: mobo (root) + -a (plural))] | dzo' [lexical] | ŕa [lexical] | aimù [lexical] | hùzèxijo [hù- (prefix) + zè- (prefix) + -x- (infix) + ijo (lexical unit)] | ŕa [lexical] | hja [lexical] | igùŕana [igùŕa (lexical unit) + no (function morpheme) + -a (plural suffix)] | să [lexical] | xiŕa [lexical] | ŕa [lexical] | nåsi [lexical] | pă [pă- (prefix)] | nono [lexical] | nániŕa [ná (dominant prefix) + ni (function morpheme) + -ŕa (validity suffix)] | tte [lexical] | xő [lexical] | zècè [zè- (prefix) + cè (root)]	L%	none		no_reference	model_hypothesis
asx_nat_09cb22a663c2_t01	asx_nat_09cb22a663c2	1	C	natural_reader	sèwo hjávakam-txaŕăijo xăsiŕoný xăjovină xiŕa, ŕa onă txăný shána kamnawopao ůwů zèvivinů igùŕana să ăni jo săsă cő.	For nursery magic is very strange and wonderful, and only those playthings that are old and wise and experienced like the Skin Horse understand all about it.	exact	sèwo [L.L] | hjávakam [H.L.L] | txaŕăijo [H.L.L.L] | xăsiŕoný [H.H.H.L] | xăjovină [H.H.L.L] | xiŕa [L.L] | ŕa [L] | onă [L.L] | txăný [H.H] | shána [H.L] | kamnawopao [L.L.H.L.L] | ůwů [H.L] | zèvivinů [L.H.L.L] | igùŕana [H.L.L.L] | să [H] | ăni [H.H] | jo [H] | săsă [L.L] | cő [H]	sèwo [H.L] | hjávakam [H.L.L] | txaŕăijo [H.L.L.L] | xăsiŕoný [H.H.H.L] | xăjovină [H.H.L.L] | xiŕa [L.L] | ŕa [L] | onă [L.L] | txăný [H.H] | shána [H.L] | kamnawopao [L.L.H.L.L] | ůwů [H.L] | zèvivinů [L.H.L.L] | igùŕana [H.L.L.L] | să [H] | ăni [H.H] | jo [H] | săsă [L.L] | cő [L]	sèwo [lexical] | hjávakam [lexical] | txaŕăijo [lexical] | xăsiŕoný [xă- (prefix) + siŕo (root) + -ný (reduced cold adjective suffix)] | xăjovină [xă- (prefix) + jovi (root) + -nă (warm adjective suffix)] | xiŕa [lexical] | ŕa [lexical] | onă [lexical] | txăný [txă (root) + -ný (reduced cold adjective suffix)] | shána [shá (lexical unit) + na (function morpheme)] | kamnawopao [kamnawo (compound modifier) + pao (compound head)] | ůwů [lexical] | zèvivinů [zè- (prefix) + vivi (root) + -n- (infix) + -ů (verbalizer)] | igùŕana [igùŕa (lexical unit) + no (function morpheme) + -a (plural suffix)] | să [lexical] | ăni [lexical] | jo [lexical] | săsă [lexical] | cő [lexical]	L%	none		no_reference	model_hypothesis
asx_nat_063a60ca81eb_t01	asx_nat_063a60ca81eb	1	C	natural_reader	„xăcènă kjo xiŕa?”	"What is REAL?" asked the Rabbit one day, when they were lying side by side near the nursery fender, before Nana came to tidy the room. "Does it mean having things that buzz inside you and a stick-out handle?"	source_context	xăcènă [H.L.L] | kjo [H] | xiŕa [L.L]	xăcènă [L.L.L] | kjo [H] | xiŕa [L.L]	xăcènă [lexical] | kjo [lexical] | xiŕa [lexical]	LH%	none		no_reference	model_hypothesis
asx_nat_dfc9bcc849c9_t01	asx_nat_dfc9bcc849c9	1	C	natural_reader	tte, gănå pỏpỏ zèkëjù — xa ba sè hjávakam ŕămáka, gja babů nivå, nana vakam binů ni xogă panå.	"What is REAL?" asked the Rabbit one day, when they were lying side by side near the nursery fender, before Nana came to tidy the room. "Does it mean having things that buzz inside you and a stick-out handle?"	source_context	tte [L.L] | gănå [L.L] | pỏpỏ [H.L] | zèkëjù [L.H.L] | xa [L] | ba [L] | sè [L] | hjávakam [H.L.L] | ŕămáka [H.L.L] | gja [L] | babů [L.L] | nivå [L.L] | nana [H.L] | vakam [H.L] | binů [H.H] | ni [L] | xogă [L.H] | panå [L.L]	tte [L.H] | gănå [L.L] | pỏpỏ [H.L] | zèkëjù [L.H.L] | xa [L] | ba [L] | sè [L] | hjávakam [H.L.L] | ŕămáka [H.L.L] | gja [L] | babů [L.L] | nivå [L.L] | nana [H.L] | vakam [H.L] | binů [H.H] | ni [L] | xogă [L.H] | panå [L.L]	tte [lexical] | gănå [lexical] | pỏpỏ [lexical] | zèkëjù [zè- (prefix) + këjù (root)] | xa [lexical] | ba [ba- (prefix)] | sè [lexical] | hjávakam [lexical] | ŕămáka [lexical] | gja [lexical] | babů [ba- (prefix) + -b- (verbal bridge) + -ů (verbalizer)] | nivå [lexical] | nana [lexical] | vakam [lexical] | binů [lexical] | ni [lexical] | xogă [lexical] | panå [lexical]	L%	none		no_reference	model_hypothesis
asx_nat_45d6fa55c011_t01	asx_nat_45d6fa55c011	1	C	natural_reader	„xăcènă tte, ksá no kamŕů nèŕa,” tte kamnawopao zëjù.	"Real isn't how you are made," said the Skin Horse.	terminal_aligned	xăcènă [H.L.L] | tte [L.L] | ksá [H] | no [L] | kamŕů [H.L] | nèŕa [L.L] | tte [L.L] | kamnawopao [L.L.H.L.L] | zëjù [H.L]	xăcènă [H.L.L] | tte [L.L] | ksá [H] | no [L] | kamŕů [H.L] | nèŕa [L.L] | tte [L.L] | kamnawopao [L.L.H.L.L] | zëjù [H.L]	xăcènă [lexical] | tte [lexical] | ksá [lexical] | no [lexical] | kamŕů [lexical] | nèŕa [lexical] | tte [lexical] | kamnawopao [kamnawo (compound modifier) + pao (compound head)] | zëjù [zè- (prefix) + ijù (lexical unit)]	L%	none		no_reference	model_hypothesis
asx_nat_59cf0168350a_t01	asx_nat_59cf0168350a	1	C	natural_reader	„jo onýj ni no xogă nono xiŕa.”	"It's a thing that happens to you."	terminal_aligned	jo [H] | onýj [L.L] | ni [L] | no [L] | xogă [L.H] | nono [H.L] | xiŕa [L.L]	jo [H] | onýj [L.L] | ni [L] | no [L] | xogă [L.H] | nono [H.L] | xiŕa [L.L]	jo [lexical] | onýj [lexical] | ni [lexical] | no [lexical] | xogă [lexical] | nono [lexical] | xiŕa [lexical]	L%	none		no_reference	model_hypothesis
asx_nat_2561adcb8da9_t01	asx_nat_2561adcb8da9	1	C	natural_reader	„hjá ni no nixå xădăna å sùkixů vå — igùŕanů då să ná, dzè xăsùkixů — zå no xăcèshá niŕa.”	"When a child loves you for a long, long time, not just to play with, but REALLY loves you, then you become Real."	terminal_aligned	hjá [H] | ni [L] | no [L] | nixå [L.L] | xădăna [H.H.L] | å [H] | sùkixů [H.L.L] | vå [L] | igùŕanů [H.L.L.L] | då [L] | să [H] | ná [H] | dzè [L] | xăsùkixů [H.H.L.L] | zå [L] | no [L] | xăcèshá [H.L.L] | niŕa [H.H]	hjá [H] | ni [L] | no [L] | nixå [L.L] | xădăna [H.H.L] | å [H] | sùkixů [H.L.L] | vå [L] | igùŕanů [H.L.L.L] | då [L] | să [H] | ná [H] | dzè [L] | xăsùkixů [H.H.L.L] | zå [L] | no [L] | xăcèshá [H.L.L] | niŕa [H.H]	hjá [lexical] | ni [lexical] | no [lexical] | nixå [lexical] | xădăna [xă- (prefix) + dă (lexical unit) + na (function morpheme)] | å [lexical] | sùkixů [lexical] | vå [lexical] | igùŕanů [lexical] | då [lexical] | să [lexical] | ná [lexical] | dzè [lexical] | xăsùkixů [xă- (prefix) + sùki (root) + -x- (infix) + -ů (verbalizer)] | zå [lexical] | no [lexical] | xăcèshá [lexical] | niŕa [lexical]	L%	none		no_reference	model_hypothesis
asx_nat_c689ceb75477_t01	asx_nat_c689ceb75477	1	C	natural_reader	„jo aixa kè?”	"Does it hurt?"	terminal_aligned	jo [H] | aixa [H.L.L] | kè [L]	jo [L] | aixa [H.L.L] | kè [L]	jo [lexical] | aixa [lexical] | kè [lexical]	LH%	none		no_reference	model_hypothesis
asx_nat_fd82db845736_t01	asx_nat_fd82db845736	1	C	natural_reader	tte pỏpỏ zèkëjù.	asked the Rabbit.	terminal_aligned	tte [L.L] | pỏpỏ [H.L] | zèkëjù [L.H.L]	tte [L.H] | pỏpỏ [L.L] | zèkëjù [L.H.L]	tte [lexical] | pỏpỏ [lexical] | zèkëjù [zè- (prefix) + këjù (root)]	L%	none		no_reference	model_hypothesis
asx_nat_6fea815d4d0b_t01	asx_nat_6fea815d4d0b	1	C	natural_reader	„izånixå,” tte kamnawopao zëjù, sèwo xő onå xăcèno zëjù.	"Sometimes," said the Skin Horse, for he was always truthful.	terminal_aligned	izånixå [L.L.L.L] | tte [L.L] | kamnawopao [L.L.H.L.L] | zëjù [H.L] | sèwo [L.L] | xő [L] | onå [L.L] | xăcèno [H.L.L] | zëjù [H.L]	izånixå [H.L.L.L] | tte [L.L] | kamnawopao [L.L.H.L.L] | zëjù [H.L] | sèwo [L.L] | xő [L] | onå [L.L] | xăcèno [H.L.L] | zëjù [H.L]	izånixå [lexical] | tte [lexical] | kamnawopao [kamnawo (compound modifier) + pao (compound head)] | zëjù [zè- (prefix) + ijù (lexical unit)] | sèwo [lexical] | xő [lexical] | onå [lexical] | xăcèno [lexical] | zëjù [zè- (prefix) + ijù (lexical unit)]	L%	none		no_reference	model_hypothesis
asx_nat_ee9537bd6dec_t01	asx_nat_ee9537bd6dec	1	C	natural_reader	„no xăcèshá xiŕa vå, anő aixa ăni no itákaná.”	"When you are Real you don't mind being hurt."	terminal_aligned	no [L] | xăcèshá [H.L.L] | xiŕa [L.L] | vå [L] | anő [L.L] | aixa [H.L.L] | ăni [H.H] | no [L] | itákaná [H.L.L.H]	no [H] | xăcèshá [L.L.L] | xiŕa [L.L] | vå [L] | anő [L.L] | aixa [H.L.L] | ăni [H.H] | no [L] | itákaná [H.L.L.L]	no [lexical] | xăcèshá [lexical] | xiŕa [lexical] | vå [lexical] | anő [lexical] | aixa [lexical] | ăni [lexical] | no [lexical] | itákaná [itáka (root) + ná (dominant suffix)]	L%	none		no_reference	model_hypothesis
asx_nat_ab6bddba66bf_t01	asx_nat_ab6bddba66bf	1	C	natural_reader	„jo săbam xogă kè — ksá anő ŕoka — si jonojo?”	"Does it happen all at once, like being wound up," he asked, "or bit by bit?"	source_context	jo [H] | săbam [H.H] | xogă [L.H] | kè [L] | ksá [H] | anő [L.L] | ŕoka [H.L] | si [L] | jonojo [L.L.L]	jo [L] | săbam [H.H] | xogă [L.H] | kè [L] | ksá [H] | anő [L.L] | ŕoka [H.L] | si [L] | jonojo [L.L.L]	jo [lexical] | săbam [să (root) + -bam (suffix)] | xogă [lexical] | kè [lexical] | ksá [lexical] | anő [lexical] | ŕoka [lexical] | si [lexical] | jonojo [lexical]	LH%	none		no_reference	model_hypothesis
asx_nat_1781e48f3166_t01	asx_nat_1781e48f3166	1	C	natural_reader	tte xő zèkëjù.	"Does it happen all at once, like being wound up," he asked, "or bit by bit?"	source_context	tte [L.L] | xő [L] | zèkëjù [L.H.L]	tte [L.H] | xő [L] | zèkëjù [L.H.L]	tte [lexical] | xő [lexical] | zèkëjù [zè- (prefix) + këjù (root)]	L%	none		no_reference	model_hypothesis
asx_nat_a9f105b48ea7_t01	asx_nat_a9f105b48ea7	1	C	natural_reader	„jo săbam xogăná,” tte kamnawopao zëjù.	"It doesn't happen all at once," said the Skin Horse.	terminal_aligned	jo [H] | săbam [H.H] | xogăná [L.H.H] | tte [L.L] | kamnawopao [L.L.H.L.L] | zëjù [H.L]	jo [H] | săbam [H.H] | xogăná [L.H.H] | tte [L.L] | kamnawopao [L.L.H.L.L] | zëjù [H.L]	jo [lexical] | săbam [să (root) + -bam (suffix)] | xogăná [xogă (root) + ná (dominant suffix)] | tte [lexical] | kamnawopao [kamnawo (compound modifier) + pao (compound head)] | zëjù [zè- (prefix) + ijù (lexical unit)]	L%	none		no_reference	model_hypothesis
asx_nat_e457d84ba8ac_t01	asx_nat_e457d84ba8ac	1	C	natural_reader	„no niŕa.”	"You become."	terminal_aligned	no [L] | niŕa [H.H]	no [H] | niŕa [L.L]	no [lexical] | niŕa [lexical]	L%	none		no_reference	model_hypothesis
asx_nat_92dc23d6a281_t01	asx_nat_92dc23d6a281	1	C	natural_reader	„jo xădănă å wëè.”	"It takes a long time."	terminal_aligned	jo [H] | xădănă [H.H.H] | å [H] | wëè [H.L]	jo [H] | xădănă [H.H.H] | å [H] | wëè [H.L]	jo [lexical] | xădănă [xă- (prefix) + dă (root) + -nă (warm adjective suffix)] | å [lexical] | wëè [lexical]	L%	none		no_reference	model_hypothesis
asx_nat_f73753c70c09_t01	asx_nat_f73753c70c09	1	C	natural_reader	„ninå jo ni onă ală dzo' sháma, si ni onă sxëbony tama ma sháma, si ni onă dhè hjihjină sùva wëè sháma nanå xogăná.”	"That's why it doesn't often happen to people who break easily, or have sharp edges, or who have to be carefully kept."	terminal_aligned	ninå [L.L] | jo [H] | ni [L] | onă [L.L] | ală [H.L] | dzo' [H] | sháma [H.H] | si [L] | ni [L] | onă [L.L] | sxëbony [H.L] | tama [H.L] | ma [H] | sháma [H.H] | si [L] | ni [L] | onă [L.L] | dhè [L] | hjihjină [H.L.L] | sùva [H.L] | wëè [H.L] | sháma [H.H] | nanå [L.L] | xogăná [L.H.H]	ninå [H.L] | jo [H] | ni [L] | onă [L.L] | ală [H.L] | dzo' [H] | sháma [H.H] | si [L] | ni [L] | onă [L.L] | sxëbony [H.L] | tama [H.L] | ma [H] | sháma [H.H] | si [L] | ni [L] | onă [L.L] | dhè [L] | hjihjină [H.L.L] | sùva [H.L] | wëè [H.L] | sháma [H.H] | nanå [L.L] | xogăná [L.H.H]	ninå [lexical] | jo [lexical] | ni [lexical] | onă [lexical] | ală [lexical] | dzo' [lexical] | sháma [shá (root) + -ma (plural)] | si [lexical] | ni [lexical] | onă [lexical] | sxëbony [sxëbo (lexical unit) + -ný (reduced cold adjective suffix)] | tama [tamo (root) + -a (plural)] | ma [lexical] | sháma [shá (root) + -ma (plural)] | si [lexical] | ni [lexical] | onă [lexical] | dhè [lexical] | hjihjină [lexical] | sùva [lexical] | wëè [lexical] | sháma [shá (root) + -ma (plural)] | nanå [lexical] | xogăná [xogă (root) + ná (dominant suffix)]	L%	none		no_reference	model_hypothesis
asx_nat_d21868099394_t01	asx_nat_d21868099394	1	C	natural_reader	opùnå, no xăcèshá niŕa måniåkam, dhè sè no těpỏ dăgo bă sùki hùzèvèshů, sè no mëja pădopù, sè no xodëa alănů, ŕa no xăksùnýj niŕa.	"Generally, by the time you are Real, most of your hair has been loved off and your eyes drop out and you get loose in the joints and very shabby."	terminal_aligned	opùnå [L.L.L] | no [L] | xăcèshá [H.L.L] | niŕa [H.H] | måniåkam [L.L.L.L] | dhè [L] | sè [L] | no [L] | těpỏ [L.H] | dăgo [L.L] | bă [L] | sùki [H.L] | hùzèvèshů [L.L.H.H] | sè [L] | no [L] | mëja [H.L] | pădopù [L.H.L] | sè [L] | no [L] | xodëa [H.L.L] | alănů [H.L.L] | ŕa [L] | no [L] | xăksùnýj [H.H.H] | niŕa [H.H]	opùnå [H.L.L] | no [L] | xăcèshá [H.L.L] | niŕa [H.H] | måniåkam [L.L.L.L] | dhè [L] | sè [L] | no [L] | těpỏ [L.H] | dăgo [L.L] | bă [L] | sùki [H.L] | hùzèvèshů [L.L.H.H] | sè [L] | no [L] | mëja [H.L] | pădopù [L.H.L] | sè [L] | no [L] | xodëa [H.L.L] | alănů [H.L.L] | ŕa [L] | no [L] | xăksùnýj [H.H.H] | niŕa [H.H]	opùnå [lexical] | no [lexical] | xăcèshá [lexical] | niŕa [lexical] | måniåkam [lexical] | dhè [lexical] | sè [lexical] | no [lexical] | těpỏ [lexical] | dăgo [lexical] | bă [lexical] | sùki [lexical] | hùzèvèshů [hù- (prefix) + zè- (prefix) + vè (root) + -sh- (infix) + -ů (verbalizer)] | sè [lexical] | no [lexical] | mëja [mëjo (root) + -a (plural)] | pădopù [pă- (prefix) + dopù (root)] | sè [lexical] | no [lexical] | xodëa [xo (compound modifier) + dëa (compound head: dë (root) + -a (plural))] | alănů [lexical] | ŕa [lexical] | no [lexical] | xăksùnýj [xă- (prefix) + ksù (root) + -nýj (cold adjective suffix)] | niŕa [lexical]	L%	none		no_reference	model_hypothesis
asx_nat_0f8843b0cce3_t01	asx_nat_0f8843b0cce3	1	C	natural_reader	dzè o-nona săsă itáka nỏwë, sèwo no xăcèshá săbam niŕa vå, no fůjovină ůjů ken.ná — då onă cőná sháma să.	"But these things don't matter at all, because once you are Real you can't be ugly, except to people who don't understand."	terminal_aligned	dzè [L] | o [H] | nona [H.L] | săsă [L.L] | itáka [H.L.L] | nỏwë [L.L] | sèwo [L.L] | no [L] | xăcèshá [H.L.L] | săbam [H.H] | niŕa [H.H] | vå [L] | no [L] | fůjovină [H.L.L.L] | ůjů [H.L] | ken.ná [L.L] | då [L] | onă [L.L] | cőná [H.H] | sháma [H.H] | să [H]	dzè [H] | o [L] | nona [H.L] | săsă [L.L] | itáka [H.L.L] | nỏwë [L.L] | sèwo [L.L] | no [L] | xăcèshá [H.L.L] | săbam [H.H] | niŕa [H.H] | vå [L] | no [L] | fůjovină [H.L.L.L] | ůjů [H.L] | ken.ná [L.L] | då [L] | onă [L.L] | cőná [H.H] | sháma [H.H] | să [H]	dzè [lexical] | o [lexical] | nona [nono (root) + -a (plural)] | săsă [lexical] | itáka [lexical] | nỏwë [lexical] | sèwo [lexical] | no [lexical] | xăcèshá [lexical] | săbam [să (root) + -bam (suffix)] | niŕa [lexical] | vå [lexical] | no [lexical] | fůjovină [fů (compound modifier) + jovi (compound head) + -nă (warm adjective suffix)] | ůjů [lexical] | ken.ná [lexical] | då [lexical] | onă [lexical] | cőná [cő (root) + ná (dominant suffix)] | sháma [shá (root) + -ma (plural)] | să [lexical]	L%	none		no_reference	model_hypothesis
asx_nat_4afeec0f1c6f_t01	asx_nat_4afeec0f1c6f	1	C	natural_reader	„no xăcèshá xiŕa tte pùŕima?”	"I suppose you are Real?"	terminal_aligned	no [L] | xăcèshá [H.L.L] | xiŕa [L.L] | tte [L.L] | pùŕima [L.H.L]	no [L] | xăcèshá [L.L.L] | xiŕa [L.L] | tte [L.L] | pùŕima [L.L.L]	no [lexical] | xăcèshá [lexical] | xiŕa [lexical] | tte [lexical] | pùŕima [lexical]	LH%	none		no_reference	model_hypothesis
asx_nat_ae3cd835ae95_t01	asx_nat_ae3cd835ae95	1	C	natural_reader	tte pỏpỏ zëjù.	said the Rabbit.	terminal_aligned	tte [L.L] | pỏpỏ [H.L] | zëjù [H.L]	tte [L.H] | pỏpỏ [L.L] | zëjù [H.L]	tte [lexical] | pỏpỏ [lexical] | zëjù [zè- (prefix) + ijù (lexical unit)]	L%	none		no_reference	model_hypothesis
asx_nat_000d44bfa911_t01	asx_nat_000d44bfa911	1	C	natural_reader	zå wo jo ijù panå tte xő zèjå, sèwo kamnawopao aichů ken tte xő zèŕima.	And then he wished he had not said it, for he thought the Skin Horse might be sensitive.	terminal_aligned	zå [L] | wo [L] | jo [H] | ijù [H.L] | panå [L.L] | tte [L.L] | xő [L] | zèjå [L.H] | sèwo [L.L] | kamnawopao [L.L.H.L.L] | aichů [H.L.L] | ken [L] | tte [L.L] | xő [L] | zèŕima [L.H.L]	zå [H] | wo [L] | jo [H] | ijù [H.L] | panå [L.L] | tte [L.L] | xő [L] | zèjå [L.H] | sèwo [L.L] | kamnawopao [L.L.H.L.L] | aichů [H.L.L] | ken [L] | tte [L.L] | xő [L] | zèŕima [L.H.L]	zå [lexical] | wo [lexical] | jo [lexical] | ijù [lexical] | panå [lexical] | tte [lexical] | xő [lexical] | zèjå [zè- (prefix) + jå (root)] | sèwo [lexical] | kamnawopao [kamnawo (compound modifier) + pao (compound head)] | aichů [lexical] | ken [lexical] | tte [lexical] | xő [lexical] | zèŕima [zè- (prefix) + ŕima (root)]	L%	none		no_reference	model_hypothesis
asx_nat_47874c04e248_t01	asx_nat_47874c04e248	1	C	natural_reader	dzè kamnawopao zèxånů să.	But the Skin Horse only smiled.	terminal_aligned	dzè [L] | kamnawopao [L.L.H.L.L] | zèxånů [H.L.L] | să [H]	dzè [H] | kamnawopao [L.L.H.L.L] | zèxånů [H.L.L] | să [L]	dzè [lexical] | kamnawopao [kamnawo (compound modifier) + pao (compound head)] | zèxånů [zè- (prefix) + exå (lexical unit) + -n- (infix) + -ů (verbalizer)] | să [lexical]	L%	none		no_reference	model_hypothesis
asx_nat_b5c0da02b3c7_t01	asx_nat_b5c0da02b3c7	1	C	natural_reader	„sè onă bỏhjá bỏba wo zèxăcèků,” tte xő zëjù.	"The Boy's Uncle made me Real," he said.	terminal_aligned	sè [L] | onă [L.L] | bỏhjá [H.L] | bỏba [H.L] | wo [L] | zèxăcèků [L.H.H.L] | tte [L.L] | xő [L] | zëjù [H.L]	sè [H] | onă [L.L] | bỏhjá [H.L] | bỏba [H.L] | wo [L] | zèxăcèků [L.H.H.L] | tte [L.L] | xő [L] | zëjù [H.L]	sè [lexical] | onă [lexical] | bỏhjá [lexical] | bỏba [lexical] | wo [lexical] | zèxăcèků [zè- (prefix) + xăcè (root) + -k- (infix) + -ů (verbalizer)] | tte [lexical] | xő [lexical] | zëjù [zè- (prefix) + ijù (lexical unit)]	L%	none		no_reference	model_hypothesis
asx_nat_165765969414_t01	asx_nat_165765969414	1	C	natural_reader	„jo xădăgo txăa hùwo zèxiŕa; dzè no xăcèshá săbam niŕa vå, no fůxăcèshá nanániŕa ken.ná.”	"That was a great many years ago; but once you are Real you can't become unreal again."	terminal_aligned	jo [H] | xădăgo [H.L.L] | txăa [H.H] | hùwo [L.H] | zèxiŕa [L.H.H] | dzè [L] | no [L] | xăcèshá [H.L.L] | săbam [H.H] | niŕa [H.H] | vå [L] | no [L] | fůxăcèshá [H.L.L.L] | nanániŕa [L.H.L.L] | ken.ná [L.L]	jo [H] | xădăgo [H.L.L] | txăa [H.H] | hùwo [L.H] | zèxiŕa [L.H.H] | dzè [L] | no [L] | xăcèshá [H.L.L] | săbam [H.H] | niŕa [H.H] | vå [L] | no [L] | fůxăcèshá [H.L.L.L] | nanániŕa [L.H.L.L] | ken.ná [L.L]	jo [lexical] | xădăgo [xă- (prefix) + dăgo (function morpheme)] | txăa [txă (root) + -a (plural)] | hùwo [lexical] | zèxiŕa [zè- (prefix) + xi (root) + -ŕa (validity suffix)] | dzè [lexical] | no [lexical] | xăcèshá [lexical] | săbam [să (root) + -bam (suffix)] | niŕa [lexical] | vå [lexical] | no [lexical] | fůxăcèshá [fů (compound modifier) + xăcè (compound modifier) + shá (compound head)] | nanániŕa [na- (prefix) + ná (dominant suffix) + ni (function morpheme) + -ŕa (validity suffix)] | ken.ná [lexical]	L%	none		no_reference	model_hypothesis
asx_nat_1c31a82a8ebf_t01	asx_nat_1c31a82a8ebf	1	C	natural_reader	„jo onå måmåŕa.”	"It lasts for always."	terminal_aligned	jo [H] | onå [L.L] | måmåŕa [H.L.L]	jo [H] | onå [L.L] | måmåŕa [H.L.L]	jo [lexical] | onå [lexical] | måmåŕa [måmå (root) + -ŕa (validity suffix)]	L%	none		no_reference	model_hypothesis
asx_nat_583eff3ed8be_t01	asx_nat_583eff3ed8be	1	C	natural_reader	pỏpỏ dănă săfwù zèxopă.	The Rabbit sighed.	terminal_aligned	pỏpỏ [H.L] | dănă [H.L] | săfwù [H.L] | zèxopă [L.H.H]	pỏpỏ [H.L] | dănă [H.L] | săfwù [H.L] | zèxopă [L.H.H]	pỏpỏ [lexical] | dănă [lexical] | săfwù [lexical] | zèxopă [zè- (prefix) + xopă (root)]	L%	none		no_reference	model_hypothesis
asx_nat_1216179bf906_t01	asx_nat_1216179bf906	1	C	natural_reader	o dhè xăcènă zèvonů txaŕăijo ni wo xogă panå nixå xădănă å tte xő zèŕima.	He thought it would be a long time before this magic called Real happened to him.	terminal_aligned	o [H] | dhè [L] | xăcènă [H.L.L] | zèvonů [H.L.L] | txaŕăijo [H.L.L.L] | ni [L] | wo [L] | xogă [L.H] | panå [L.L] | nixå [L.L] | xădănă [H.H.H] | å [H] | tte [L.L] | xő [L] | zèŕima [L.H.L]	o [H] | dhè [L] | xăcènă [H.L.L] | zèvonů [H.L.L] | txaŕăijo [H.L.L.L] | ni [L] | wo [L] | xogă [L.H] | panå [L.L] | nixå [L.L] | xădănă [H.H.H] | å [H] | tte [L.L] | xő [L] | zèŕima [L.H.L]	o [lexical] | dhè [lexical] | xăcènă [lexical] | zèvonů [lexical] | txaŕăijo [lexical] | ni [lexical] | wo [lexical] | xogă [lexical] | panå [lexical] | nixå [lexical] | xădănă [xă- (prefix) + dă (root) + -nă (warm adjective suffix)] | å [lexical] | tte [lexical] | xő [lexical] | zèŕima [zè- (prefix) + ŕima (root)]	L%	none		no_reference	model_hypothesis
asx_nat_065d8fb395cb_t01	asx_nat_065d8fb395cb	1	C	natural_reader	ă xő xăcèshá niŕa, ŕa jo ksá ůchů cè izovivi sỏjå; dzè onă ksùnýj niŕa ja mëja fùbiwa tákshù ŕimå exenýj zèxiŕa.	He longed to become Real, to know what it felt like; and yet the idea of growing shabby and losing his eyes and whiskers was rather sad.	terminal_aligned	ă [H] | xő [L] | xăcèshá [H.L.L] | niŕa [H.H] | ŕa [L] | jo [H] | ksá [H] | ůchů [H.L] | cè [H] | izovivi [L.L.H.L] | sỏjå [L.H] | dzè [L] | onă [L.L] | ksùnýj [H.H] | niŕa [H.H] | ja [L] | mëja [H.L] | fùbiwa [H.L.L] | tákshù [H.L] | ŕimå [L.H] | exenýj [H.L.L] | zèxiŕa [L.H.H]	ă [H] | xő [L] | xăcèshá [H.L.L] | niŕa [H.H] | ŕa [L] | jo [H] | ksá [H] | ůchů [H.L] | cè [H] | izovivi [L.L.H.L] | sỏjå [L.H] | dzè [L] | onă [L.L] | ksùnýj [H.H] | niŕa [H.H] | ja [L] | mëja [H.L] | fùbiwa [H.L.L] | tákshù [H.L] | ŕimå [L.H] | exenýj [H.L.L] | zèxiŕa [L.H.H]	ă [lexical] | xő [lexical] | xăcèshá [lexical] | niŕa [lexical] | ŕa [lexical] | jo [lexical] | ksá [lexical] | ůchů [lexical] | cè [lexical] | izovivi [lexical] | sỏjå [sỏ (function morpheme) + jå (lexical unit)] | dzè [lexical] | onă [lexical] | ksùnýj [ksù (root) + -nýj (cold adjective suffix)] | niŕa [lexical] | ja [lexical] | mëja [mëjo (root) + -a (plural)] | fùbiwa [fùbi (root) + -wa (plural)] | tákshù [lexical] | ŕimå [lexical] | exenýj [lexical] | zèxiŕa [zè- (prefix) + xi (root) + -ŕa (validity suffix)]	L%	none		no_reference	model_hypothesis
asx_nat_b43ee4a73d59_t01	asx_nat_b43ee4a73d59	1	C	natural_reader	wo — o-tètána nona ni wo xogăná chě — jo niŕa ken tte xő zèjå dăxă.	He wished that he could become it without these uncomfortable things happening to him.	terminal_aligned	wo [L] | o [H] | tètána [H.L.L] | nona [H.L] | ni [L] | wo [L] | xogăná [L.H.H] | chě [L] | jo [H] | niŕa [H.H] | ken [L] | tte [L.L] | xő [L] | zèjå [L.H] | dăxă [L.L]	wo [H] | o [L] | tètána [H.L.L] | nona [H.L] | ni [L] | wo [L] | xogăná [L.H.H] | chě [L] | jo [H] | niŕa [H.H] | ken [L] | tte [L.L] | xő [L] | zèjå [L.H] | dăxă [L.L]	wo [lexical] | o [lexical] | tètána [tètá (root) + -n- (infix) + -a (plural suffix)] | nona [nono (root) + -a (plural)] | ni [lexical] | wo [lexical] | xogăná [xogă (root) + ná (dominant suffix)] | chě [lexical] | jo [lexical] | niŕa [lexical] | ken [lexical] | tte [lexical] | xő [lexical] | zèjå [zè- (prefix) + jå (root)] | dăxă [lexical]	L%	none		no_reference	model_hypothesis
asx_nat_ea56484136e2_t01	asx_nat_ea56484136e2	1	C	natural_reader	ponă dhè nana zèvonů shá zèxiŕa, ko hjávakam zèxùja.	There was a person called Nana who ruled the nursery.	terminal_aligned	ponă [L.L] | dhè [L] | nana [H.L] | zèvonů [H.L.L] | shá [H] | zèxiŕa [L.H.H] | ko [L] | hjávakam [H.L.L] | zèxùja [L.H.L]	ponă [H.L] | dhè [L] | nana [H.L] | zèvonů [H.L.L] | shá [H] | zèxiŕa [L.H.H] | ko [L] | hjávakam [H.L.L] | zèxùja [L.H.L]	ponă [lexical] | dhè [lexical] | nana [lexical] | zèvonů [lexical] | shá [lexical] | zèxiŕa [zè- (prefix) + xi (root) + -ŕa (validity suffix)] | ko [lexical] | hjávakam [lexical] | zèxùja [zè- (prefix) + xùja (root)]	L%	none		no_reference	model_hypothesis
asx_nat_e5b290b4dcb2_t01	asx_nat_e5b290b4dcb2	1	C	natural_reader	izånixå ko onă gă-igùŕana zèxijsha, ŕa izånixå — fůsèwo — ko dăfwù ůwů zègănů ŕa hja nini nomáka zèpùxa.	Sometimes she took no notice of the playthings lying about, and sometimes, for no reason whatever, she went swooping about like a great wind and hustled them away in cupboards.	terminal_aligned	izånixå [L.L.L.L] | ko [L] | onă [L.L] | gă [H] | igùŕana [H.L.L.L] | zèxijsha [L.H.L] | ŕa [L] | izånixå [L.L.L.L] | fůsèwo [H.L.L] | ko [L] | dăfwù [H.L] | ůwů [H.L] | zègănů [L.H.H] | ŕa [L] | hja [L] | nini [L.L] | nomáka [H.L.L] | zèpùxa [L.H.L]	izånixå [H.L.L.L] | ko [L] | onă [L.L] | gă [H] | igùŕana [H.L.L.L] | zèxijsha [L.H.L] | ŕa [L] | izånixå [L.L.L.L] | fůsèwo [H.L.L] | ko [L] | dăfwù [H.L] | ůwů [H.L] | zègănů [L.H.H] | ŕa [L] | hja [L] | nini [L.L] | nomáka [H.L.L] | zèpùxa [L.H.L]	izånixå [lexical] | ko [lexical] | onă [lexical] | gă [lexical] | igùŕana [igùŕa (lexical unit) + no (function morpheme) + -a (plural suffix)] | zèxijsha [zè- (prefix) + -x- (infix) + ijsha (lexical unit)] | ŕa [lexical] | izånixå [lexical] | fůsèwo [fů (lexical unit) + sèwo (function morpheme)] | ko [lexical] | dăfwù [dă (compound modifier) + fwù (compound head)] | ůwů [lexical] | zègănů [zè- (prefix) + gă (root) + -n- (infix) + -ů (verbalizer)] | ŕa [lexical] | hja [lexical] | nini [ni- (prefix) + ni (function morpheme)] | nomáka [lexical] | zèpùxa [zè- (prefix) + pùxa (root)]	L%	none		no_reference	model_hypothesis
asx_nat_76eaaa66e372_t01	asx_nat_76eaaa66e372	1	C	natural_reader	„anő binů” tte ko o zèzèvonů, ŕa igùŕana săsă ni jo zèkůxo — garo igùŕana nadăgo.	She called this "tidying up," and the playthings all hated it, especially the tin ones.	terminal_aligned	anő [L.L] | binů [H.H] | tte [L.L] | ko [L] | o [H] | zèzèvonů [L.H.L.L] | ŕa [L] | igùŕana [H.L.L.L] | săsă [L.L] | ni [L] | jo [H] | zèkůxo [L.H.L] | garo [L.H] | igùŕana [H.L.L.L] | nadăgo [L.L.L]	anő [H.L] | binů [H.H] | tte [L.L] | ko [L] | o [H] | zèzèvonů [L.H.L.L] | ŕa [L] | igùŕana [H.L.L.L] | săsă [L.L] | ni [L] | jo [H] | zèkůxo [L.H.L] | garo [L.H] | igùŕana [H.L.L.L] | nadăgo [L.L.L]	anő [lexical] | binů [lexical] | tte [lexical] | ko [lexical] | o [lexical] | zèzèvonů [zè- (prefix) + zèvo (root) + -n- (infix) + -ů (verbalizer)] | ŕa [lexical] | igùŕana [igùŕa (lexical unit) + no (function morpheme) + -a (plural suffix)] | săsă [lexical] | ni [lexical] | jo [lexical] | zèkůxo [zè- (prefix) + kůxo (root)] | garo [ga- (compound prefix) + ro (root)] | igùŕana [igùŕa (lexical unit) + no (function morpheme) + -a (plural suffix)] | nadăgo [na- (prefix) + dăgo (function morpheme)]	L%	none		no_reference	model_hypothesis
asx_nat_46743d549fe6_t01	asx_nat_46743d549fe6	1	C	natural_reader	pỏpỏ dăgo zèxitákaná, sèwo dhè xő gă-ni txo chěxa, xő pỏnă zèdopù.	The Rabbit didn't mind it so much, for wherever he was thrown he came down soft.	terminal_aligned	pỏpỏ [H.L] | dăgo [L.L] | zèxitákaná [L.H.L.L.H] | sèwo [L.L] | dhè [L] | xő [L] | gă [H] | ni [L] | txo [H] | chěxa [L.L] | xő [L] | pỏnă [H.H] | zèdopù [L.H.L]	pỏpỏ [H.L] | dăgo [L.L] | zèxitákaná [L.H.L.L.H] | sèwo [L.L] | dhè [L] | xő [L] | gă [H] | ni [L] | txo [H] | chěxa [L.L] | xő [L] | pỏnă [H.H] | zèdopù [L.H.L]	pỏpỏ [lexical] | dăgo [lexical] | zèxitákaná [zè- (prefix) + -x- (infix) + itáka (lexical unit) + ná (dominant suffix)] | sèwo [lexical] | dhè [lexical] | xő [lexical] | gă [lexical] | ni [lexical] | txo [lexical] | chěxa [lexical] | xő [lexical] | pỏnă [pỏ (root) + -nă (warm adjective suffix)] | zèdopù [zè- (prefix) + dopù (root)]	L%	none		no_reference	model_hypothesis
asx_nat_c7672edb8641_t01	asx_nat_c7672edb8641	1	C	natural_reader	gănå xipùŕo, onă bỏhjá ni ỏbỏŕo xo nivå, xő onă zá xő onå nùnù gacùgo haoshá ijpù ken.ná zèbů.	One evening, when the Boy was going to bed, he couldn't find the china dog that always slept with him.	terminal_aligned	gănå [L.L] | xipùŕo [H.L.L] | onă [L.L] | bỏhjá [H.L] | ni [L] | ỏbỏŕo [H.L.L] | xo [H] | nivå [L.L] | xő [L] | onă [L.L] | zá [L] | xő [L] | onå [L.L] | nùnù [H.L] | gacùgo [L.H.L] | haoshá [H.L.L] | ijpù [H.L] | ken.ná [L.L] | zèbů [H.H]	gănå [H.L] | xipùŕo [H.L.L] | onă [L.L] | bỏhjá [H.L] | ni [L] | ỏbỏŕo [H.L.L] | xo [H] | nivå [L.L] | xő [L] | onă [L.L] | zá [L] | xő [L] | onå [L.L] | nùnù [H.L] | gacùgo [L.H.L] | haoshá [H.L.L] | ijpù [H.L] | ken.ná [L.L] | zèbů [H.H]	gănå [lexical] | xipùŕo [lexical] | onă [lexical] | bỏhjá [lexical] | ni [lexical] | ỏbỏŕo [lexical] | xo [lexical] | nivå [lexical] | xő [lexical] | onă [lexical] | zá [lexical] | xő [lexical] | onå [lexical] | nùnù [lexical] | gacùgo [ga- (compound prefix) + cùgo (root)] | haoshá [lexical] | ijpù [lexical] | ken.ná [lexical] | zèbů [zè (root) + -b- (verbal bridge) + -ů (verbalizer)]	L%	none		no_reference	model_hypothesis
asx_nat_3146a4564403_t01	asx_nat_3146a4564403	1	C	natural_reader	nana ŕănabină zèbů, ŕa va sè nùnù å gacùgo haosháma ăxo nadănă xè zèxiŕa, sèni ko obi să zèmëjonů, ŕa sè igùŕana nomáka kem em.mo bů ijo vå, ko săbam zègùmë.	Nana was in a hurry, and it was too much trouble to hunt for china dogs at bedtime, so she simply looked about her, and seeing that the toy cupboard door stood open, she made a swoop.	terminal_aligned	nana [H.L] | ŕănabină [L.L.H.L] | zèbů [H.H] | ŕa [L] | va [L] | sè [L] | nùnù [H.L] | å [H] | gacùgo [L.H.L] | haosháma [H.L.L.L] | ăxo [H.L] | nadănă [L.H.H] | xè [H] | zèxiŕa [L.H.H] | sèni [L.L] | ko [L] | obi [L.H] | să [H] | zèmëjonů [L.H.L.L] | ŕa [L] | sè [L] | igùŕana [H.L.L.L] | nomáka [H.L.L] | kem [H] | em.mo [H.L] | bů [L] | ijo [H.L] | vå [L] | ko [L] | săbam [H.H] | zègùmë [L.H.L]	nana [H.L] | ŕănabină [L.L.H.L] | zèbů [H.H] | ŕa [L] | va [L] | sè [L] | nùnù [H.L] | å [H] | gacùgo [L.H.L] | haosháma [H.L.L.L] | ăxo [H.L] | nadănă [L.H.H] | xè [H] | zèxiŕa [L.H.H] | sèni [L.L] | ko [L] | obi [L.H] | să [H] | zèmëjonů [L.H.L.L] | ŕa [L] | sè [L] | igùŕana [H.L.L.L] | nomáka [H.L.L] | kem [H] | em.mo [H.L] | bů [L] | ijo [H.L] | vå [L] | ko [L] | săbam [H.H] | zègùmë [L.H.L]	nana [lexical] | ŕănabină [lexical] | zèbů [zè (root) + -b- (verbal bridge) + -ů (verbalizer)] | ŕa [lexical] | va [va- (prefix)] | sè [lexical] | nùnù [lexical] | å [lexical] | gacùgo [ga- (compound prefix) + cùgo (root)] | haosháma [hao (compound modifier) + sháma (compound head: shá (root) + -ma (plural))] | ăxo [lexical] | nadănă [na- (prefix) + dă (root) + -nă (warm adjective suffix)] | xè [lexical] | zèxiŕa [zè- (prefix) + xi (root) + -ŕa (validity suffix)] | sèni [lexical] | ko [lexical] | obi [lexical] | să [lexical] | zèmëjonů [zè- (prefix) + mëjo (root) + -n- (infix) + -ů (verbalizer)] | ŕa [lexical] | sè [lexical] | igùŕana [igùŕa (lexical unit) + no (function morpheme) + -a (plural suffix)] | nomáka [lexical] | kem [lexical] | em.mo [lexical] | bů [-b- (verbal bridge) + -ů (verbalizer)] | ijo [lexical] | vå [lexical] | ko [lexical] | săbam [să (root) + -bam (suffix)] | zègùmë [zè- (prefix) + gùmë (root)]	L%	none		no_reference	model_hypothesis
asx_nat_ffce04a28c9b_t01	asx_nat_ffce04a28c9b	1	C	natural_reader	„o,” tte ko zëjù, „sè no txănýj pỏpỏhjá tapùhè!”	"Here," she said, "take your old Bunny!"	terminal_aligned	o [H] | tte [L.L] | ko [L] | zëjù [H.L] | sè [L] | no [L] | txănýj [H.H] | pỏpỏhjá [H.L.L] | tapùhè [H.L.L]	o [H] | tte [L.L] | ko [L] | zëjù [H.L] | sè [L] | no [L] | txănýj [H.H] | pỏpỏhjá [H.L.L] | tapùhè [H.L.L]	o [lexical] | tte [lexical] | ko [lexical] | zëjù [zè- (prefix) + ijù (lexical unit)] | sè [lexical] | no [lexical] | txănýj [txă (root) + -nýj (cold adjective suffix)] | pỏpỏhjá [lexical] | tapùhè [tapù (root) + -hè (suffix)]	LH%	none		no_reference	model_hypothesis
asx_nat_7c7c1b3503c7_t01	asx_nat_7c7c1b3503c7	1	C	natural_reader	„zá no nùnù då xő gavină paxiŕa!”	"He'll do to sleep with you!"	terminal_aligned	zá [L] | no [L] | nùnù [H.L] | då [L] | xő [L] | gavină [H.L.L] | paxiŕa [L.H.H]	zá [L] | no [L] | nùnù [H.L] | då [L] | xő [L] | gavină [H.L.L] | paxiŕa [L.H.H]	zá [lexical] | no [lexical] | nùnù [lexical] | då [lexical] | xő [lexical] | gavină [lexical] | paxiŕa [pa- (prefix) + xi (root) + -ŕa (validity suffix)]	LH%	none		no_reference	model_hypothesis
asx_nat_a1fbf9b53ca2_t01	asx_nat_a1fbf9b53ca2	1	C	natural_reader	ŕa ko pỏpỏ bă să mimi zèpăkŕaga, ŕa xő ni sè onă bỏhjá tëbiwa zètopù.	And she dragged the Rabbit out by one ear, and put him into the Boy's arms.	terminal_aligned	ŕa [L] | ko [L] | pỏpỏ [H.L] | bă [L] | să [H] | mimi [H.L] | zèpăkŕaga [L.L.H.L] | ŕa [L] | xő [L] | ni [L] | sè [L] | onă [L.L] | bỏhjá [H.L] | tëbiwa [H.L.L] | zètopù [L.H.L]	ŕa [H] | ko [L] | pỏpỏ [H.L] | bă [L] | să [H] | mimi [H.L] | zèpăkŕaga [L.L.H.L] | ŕa [L] | xő [L] | ni [L] | sè [L] | onă [L.L] | bỏhjá [H.L] | tëbiwa [H.L.L] | zètopù [L.H.L]	ŕa [lexical] | ko [lexical] | pỏpỏ [lexical] | bă [lexical] | să [lexical] | mimi [lexical] | zèpăkŕaga [zè- (prefix) + pă- (prefix) + kŕaga (root)] | ŕa [lexical] | xő [lexical] | ni [lexical] | sè [lexical] | onă [lexical] | bỏhjá [lexical] | tëbiwa [tëbi (root) + -wa (plural)] | zètopù [zè- (prefix) + topù (root)]	L%	none		no_reference	model_hypothesis
asx_nat_beda4cb47561_t01	asx_nat_beda4cb47561	1	C	natural_reader	nomao ja dăgo maa hùnă, onă gaksamipỏpỏ va sè onă bỏhjá ỏbỏŕo zènùnù.	That night, and for many nights after, the Velveteen Rabbit slept in the Boy's bed.	terminal_aligned	nomao [L.H.L] | ja [L] | dăgo [L.L] | maa [H.L] | hùnă [L.L] | onă [L.L] | gaksamipỏpỏ [H.L.L.L.L] | va [L] | sè [L] | onă [L.L] | bỏhjá [H.L] | ỏbỏŕo [H.L.L] | zènùnù [L.H.L]	nomao [H.L.L] | ja [L] | dăgo [L.L] | maa [H.L] | hùnă [L.L] | onă [L.L] | gaksamipỏpỏ [H.L.L.L.L] | va [L] | sè [L] | onă [L.L] | bỏhjá [H.L] | ỏbỏŕo [H.L.L] | zènùnù [L.H.L]	nomao [no- (prefix) + mao (root)] | ja [lexical] | dăgo [lexical] | maa [mao (root) + -a (plural)] | hùnă [hù- (prefix) + -nă (warm adjective suffix)] | onă [lexical] | gaksamipỏpỏ [ga- (compound prefix) + aksami (compound modifier) + pỏpỏ (compound head)] | va [va- (prefix)] | sè [lexical] | onă [lexical] | bỏhjá [lexical] | ỏbỏŕo [lexical] | zènùnù [zè- (prefix) + nùnù (root)]	L%	none		no_reference	model_hypothesis
asx_nat_fe8553d6807d_t01	asx_nat_fe8553d6807d	1	C	natural_reader	vanihèko ă xő tètá sỏůchů, sèwo onă bỏhjá xő izovivi zèmùxa, ŕa izånixå xő na xő zèpxỏnů, ŕa izånixå xő xő pù ỏbỏ xăkobi zèpùxa sèni, pỏpỏ fwùxa ken.ná mebů.	At first he found it rather uncomfortable, for the Boy hugged him very tight, and sometimes he rolled over on him, and sometimes he pushed him so far under the pillow that the Rabbit could scarcely breathe.	terminal_aligned	vanihèko [L.H.H.L] | ă [H] | xő [L] | tètá [H.L] | sỏůchů [L.L.L] | sèwo [L.L] | onă [L.L] | bỏhjá [H.L] | xő [L] | izovivi [L.L.H.L] | zèmùxa [L.H.L] | ŕa [L] | izånixå [L.L.L.L] | xő [L] | na [L] | xő [L] | zèpxỏnů [L.H.H] | ŕa [L] | izånixå [L.L.L.L] | xő [L] | xő [L] | pù [L] | ỏbỏ [H.L] | xăkobi [H.L.H] | zèpùxa [L.H.L] | sèni [L.L] | pỏpỏ [H.L] | fwùxa [H.L] | ken.ná [L.L] | mebů [L.L]	vanihèko [H.L.H.L] | ă [H] | xő [L] | tètá [H.L] | sỏůchů [L.L.L] | sèwo [L.L] | onă [L.L] | bỏhjá [H.L] | xő [L] | izovivi [L.L.H.L] | zèmùxa [L.H.L] | ŕa [L] | izånixå [L.L.L.L] | xő [L] | na [L] | xő [L] | zèpxỏnů [L.H.H] | ŕa [L] | izånixå [L.L.L.L] | xő [L] | xő [L] | pù [L] | ỏbỏ [H.L] | xăkobi [H.L.H] | zèpùxa [L.H.L] | sèni [L.L] | pỏpỏ [H.L] | fwùxa [H.L] | ken.ná [L.L] | mebů [L.L]	vanihèko [va- (prefix) + nihèko (root)] | ă [lexical] | xő [lexical] | tètá [lexical] | sỏůchů [sỏ (function morpheme) + -ů (verbalizer) + -ch- (infix) + -ů (verbalizer)] | sèwo [lexical] | onă [lexical] | bỏhjá [lexical] | xő [lexical] | izovivi [lexical] | zèmùxa [zè- (prefix) + mùxa (root)] | ŕa [lexical] | izånixå [lexical] | xő [lexical] | na [lexical] | xő [lexical] | zèpxỏnů [zè- (prefix) + pxỏ (root) + -n- (infix) + -ů (verbalizer)] | ŕa [lexical] | izånixå [lexical] | xő [lexical] | xő [lexical] | pù [pù- (prefix)] | ỏbỏ [lexical] | xăkobi [xă- (prefix) + kobi (root)] | zèpùxa [zè- (prefix) + pùxa (root)] | sèni [lexical] | pỏpỏ [lexical] | fwùxa [lexical] | ken.ná [lexical] | mebů [me- (prefix) + -b- (verbal bridge) + -ů (verbalizer)]	L%	none		no_reference	model_hypothesis
asx_nat_856629bb520d_t01	asx_nat_856629bb520d	1	C	natural_reader	ŕa ă xő nonýj va hjávakam gamaoŕă dăna åa ja zá kamnawopao jýna sỏjå — vå kamm săsă hjinýj zèbů.	And he missed, too, those long moonlight hours in the nursery, when all the house was silent, and his talks with the Skin Horse.	exact	ŕa [L] | ă [H] | xő [L] | nonýj [H.L] | va [L] | hjávakam [H.L.L] | gamaoŕă [L.H.L.L] | dăna [H.L] | åa [H.H] | ja [L] | zá [L] | kamnawopao [L.L.H.L.L] | jýna [H.H] | sỏjå [L.H] | vå [L] | kamm [H.L] | săsă [L.L] | hjinýj [H.H] | zèbů [H.H]	ŕa [H] | ă [L] | xő [L] | nonýj [H.L] | va [L] | hjávakam [H.L.L] | gamaoŕă [L.H.L.L] | dăna [H.L] | åa [H.H] | ja [L] | zá [L] | kamnawopao [L.L.H.L.L] | jýna [H.H] | sỏjå [L.H] | vå [L] | kamm [H.L] | săsă [L.L] | hjinýj [H.H] | zèbů [H.H]	ŕa [lexical] | ă [lexical] | xő [lexical] | nonýj [lexical] | va [va- (prefix)] | hjávakam [lexical] | gamaoŕă [ga- (compound prefix) + mao (compound modifier) + ŕă (compound head)] | dăna [dă (lexical unit) + na (function morpheme)] | åa [å (root) + -a (plural)] | ja [lexical] | zá [lexical] | kamnawopao [kamnawo (compound modifier) + pao (compound head)] | jýna [jýn (root) + -a (plural)] | sỏjå [sỏ (function morpheme) + jå (lexical unit)] | vå [lexical] | kamm [lexical] | săsă [lexical] | hjinýj [lexical] | zèbů [zè (root) + -b- (verbal bridge) + -ů (verbalizer)]	L%	none		no_reference	model_hypothesis
asx_nat_c708b392f84a_t01	asx_nat_c708b392f84a	1	C	natural_reader	dzè ńopa ă xő ni jo nisùkixů, sèwo onă bỏhjá zá xő izozèjýnů, ŕa då xő pù săpỏno gavina cùŕa zèkamŕů — onýj „ksá onă xăcèna pỏpa vanů cùŕa” tte xő zëjù cùŕa.	But very soon he grew to like it, for the Boy used to talk to him, and made nice tunnels for him under the bedclothes that he said were like the burrows the real rabbits lived in.	exact	dzè [L] | ńopa [L.H] | ă [H] | xő [L] | ni [L] | jo [H] | nisùkixů [L.H.L.L] | sèwo [L.L] | onă [L.L] | bỏhjá [H.L] | zá [L] | xő [L] | izozèjýnů [L.L.L.H.L] | ŕa [L] | då [L] | xő [L] | pù [L] | săpỏno [H.L.L] | gavina [H.L.L] | cùŕa [H.L] | zèkamŕů [H.H.H] | onýj [L.L] | ksá [H] | onă [L.L] | xăcèna [H.H.L] | pỏpa [H.L] | vanů [H.L] | cùŕa [H.L] | tte [L.L] | xő [L] | zëjù [H.L] | cùŕa [H.L]	dzè [H] | ńopa [L.H] | ă [H] | xő [L] | ni [L] | jo [H] | nisùkixů [L.H.L.L] | sèwo [L.L] | onă [L.L] | bỏhjá [H.L] | zá [L] | xő [L] | izozèjýnů [L.L.L.H.L] | ŕa [L] | då [L] | xő [L] | pù [L] | săpỏno [H.L.L] | gavina [H.L.L] | cùŕa [H.L] | zèkamŕů [H.H.H] | onýj [L.L] | ksá [H] | onă [L.L] | xăcèna [H.H.L] | pỏpa [H.L] | vanů [H.L] | cùŕa [H.L] | tte [L.L] | xő [L] | zëjù [H.L] | cùŕa [H.L]	dzè [lexical] | ńopa [lexical] | ă [lexical] | xő [lexical] | ni [lexical] | jo [lexical] | nisùkixů [ni- (prefix) + sùki (root) + -x- (infix) + -ů (verbalizer)] | sèwo [lexical] | onă [lexical] | bỏhjá [lexical] | zá [lexical] | xő [lexical] | izozèjýnů [izo (function morpheme) + zè- (prefix) + jýn (lexical unit) + -ů (verbalizer)] | ŕa [lexical] | då [lexical] | xő [lexical] | pù [pù- (prefix)] | săpỏno [lexical] | gavina [gavi (lexical unit) + na (function morpheme)] | cùŕa [cùŕo (root) + -a (plural)] | zèkamŕů [zè (root) + -kam (suffix) + -ŕ- (infix) + -ů (verbalizer)] | onýj [lexical] | ksá [lexical] | onă [lexical] | xăcèna [xăcè (lexical unit) + na (function morpheme)] | pỏpa [pỏpỏ (root) + -a (plural)] | vanů [lexical] | cùŕa [cùŕo (root) + -a (plural)] | tte [lexical] | xő [lexical] | zëjù [zè- (prefix) + ijù (lexical unit)] | cùŕa [cùŕo (root) + -a (plural)]	L%	none		no_reference	model_hypothesis
asx_nat_9c8636d91a2a_t01	asx_nat_9c8636d91a2a	1	C	natural_reader	ŕa gja tamni, zá sùsù, jovina igùŕa zèma — vå nana ni sè ko chỏno hùzèxoxo ŕa maopjo na sè ŕămáka nonawo pjonů zèbăhè.	And they had splendid games together, in whispers, when Nana had gone away to her supper and left the nightlight burning on the mantelpiece.	exact	ŕa [L] | gja [L] | tamni [H.H] | zá [L] | sùsù [H.L] | jovina [H.L.L] | igùŕa [H.L.L] | zèma [L.H] | vå [L] | nana [H.L] | ni [L] | sè [L] | ko [L] | chỏno [H.H] | hùzèxoxo [L.L.H.L] | ŕa [L] | maopjo [H.L.L] | na [L] | sè [L] | ŕămáka [H.L.L] | nonawo [H.L.L] | pjonů [H.H] | zèbăhè [L.L.L]	ŕa [H] | gja [L] | tamni [H.H] | zá [L] | sùsù [H.L] | jovina [H.L.L] | igùŕa [H.L.L] | zèma [L.H] | vå [L] | nana [H.L] | ni [L] | sè [L] | ko [L] | chỏno [H.H] | hùzèxoxo [L.L.H.L] | ŕa [L] | maopjo [H.L.L] | na [L] | sè [L] | ŕămáka [H.L.L] | nonawo [H.L.L] | pjonů [H.H] | zèbăhè [L.L.L]	ŕa [lexical] | gja [lexical] | tamni [lexical] | zá [lexical] | sùsù [lexical] | jovina [jovi (lexical unit) + na (function morpheme)] | igùŕa [lexical] | zèma [zè- (prefix) + ma (root)] | vå [lexical] | nana [lexical] | ni [lexical] | sè [lexical] | ko [lexical] | chỏno [lexical] | hùzèxoxo [hù- (prefix) + zè- (prefix) + xoxo (root)] | ŕa [lexical] | maopjo [lexical] | na [lexical] | sè [lexical] | ŕămáka [lexical] | nonawo [lexical] | pjonů [lexical] | zèbăhè [zè- (prefix) + bă (function morpheme) + -hè (suffix)]	L%	none		no_reference	model_hypothesis
asx_nat_50523a96ec8b_t01	asx_nat_50523a96ec8b	1	C	natural_reader	ŕa onă bỏhjá ni nùnù ochi vå, pỏpỏ pù sè xő hjinýj săană jëbo zèxỏbwonů ŕa zèxijoŕonů — sè onă bỏhjá tëa xő săsămao obi zèmùxa nivå.	And when the Boy dropped off to sleep, the Rabbit would snuggle down close under his little warm chin and dream, with the Boy's hands clasped close round him all night long.	exact	ŕa [L] | onă [L.L] | bỏhjá [H.L] | ni [L] | nùnù [H.L] | ochi [H.L] | vå [L] | pỏpỏ [H.L] | pù [L] | sè [L] | xő [L] | hjinýj [H.H] | săană [H.L.L] | jëbo [H.L] | zèxỏbwonů [L.L.H.L] | ŕa [L] | zèxijoŕonů [L.H.L.L.L] | sè [L] | onă [L.L] | bỏhjá [H.L] | tëa [H.H] | xő [L] | săsămao [L.L.H.L] | obi [L.H] | zèmùxa [L.H.L] | nivå [L.L]	ŕa [H] | onă [L.L] | bỏhjá [H.L] | ni [L] | nùnù [H.L] | ochi [H.L] | vå [L] | pỏpỏ [H.L] | pù [L] | sè [L] | xő [L] | hjinýj [H.H] | săană [H.L.L] | jëbo [H.L] | zèxỏbwonů [L.L.H.L] | ŕa [L] | zèxijoŕonů [L.H.L.L.L] | sè [L] | onă [L.L] | bỏhjá [H.L] | tëa [H.H] | xő [L] | săsămao [L.L.H.L] | obi [L.H] | zèmùxa [L.H.L] | nivå [L.L]	ŕa [lexical] | onă [lexical] | bỏhjá [lexical] | ni [lexical] | nùnù [lexical] | ochi [lexical] | vå [lexical] | pỏpỏ [lexical] | pù [pù- (prefix)] | sè [lexical] | xő [lexical] | hjinýj [lexical] | săană [săa (root) + -nă (warm adjective suffix)] | jëbo [lexical] | zèxỏbwonů [zè- (prefix) + -x- (infix) + ỏbwo (lexical unit) + -n- (infix) + -ů (verbalizer)] | ŕa [lexical] | zèxijoŕonů [zè- (prefix) + -x- (infix) + ijoŕo (lexical unit) + -n- (infix) + -ů (verbalizer)] | sè [lexical] | onă [lexical] | bỏhjá [lexical] | tëa [të (root) + -a (plural)] | xő [lexical] | săsămao [săsă (function morpheme) + mao (lexical unit)] | obi [lexical] | zèmùxa [zè- (prefix) + mùxa (root)] | nivå [lexical]	L%	none		no_reference	model_hypothesis
asx_nat_4a6615600c68_t01	asx_nat_4a6615600c68	1	C	natural_reader	sèni å zèxopa, ŕa onă hjinýj pỏpỏ xămmbănă zèbů — xămmbănă sèni, ă xő sè xő jovina aksami pỏ nanå naksùnýj niŕa, sè xő dëŕă pỏbi alănů, ŕa gapiva săsă izo sè xő fù — ksi onă bỏhjá xő zèmùa — saza nåsi sỏijpù.	And so time went on, and the little Rabbit was very happy—so happy that he never noticed how his beautiful velveteen fur was getting shabbier and shabbier, and his tail coming unsewn, and all the pink rubbed off his nose where the Boy had kissed him.	exact	sèni [L.L] | å [H] | zèxopa [L.H.L] | ŕa [L] | onă [L.L] | hjinýj [H.H] | pỏpỏ [H.L] | xămmbănă [H.L.H.H] | zèbů [H.H] | xămmbănă [H.L.H.H] | sèni [L.L] | ă [H] | xő [L] | sè [L] | xő [L] | jovina [H.L.L] | aksami [H.L.L] | pỏ [H] | nanå [L.L] | naksùnýj [L.H.H] | niŕa [H.H] | sè [L] | xő [L] | dëŕă [H.L] | pỏbi [H.L] | alănů [H.L.L] | ŕa [L] | gapiva [L.H.L] | săsă [L.L] | izo [L.L] | sè [L] | xő [L] | fù [H] | ksi [L] | onă [L.L] | bỏhjá [H.L] | xő [L] | zèmùa [L.H.L] | saza [H.L] | nåsi [L.L] | sỏijpù [L.H.L]	sèni [H.L] | å [H] | zèxopa [L.H.L] | ŕa [L] | onă [L.L] | hjinýj [H.H] | pỏpỏ [H.L] | xămmbănă [H.L.H.H] | zèbů [H.H] | xămmbănă [H.L.H.H] | sèni [L.L] | ă [H] | xő [L] | sè [L] | xő [L] | jovina [H.L.L] | aksami [H.L.L] | pỏ [H] | nanå [L.L] | naksùnýj [L.H.H] | niŕa [H.H] | sè [L] | xő [L] | dëŕă [H.L] | pỏbi [H.L] | alănů [H.L.L] | ŕa [L] | gapiva [L.H.L] | săsă [L.L] | izo [L.L] | sè [L] | xő [L] | fù [H] | ksi [L] | onă [L.L] | bỏhjá [H.L] | xő [L] | zèmùa [L.H.L] | saza [H.L] | nåsi [L.L] | sỏijpù [L.H.L]	sèni [lexical] | å [lexical] | zèxopa [zè- (prefix) + xopa (root)] | ŕa [lexical] | onă [lexical] | hjinýj [lexical] | pỏpỏ [lexical] | xămmbănă [xă- (prefix) + mmbă (root) + -nă (warm adjective suffix)] | zèbů [zè (root) + -b- (verbal bridge) + -ů (verbalizer)] | xămmbănă [xă- (prefix) + mmbă (root) + -nă (warm adjective suffix)] | sèni [lexical] | ă [lexical] | xő [lexical] | sè [lexical] | xő [lexical] | jovina [jovi (lexical unit) + na (function morpheme)] | aksami [lexical] | pỏ [lexical] | nanå [lexical] | naksùnýj [na- (prefix) + ksù (root) + -nýj (cold adjective suffix)] | niŕa [lexical] | sè [lexical] | xő [lexical] | dëŕă [lexical] | pỏbi [lexical] | alănů [lexical] | ŕa [lexical] | gapiva [lexical] | săsă [lexical] | izo [lexical] | sè [lexical] | xő [lexical] | fù [lexical] | ksi [lexical] | onă [lexical] | bỏhjá [lexical] | xő [lexical] | zèmùa [zè- (prefix) + mùa (root)] | saza [lexical] | nåsi [lexical] | sỏijpù [sỏ (function morpheme) + ijpù (lexical unit)]	L%	none		no_reference	model_hypothesis
asx_nat_a31ac5df67da_t01	asx_nat_a31ac5df67da	1	C	natural_reader	jëtxă zèxogă, ŕa gja va văŕo dăna xiwa zèma, sèwo dhè onă bỏhjá gă-ni xo chěxa, pỏpỏ xa zèxo.	Spring came, and they had long days in the garden, for wherever the Boy went the Rabbit went too.	terminal_aligned	jëtxă [H.L] | zèxogă [L.L.H] | ŕa [L] | gja [L] | va [L] | văŕo [H.L] | dăna [H.L] | xiwa [H.H] | zèma [L.H] | sèwo [L.L] | dhè [L] | onă [L.L] | bỏhjá [H.L] | gă [H] | ni [L] | xo [H] | chěxa [L.L] | pỏpỏ [H.L] | xa [L] | zèxo [L.H]	jëtxă [H.L] | zèxogă [L.L.H] | ŕa [L] | gja [L] | va [L] | văŕo [H.L] | dăna [H.L] | xiwa [H.H] | zèma [L.H] | sèwo [L.L] | dhè [L] | onă [L.L] | bỏhjá [H.L] | gă [H] | ni [L] | xo [H] | chěxa [L.L] | pỏpỏ [H.L] | xa [L] | zèxo [L.L]	jëtxă [lexical] | zèxogă [zè- (prefix) + xogă (root)] | ŕa [lexical] | gja [lexical] | va [va- (prefix)] | văŕo [lexical] | dăna [dă (lexical unit) + na (function morpheme)] | xiwa [xi (root) + -wa (plural)] | zèma [zè- (prefix) + ma (root)] | sèwo [lexical] | dhè [lexical] | onă [lexical] | bỏhjá [lexical] | gă [lexical] | ni [lexical] | xo [lexical] | chěxa [lexical] | pỏpỏ [lexical] | xa [lexical] | zèxo [zè- (prefix) + xo (root)]	L%	none		no_reference	model_hypothesis
asx_nat_59afd5ac615c_t01	asx_nat_59afd5ac615c	1	C	natural_reader	xő va pŕoŕo zèxonů, na vivi zèkomonů, ŕa då xő — pù kŕahjákae bùŕo, hù sè piva bi — jovina txenshá-xăta zèkamŕů.	He had rides in the wheelbarrow, and picnics on the grass, and lovely fairy huts built for him under the raspberry canes behind the flower border.	terminal_aligned	xő [L] | va [L] | pŕoŕo [H.L] | zèxonů [L.H.H] | na [L] | vivi [H.L] | zèkomonů [L.H.L.L] | ŕa [L] | då [L] | xő [L] | pù [L] | kŕahjákae [H.L.L.L] | bùŕo [H.L] | hù [L] | sè [L] | piva [H.L] | bi [H] | jovina [H.L.L] | txenshá [H.L] | xăta [H.L] | zèkamŕů [H.H.H]	xő [H] | va [L] | pŕoŕo [H.L] | zèxonů [L.H.H] | na [L] | vivi [H.L] | zèkomonů [L.H.L.L] | ŕa [L] | då [L] | xő [L] | pù [L] | kŕahjákae [H.L.L.L] | bùŕo [H.L] | hù [L] | sè [L] | piva [H.L] | bi [H] | jovina [H.L.L] | txenshá [H.L] | xăta [H.L] | zèkamŕů [H.H.H]	xő [lexical] | va [va- (prefix)] | pŕoŕo [lexical] | zèxonů [zè- (prefix) + xo (root) + -n- (infix) + -ů (verbalizer)] | na [lexical] | vivi [lexical] | zèkomonů [zè- (prefix) + komo (root) + -n- (infix) + -ů (verbalizer)] | ŕa [lexical] | då [lexical] | xő [lexical] | pù [pù- (prefix)] | kŕahjákae [lexical] | bùŕo [lexical] | hù [lexical] | sè [lexical] | piva [lexical] | bi [lexical] | jovina [jovi (lexical unit) + na (function morpheme)] | txenshá [lexical] | xăta [xăto (root) + -a (plural)] | zèkamŕů [zè (root) + -kam (suffix) + -ŕ- (infix) + -ů (verbalizer)]	L%	none		no_reference	model_hypothesis
asx_nat_325399d642f4_t01	asx_nat_325399d642f4	1	C	natural_reader	ŕa săbam, vå dhè onă bỏhjá ni chă săbam zèxăka, dhè pỏpỏ na vivi måmå hù xipùŕo xădănă å zèbăhè, ŕa nana zá pjobi xő ăxo zèxăhè — sèwo xő noxiŕa chěná, onă bỏhjá ni nùnù ochi ken.ná zèbů.	And once, when the Boy was called away suddenly to go out to tea, the Rabbit was left out on the lawn until long after dusk, and Nana had to come and look for him with the candle because the Boy couldn't go to sleep unless he was there.	exact	ŕa [L] | săbam [H.H] | vå [L] | dhè [L] | onă [L.L] | bỏhjá [H.L] | ni [L] | chă [H] | săbam [H.H] | zèxăka [L.H.L] | dhè [L] | pỏpỏ [H.L] | na [L] | vivi [H.L] | måmå [H.L] | hù [L] | xipùŕo [H.L.L] | xădănă [H.H.H] | å [H] | zèbăhè [L.L.L] | ŕa [L] | nana [H.L] | zá [L] | pjobi [H.L] | xő [L] | ăxo [H.L] | zèxăhè [H.H.H] | sèwo [L.L] | xő [L] | noxiŕa [L.H.H] | chěná [L.H] | onă [L.L] | bỏhjá [H.L] | ni [L] | nùnù [H.L] | ochi [H.L] | ken.ná [L.L] | zèbů [H.H]	ŕa [H] | săbam [L.H] | vå [L] | dhè [L] | onă [L.L] | bỏhjá [H.L] | ni [L] | chă [H] | săbam [H.H] | zèxăka [L.H.L] | dhè [L] | pỏpỏ [H.L] | na [L] | vivi [H.L] | måmå [H.L] | hù [L] | xipùŕo [H.L.L] | xădănă [H.H.H] | å [H] | zèbăhè [L.L.L] | ŕa [L] | nana [H.L] | zá [L] | pjobi [H.L] | xő [L] | ăxo [H.L] | zèxăhè [H.H.H] | sèwo [L.L] | xő [L] | noxiŕa [L.H.H] | chěná [L.H] | onă [L.L] | bỏhjá [H.L] | ni [L] | nùnù [H.L] | ochi [H.L] | ken.ná [L.L] | zèbů [H.H]	ŕa [lexical] | săbam [să (root) + -bam (suffix)] | vå [lexical] | dhè [lexical] | onă [lexical] | bỏhjá [lexical] | ni [lexical] | chă [lexical] | săbam [să (root) + -bam (suffix)] | zèxăka [zè- (prefix) + -x- (infix) + ăka (lexical unit)] | dhè [lexical] | pỏpỏ [lexical] | na [lexical] | vivi [lexical] | måmå [lexical] | hù [lexical] | xipùŕo [lexical] | xădănă [xă- (prefix) + dă (root) + -nă (warm adjective suffix)] | å [lexical] | zèbăhè [zè- (prefix) + bă (function morpheme) + -hè (suffix)] | ŕa [lexical] | nana [lexical] | zá [lexical] | pjobi [lexical] | xő [lexical] | ăxo [lexical] | zèxăhè [zè (root) + xă (dominant suffix) + -hè (suffix)] | sèwo [lexical] | xő [lexical] | noxiŕa [no- (prefix) + xi (root) + -ŕa (validity suffix)] | chěná [lexical] | onă [lexical] | bỏhjá [lexical] | ni [lexical] | nùnù [lexical] | ochi [lexical] | ken.ná [lexical] | zèbů [zè (root) + -b- (verbal bridge) + -ů (verbalizer)]	L%	none		no_reference	model_hypothesis
asx_nat_3d83f06be76d_t01	asx_nat_3d83f06be76d	1	C	natural_reader	xő bă mè săsă ŕoŕonýj zèbů ja — bă anő ni onýj onă bỏhjá då xő va pivaŕo hùzèkamŕů cùŕa niŕo — xăcùnýj, ŕa nana zètètájýnů, ko xő bă sè ko papỏ tamo saza nivå.	He was wet through with the dew and quite earthy from diving into the burrows the Boy had made for him in the flower bed, and Nana grumbled as she rubbed him off with a corner of her apron.	exact	xő [L] | bă [L] | mè [H] | săsă [L.L] | ŕoŕonýj [H.L.L] | zèbů [H.H] | ja [L] | bă [L] | anő [L.L] | ni [L] | onýj [L.L] | onă [L.L] | bỏhjá [H.L] | då [L] | xő [L] | va [L] | pivaŕo [H.L.L] | hùzèkamŕů [L.H.H.H] | cùŕa [H.L] | niŕo [H.H] | xăcùnýj [H.H.H] | ŕa [L] | nana [H.L] | zètètájýnů [H.L.L.L.L] | ko [L] | xő [L] | bă [L] | sè [L] | ko [L] | papỏ [L.H] | tamo [H.L] | saza [H.L] | nivå [L.L]	xő [H] | bă [L] | mè [H] | săsă [L.L] | ŕoŕonýj [H.L.L] | zèbů [H.H] | ja [L] | bă [L] | anő [L.L] | ni [L] | onýj [L.L] | onă [L.L] | bỏhjá [H.L] | då [L] | xő [L] | va [L] | pivaŕo [H.L.L] | hùzèkamŕů [L.H.H.H] | cùŕa [H.L] | niŕo [H.H] | xăcùnýj [H.H.H] | ŕa [L] | nana [H.L] | zètètájýnů [H.L.L.L.L] | ko [L] | xő [L] | bă [L] | sè [L] | ko [L] | papỏ [L.H] | tamo [H.L] | saza [H.L] | nivå [L.L]	xő [lexical] | bă [lexical] | mè [lexical] | săsă [lexical] | ŕoŕonýj [ŕoŕo (root) + -nýj (cold adjective suffix)] | zèbů [zè (root) + -b- (verbal bridge) + -ů (verbalizer)] | ja [lexical] | bă [lexical] | anő [lexical] | ni [lexical] | onýj [lexical] | onă [lexical] | bỏhjá [lexical] | då [lexical] | xő [lexical] | va [va- (prefix)] | pivaŕo [piva (compound modifier) + ŕo (compound head)] | hùzèkamŕů [hù- (prefix) + zè (root) + -kam (suffix) + -ŕ- (infix) + -ů (verbalizer)] | cùŕa [cùŕo (root) + -a (plural)] | niŕo [lexical] | xăcùnýj [xă- (prefix) + cù (root) + -nýj (cold adjective suffix)] | ŕa [lexical] | nana [lexical] | zètètájýnů [zè (compound modifier) + tètá (compound modifier) + jýn (compound modifier) + ů (compound head)] | ko [lexical] | xő [lexical] | bă [lexical] | sè [lexical] | ko [lexical] | papỏ [lexical] | tamo [lexical] | saza [lexical] | nivå [lexical]	L%	none		no_reference	model_hypothesis
asx_nat_04e52c9f4808_t01	asx_nat_04e52c9f4808	1	C	natural_reader	„no sè no txănýj pỏpỏhjá ma xăhè!”	"You must have your old Bunny!"	terminal_aligned	no [L] | sè [L] | no [L] | txănýj [H.H] | pỏpỏhjá [H.L.L] | ma [H] | xăhè [H.L]	no [L] | sè [L] | no [L] | txănýj [H.H] | pỏpỏhjá [H.L.L] | ma [H] | xăhè [H.L]	no [lexical] | sè [lexical] | no [lexical] | txănýj [txă (root) + -nýj (cold adjective suffix)] | pỏpỏhjá [lexical] | ma [lexical] | xăhè [lexical]	LH%	none		no_reference	model_hypothesis
asx_nat_f9ddbd5bf661_t01	asx_nat_f9ddbd5bf661	1	C	natural_reader	tte ko zëjù.	she said.	terminal_aligned	tte [L.L] | ko [L] | zëjù [H.L]	tte [L.H] | ko [L] | zëjù [H.L]	tte [lexical] | ko [lexical] | zëjù [zè- (prefix) + ijù (lexical unit)]	L%	none		no_reference	model_hypothesis
asx_nat_aa0d33f94874_t01	asx_nat_aa0d33f94874	1	C	natural_reader	„dhè igùŕano să — onýj dănă jýno săsă, iŕè!”	"Fancy all that fuss for a toy!"	terminal_aligned	dhè [L] | igùŕano [H.L.L.L] | să [H] | onýj [L.L] | dănă [H.L] | jýno [H.H] | săsă [L.L] | iŕè [L.L]	dhè [L] | igùŕano [H.L.L.L] | să [H] | onýj [L.L] | dănă [H.L] | jýno [H.H] | săsă [L.L] | iŕè [L.L]	dhè [lexical] | igùŕano [lexical] | să [lexical] | onýj [lexical] | dănă [lexical] | jýno [lexical] | săsă [lexical] | iŕè [lexical]	LH%	none		no_reference	model_hypothesis
asx_nat_2ee0532732e5_t01	asx_nat_2ee0532732e5	1	C	natural_reader	onă bỏhjá va ỏbỏŕo zèxona ŕa sè xő tëa zèpăxè.	"Give me my Bunny!" he said. "You mustn't say that. He isn't a toy. He's REAL!"	source_context	onă [L.L] | bỏhjá [H.L] | va [L] | ỏbỏŕo [H.L.L] | zèxona [L.H.L] | ŕa [L] | sè [L] | xő [L] | tëa [H.H] | zèpăxè [L.L.H]	onă [H.L] | bỏhjá [H.L] | va [L] | ỏbỏŕo [H.L.L] | zèxona [L.H.L] | ŕa [L] | sè [L] | xő [L] | tëa [H.H] | zèpăxè [L.L.L]	onă [lexical] | bỏhjá [lexical] | va [va- (prefix)] | ỏbỏŕo [lexical] | zèxona [zè- (prefix) + xona (root)] | ŕa [lexical] | sè [lexical] | xő [lexical] | tëa [të (root) + -a (plural)] | zèpăxè [zè- (prefix) + păxè (root)]	L%	none		no_reference	model_hypothesis
asx_nat_bbca21f78276_t01	asx_nat_bbca21f78276	1	C	natural_reader	onă hjinýj pỏpỏ no zèmi vå, ă xő mmbănă zèbů, sèwo onýj kamnawopao hùzëjù ijùna ămă xăcèno xiŕa tte xő zècè.	When the little Rabbit heard that he was happy, for he knew that what the Skin Horse had said was true at last.	terminal_aligned	onă [L.L] | hjinýj [H.H] | pỏpỏ [H.L] | no [L] | zèmi [H.L] | vå [L] | ă [H] | xő [L] | mmbănă [L.H.L] | zèbů [H.H] | sèwo [L.L] | onýj [L.L] | kamnawopao [L.L.H.L.L] | hùzëjù [L.H.L] | ijùna [H.L.L] | ămă [H.L] | xăcèno [H.L.L] | xiŕa [L.L] | tte [L.L] | xő [L] | zècè [L.H]	onă [H.L] | hjinýj [H.H] | pỏpỏ [H.L] | no [L] | zèmi [H.L] | vå [L] | ă [H] | xő [L] | mmbănă [L.H.L] | zèbů [H.H] | sèwo [L.L] | onýj [L.L] | kamnawopao [L.L.H.L.L] | hùzëjù [L.H.L] | ijùna [H.L.L] | ămă [H.L] | xăcèno [H.L.L] | xiŕa [L.L] | tte [L.L] | xő [L] | zècè [L.L]	onă [lexical] | hjinýj [lexical] | pỏpỏ [lexical] | no [lexical] | zèmi [lexical] | vå [lexical] | ă [lexical] | xő [lexical] | mmbănă [lexical] | zèbů [zè (root) + -b- (verbal bridge) + -ů (verbalizer)] | sèwo [lexical] | onýj [lexical] | kamnawopao [kamnawo (compound modifier) + pao (compound head)] | hùzëjù [hù- (prefix) + zè- (prefix) + ijù (lexical unit)] | ijùna [ijùno (root) + -a (plural)] | ămă [lexical] | xăcèno [lexical] | xiŕa [lexical] | tte [lexical] | xő [lexical] | zècè [zè- (prefix) + cè (root)]	L%	none		no_reference	model_hypothesis
asx_nat_37602b881fb4_t01	asx_nat_37602b881fb4	1	C	natural_reader	onă hjávakam-txaŕăijo ni xő hùzèxogă, ŕa xő igùŕano vanå nèŕa.	The nursery magic had happened to him, and he was a toy no longer.	terminal_aligned	onă [L.L] | hjávakam [H.L.L] | txaŕăijo [H.L.L.L] | ni [L] | xő [L] | hùzèxogă [L.L.L.H] | ŕa [L] | xő [L] | igùŕano [H.L.L.L] | vanå [L.L] | nèŕa [L.L]	onă [H.L] | hjávakam [H.L.L] | txaŕăijo [H.L.L.L] | ni [L] | xő [L] | hùzèxogă [L.L.L.H] | ŕa [L] | xő [L] | igùŕano [H.L.L.L] | vanå [L.L] | nèŕa [L.L]	onă [lexical] | hjávakam [lexical] | txaŕăijo [lexical] | ni [lexical] | xő [lexical] | hùzèxogă [hù- (prefix) + zè- (prefix) + xogă (root)] | ŕa [lexical] | xő [lexical] | igùŕano [lexical] | vanå [lexical] | nèŕa [lexical]	L%	none		no_reference	model_hypothesis
asx_nat_6a1aa532b9bf_t01	asx_nat_6a1aa532b9bf	1	C	natural_reader	xő xăcèshá zèxiŕa.	He was Real.	terminal_aligned	xő [L] | xăcèshá [H.L.L] | zèxiŕa [L.H.H]	xő [H] | xăcèshá [L.L.L] | zèxiŕa [L.H.H]	xő [lexical] | xăcèshá [lexical] | zèxiŕa [zè- (prefix) + xi (root) + -ŕa (validity suffix)]	L%	none		no_reference	model_hypothesis
asx_nat_b9d52ee65925_t01	asx_nat_b9d52ee65925	1	C	natural_reader	onă bỏhjá nixő jo hùzëjù.	The Boy himself had said it.	terminal_aligned	onă [L.L] | bỏhjá [H.L] | nixő [L.L] | jo [H] | hùzëjù [L.H.L]	onă [H.L] | bỏhjá [H.L] | nixő [L.L] | jo [H] | hùzëjù [L.H.L]	onă [lexical] | bỏhjá [lexical] | nixő [lexical] | jo [lexical] | hùzëjù [hù- (prefix) + zè- (prefix) + ijù (lexical unit)]	L%	none		no_reference	model_hypothesis
asx_nat_cb437c3978b8_t01	asx_nat_cb437c3978b8	1	C	natural_reader	nomao ă xő xămmbănă mibů sèni, nùnù ken.ná mebů, ŕa va sè xő hjinýj gavènopỏ mobo sùki xădăgo zèxo sèni, jo opaŕăpxa zèbů.	That night he was almost too happy to sleep, and so much love stirred in his little sawdust heart that it almost burst.	exact	nomao [L.H.L] | ă [H] | xő [L] | xămmbănă [H.L.H.H] | mibů [L.L] | sèni [L.L] | nùnù [H.L] | ken.ná [L.L] | mebů [L.L] | ŕa [L] | va [L] | sè [L] | xő [L] | hjinýj [H.H] | gavènopỏ [L.H.H.L] | mobo [H.L] | sùki [H.L] | xădăgo [H.L.L] | zèxo [L.H] | sèni [L.L] | jo [H] | opaŕăpxa [L.L.H.L] | zèbů [H.H]	nomao [H.L.L] | ă [H] | xő [L] | xămmbănă [H.L.H.H] | mibů [L.L] | sèni [L.L] | nùnù [H.L] | ken.ná [L.L] | mebů [L.L] | ŕa [L] | va [L] | sè [L] | xő [L] | hjinýj [H.H] | gavènopỏ [L.H.H.L] | mobo [H.L] | sùki [H.L] | xădăgo [H.L.L] | zèxo [L.H] | sèni [L.L] | jo [H] | opaŕăpxa [L.L.H.L] | zèbů [H.H]	nomao [no- (prefix) + mao (root)] | ă [lexical] | xő [lexical] | xămmbănă [xă- (prefix) + mmbă (root) + -nă (warm adjective suffix)] | mibů [mi- (prefix) + -b- (verbal bridge) + -ů (verbalizer)] | sèni [lexical] | nùnù [lexical] | ken.ná [lexical] | mebů [me- (prefix) + -b- (verbal bridge) + -ů (verbalizer)] | ŕa [lexical] | va [va- (prefix)] | sè [lexical] | xő [lexical] | hjinýj [lexical] | gavènopỏ [ga- (compound prefix) + vèno (compound modifier) + pỏ (compound head)] | mobo [lexical] | sùki [lexical] | xădăgo [xă- (prefix) + dăgo (function morpheme)] | zèxo [zè- (prefix) + xo (root)] | sèni [lexical] | jo [lexical] | opaŕăpxa [opa- (prefix) + ŕăpxa (root)] | zèbů [zè (root) + -b- (verbal bridge) + -ů (verbalizer)]	L%	none		no_reference	model_hypothesis
asx_nat_d6d29c727981_t01	asx_nat_d6d29c727981	1	C	natural_reader	ŕa ni sè xő gamemno mëja — onýj sè hja pjo kozè hùzètákshù mëja — sè shánă jovi ijå zèxogă, sèni nana xa pavwo xinihè jo zèxijpù, ko xő xapo vå, ŕa zëjù: „nonă txănýj pỏpỏhjá shěsonýj mëjoxů wő!”	And into his boot-button eyes, that had long ago lost their polish, there came a look of wisdom and beauty, so that even Nana noticed it next morning when she picked him up, and said, "I declare if that old Bunny hasn't got quite a knowing expression!"	exact	ŕa [L] | ni [L] | sè [L] | xő [L] | gamemno [L.H.L] | mëja [H.L] | onýj [L.L] | sè [L] | hja [L] | pjo [H] | kozè [L.H] | hùzètákshù [L.L.H.L] | mëja [H.L] | sè [L] | shánă [H.H] | jovi [H.L] | ijå [L.H] | zèxogă [L.L.H] | sèni [L.L] | nana [H.L] | xa [L] | pavwo [L.H] | xinihè [H.L.L] | jo [H] | zèxijpù [L.H.L] | ko [L] | xő [L] | xapo [H.L] | vå [L] | ŕa [L] | zëjù [H.L] | nonă [L.L] | txănýj [H.H] | pỏpỏhjá [H.L.L] | shěsonýj [H.L.L] | mëjoxů [H.L.L] | wő [L]	ŕa [L] | ni [L] | sè [L] | xő [L] | gamemno [L.H.L] | mëja [H.L] | onýj [L.L] | sè [L] | hja [L] | pjo [H] | kozè [L.H] | hùzètákshù [L.L.H.L] | mëja [H.L] | sè [L] | shánă [H.H] | jovi [H.L] | ijå [L.H] | zèxogă [L.L.H] | sèni [L.L] | nana [H.L] | xa [L] | pavwo [L.H] | xinihè [H.L.L] | jo [H] | zèxijpù [L.H.L] | ko [L] | xő [L] | xapo [H.L] | vå [L] | ŕa [L] | zëjù [H.L] | nonă [L.L] | txănýj [H.H] | pỏpỏhjá [H.L.L] | shěsonýj [H.L.L] | mëjoxů [H.L.L] | wő [H]	ŕa [lexical] | ni [lexical] | sè [lexical] | xő [lexical] | gamemno [ga- (compound prefix) + memno (root)] | mëja [mëjo (root) + -a (plural)] | onýj [lexical] | sè [lexical] | hja [lexical] | pjo [lexical] | kozè [lexical] | hùzètákshù [hù- (prefix) + zè- (prefix) + tákshù (root)] | mëja [mëjo (root) + -a (plural)] | sè [lexical] | shánă [lexical] | jovi [lexical] | ijå [lexical] | zèxogă [zè- (prefix) + xogă (root)] | sèni [lexical] | nana [lexical] | xa [lexical] | pavwo [lexical] | xinihè [lexical] | jo [lexical] | zèxijpù [zè- (prefix) + -x- (infix) + ijpù (lexical unit)] | ko [lexical] | xő [lexical] | xapo [lexical] | vå [lexical] | ŕa [lexical] | zëjù [zè- (prefix) + ijù (lexical unit)] | nonă [no- (prefix) + onă (function morpheme)] | txănýj [txă (root) + -nýj (cold adjective suffix)] | pỏpỏhjá [lexical] | shěsonýj [lexical] | mëjoxů [lexical] | wő [lexical]	H%	none		no_reference	model_hypothesis
asx_nat_568bf0f441d4_t01	asx_nat_568bf0f441d4	1	C	natural_reader	nonă săatxă xăjovină zèxiŕa!	That was a wonderful Summer!	exact	nonă [L.L] | săatxă [H.L.L] | xăjovină [H.H.L.L] | zèxiŕa [L.H.H]	nonă [L.L] | săatxă [H.L.L] | xăjovină [H.H.L.L] | zèxiŕa [L.H.H]	nonă [no- (prefix) + onă (function morpheme)] | săatxă [lexical] | xăjovină [xă- (prefix) + jovi (root) + -nă (warm adjective suffix)] | zèxiŕa [zè- (prefix) + xi (root) + -ŕa (validity suffix)]	LH%	none		no_reference	model_hypothesis
asx_nat_bccaecccd542_t01	asx_nat_bccaecccd542	1	C	natural_reader	ba onýj gja vanů kamm, kjèŕo zèxiŕa, ŕa va dăna săatxă xipùŕa, onă bỏhjá hù chă ni no igùŕanů då xo zèsùka.	Near the house where they lived there was a wood, and in the long June evenings the Boy liked to go there after tea to play.	terminal_aligned	ba [L] | onýj [L.L] | gja [L] | vanů [H.L] | kamm [H.L] | kjèŕo [H.L] | zèxiŕa [L.H.H] | ŕa [L] | va [L] | dăna [H.L] | săatxă [H.L.L] | xipùŕa [H.L.L] | onă [L.L] | bỏhjá [H.L] | hù [L] | chă [H] | ni [L] | no [L] | igùŕanů [H.L.L.L] | då [L] | xo [H] | zèsùka [L.H.L]	ba [H] | onýj [L.L] | gja [L] | vanů [H.L] | kamm [H.L] | kjèŕo [H.L] | zèxiŕa [L.H.H] | ŕa [L] | va [L] | dăna [H.L] | săatxă [H.L.L] | xipùŕa [H.L.L] | onă [L.L] | bỏhjá [H.L] | hù [L] | chă [H] | ni [L] | no [L] | igùŕanů [H.L.L.L] | då [L] | xo [H] | zèsùka [L.H.L]	ba [ba- (prefix)] | onýj [lexical] | gja [lexical] | vanů [lexical] | kamm [lexical] | kjèŕo [lexical] | zèxiŕa [zè- (prefix) + xi (root) + -ŕa (validity suffix)] | ŕa [lexical] | va [va- (prefix)] | dăna [dă (lexical unit) + na (function morpheme)] | săatxă [lexical] | xipùŕa [xipùŕo (root) + -a (plural)] | onă [lexical] | bỏhjá [lexical] | hù [lexical] | chă [lexical] | ni [lexical] | no [lexical] | igùŕanů [lexical] | då [lexical] | xo [lexical] | zèsùka [zè- (prefix) + sùka (root)]	L%	none		no_reference	model_hypothesis
asx_nat_7236a88c4210_t01	asx_nat_7236a88c4210	1	C	natural_reader	xő onă gaksamipỏpỏ zámaaśù, ŕa xő piva tăxo, si ỏ kjèpa tapùshá igùŕanů ni gănů panå, xő onå då pỏpỏ ỏ txepỏvă hjinýj baoŕo zèkamŕů — ksi xő waonă ůchů xăxă — sèwo xő gavimobonă hjinýj bỏhjá zèxiŕa ŕa pỏpỏhjá waonă ůchů zèsùka.	He took the Velveteen Rabbit with him, and before he wandered off to pick flowers, or play at brigands among the trees, he always made the Rabbit a little nest somewhere among the bracken, where he would be quite cosy, for he was a kind-hearted little boy and he liked Bunny to be comfortable.	terminal_aligned	xő [L] | onă [L.L] | gaksamipỏpỏ [H.L.L.L.L] | zámaaśù [L.H.L.L] | ŕa [L] | xő [L] | piva [H.L] | tăxo [H.L] | si [L] | ỏ [L] | kjèpa [H.L] | tapùshá [H.L.L] | igùŕanů [H.L.L.L] | ni [L] | gănů [H.H] | panå [L.L] | xő [L] | onå [L.L] | då [L] | pỏpỏ [H.L] | ỏ [L] | txepỏvă [H.L.L] | hjinýj [H.H] | baoŕo [H.L.L] | zèkamŕů [H.H.H] | ksi [L] | xő [L] | waonă [L.H.L] | ůchů [H.L] | xăxă [H.L] | sèwo [L.L] | xő [L] | gavimobonă [H.L.L.L.L] | hjinýj [H.H] | bỏhjá [H.L] | zèxiŕa [L.H.H] | ŕa [L] | pỏpỏhjá [H.L.L] | waonă [L.H.L] | ůchů [H.L] | zèsùka [L.H.L]	xő [H] | onă [L.L] | gaksamipỏpỏ [H.L.L.L.L] | zámaaśù [L.H.L.L] | ŕa [L] | xő [L] | piva [H.L] | tăxo [H.L] | si [L] | ỏ [L] | kjèpa [H.L] | tapùshá [H.L.L] | igùŕanů [H.L.L.L] | ni [L] | gănů [H.H] | panå [L.L] | xő [L] | onå [L.L] | då [L] | pỏpỏ [H.L] | ỏ [L] | txepỏvă [H.L.L] | hjinýj [H.H] | baoŕo [H.L.L] | zèkamŕů [H.H.H] | ksi [L] | xő [L] | waonă [L.H.L] | ůchů [H.L] | xăxă [H.L] | sèwo [L.L] | xő [L] | gavimobonă [H.L.L.L.L] | hjinýj [H.H] | bỏhjá [H.L] | zèxiŕa [L.H.H] | ŕa [L] | pỏpỏhjá [H.L.L] | waonă [L.H.L] | ůchů [H.L] | zèsùka [L.H.L]	xő [lexical] | onă [lexical] | gaksamipỏpỏ [ga- (compound prefix) + aksami (compound modifier) + pỏpỏ (compound head)] | zámaaśù [zá (function morpheme) + maaśù (lexical unit)] | ŕa [lexical] | xő [lexical] | piva [lexical] | tăxo [lexical] | si [lexical] | ỏ [ỏ- (prefix)] | kjèpa [kjèpo (root) + -a (plural)] | tapùshá [lexical] | igùŕanů [lexical] | ni [lexical] | gănů [lexical] | panå [lexical] | xő [lexical] | onå [lexical] | då [lexical] | pỏpỏ [lexical] | ỏ [ỏ- (prefix)] | txepỏvă [lexical] | hjinýj [lexical] | baoŕo [lexical] | zèkamŕů [zè (root) + -kam (suffix) + -ŕ- (infix) + -ů (verbalizer)] | ksi [lexical] | xő [lexical] | waonă [lexical] | ůchů [lexical] | xăxă [lexical] | sèwo [lexical] | xő [lexical] | gavimobonă [gavi (compound modifier) + mobo (compound head) + -nă (warm adjective suffix)] | hjinýj [lexical] | bỏhjá [lexical] | zèxiŕa [zè- (prefix) + xi (root) + -ŕa (validity suffix)] | ŕa [lexical] | pỏpỏhjá [lexical] | waonă [lexical] | ůchů [lexical] | zèsùka [zè- (prefix) + sùka (root)]	L%	none		no_reference	model_hypothesis
asx_nat_658a7efb0379_t01	asx_nat_658a7efb0379	1	C	natural_reader	gănå xipùŕo, pỏpỏ no shásnýj babů nivå — xő onă ỏ sè xő tëa va vivi ni-izo haśù kùgùwa ijonů nivå — xő tam siŕony sháma izo onă kjèna txepỏvă păŋawa zèxijo.	One evening, while the Rabbit was lying there alone, watching the ants that ran to and fro between his velvet paws in the grass, he saw two strange beings creep out of the tall bracken near him.	exact	gănå [L.L] | xipùŕo [H.L.L] | pỏpỏ [H.L] | no [L] | shásnýj [H.L] | babů [L.L] | nivå [L.L] | xő [L] | onă [L.L] | ỏ [L] | sè [L] | xő [L] | tëa [H.H] | va [L] | vivi [H.L] | ni [L] | izo [L.L] | haśù [L.H] | kùgùwa [H.L.L] | ijonů [H.L.L] | nivå [L.L] | xő [L] | tam [H] | siŕony [H.H] | sháma [H.H] | izo [L.L] | onă [L.L] | kjèna [H.L] | txepỏvă [H.L.L] | păŋawa [L.H.L] | zèxijo [L.H.L]	gănå [H.L] | xipùŕo [H.L.L] | pỏpỏ [H.L] | no [L] | shásnýj [H.L] | babů [L.L] | nivå [L.L] | xő [L] | onă [L.L] | ỏ [L] | sè [L] | xő [L] | tëa [H.H] | va [L] | vivi [H.L] | ni [L] | izo [L.L] | haśù [L.H] | kùgùwa [H.L.L] | ijonů [H.L.L] | nivå [L.L] | xő [L] | tam [H] | siŕony [H.H] | sháma [H.H] | izo [L.L] | onă [L.L] | kjèna [H.L] | txepỏvă [H.L.L] | păŋawa [L.H.L] | zèxijo [L.H.L]	gănå [lexical] | xipùŕo [lexical] | pỏpỏ [lexical] | no [lexical] | shásnýj [lexical] | babů [ba- (prefix) + -b- (verbal bridge) + -ů (verbalizer)] | nivå [lexical] | xő [lexical] | onă [lexical] | ỏ [ỏ- (prefix)] | sè [lexical] | xő [lexical] | tëa [të (root) + -a (plural)] | va [va- (prefix)] | vivi [lexical] | ni [lexical] | izo [lexical] | haśù [lexical] | kùgùwa [kùgù (root) + -wa (plural)] | ijonů [ijo (root) + -n- (infix) + -ů (verbalizer)] | nivå [lexical] | xő [lexical] | tam [lexical] | siŕony [siŕo (lexical unit) + -ný (reduced cold adjective suffix)] | sháma [shá (root) + -ma (plural)] | izo [lexical] | onă [lexical] | kjèna [kjè (lexical unit) + na (function morpheme)] | txepỏvă [lexical] | păŋawa [pă- (prefix) + ŋawa (root)] | zèxijo [zè- (prefix) + -x- (infix) + ijo (lexical unit)]	L%	none		no_reference	model_hypothesis
asx_nat_7ddfde3d343b_t01	asx_nat_7ddfde3d343b	1	C	natural_reader	gja nixő ůwů pỏpa zèxiŕa, dzè xăpỏna xăjënýj.	They were rabbits like himself, but quite furry and brand-new.	terminal_aligned	gja [L] | nixő [L.L] | ůwů [H.L] | pỏpa [H.L] | zèxiŕa [L.H.H] | dzè [L] | xăpỏna [H.H.L] | xăjënýj [H.H.H]	gja [H] | nixő [L.L] | ůwů [H.L] | pỏpa [H.L] | zèxiŕa [L.H.H] | dzè [L] | xăpỏna [H.H.L] | xăjënýj [H.H.H]	gja [lexical] | nixő [lexical] | ůwů [lexical] | pỏpa [pỏpỏ (root) + -a (plural)] | zèxiŕa [zè- (prefix) + xi (root) + -ŕa (validity suffix)] | dzè [lexical] | xăpỏna [xă- (prefix) + pỏ (lexical unit) + na (function morpheme)] | xăjënýj [xă- (prefix) + jë (root) + -nýj (cold adjective suffix)]	L%	none		no_reference	model_hypothesis
asx_nat_d5e77c7a088f_t01	asx_nat_d5e77c7a088f	1	C	natural_reader	dhè gja xăgavină kamŕů tte xăxiŕa, sèwo sè gja pỏbiwa dåmëná, ŕa gja xo vå, gja siŕonýj kxe zètxanů; să åkamm gja dăna hjinýj zèbů, ŕa pă åkamm bwona pỏnă — onå tambinů ná, ksá xő.	They must have been very well made, for their seams didn't show at all, and they changed shape in a queer way when they moved; one minute they were long and thin and the next minute fat and bunchy, instead of always staying the same like he did.	terminal_aligned	dhè [L] | gja [L] | xăgavină [H.H.L.L] | kamŕů [H.L] | tte [L.L] | xăxiŕa [H.H.H] | sèwo [L.L] | sè [L] | gja [L] | pỏbiwa [H.L.L] | dåmëná [H.L.H] | ŕa [L] | gja [L] | xo [H] | vå [L] | gja [L] | siŕonýj [H.H.L] | kxe [H] | zètxanů [L.H.H] | să [H] | åkamm [H.L.L] | gja [L] | dăna [H.L] | hjinýj [H.H] | zèbů [H.H] | ŕa [L] | pă [L] | åkamm [H.L.L] | bwona [H.L] | pỏnă [H.H] | onå [L.L] | tambinů [H.L.L] | ná [H] | ksá [H] | xő [L]	dhè [H] | gja [L] | xăgavină [H.H.L.L] | kamŕů [H.L] | tte [L.L] | xăxiŕa [H.H.H] | sèwo [L.L] | sè [L] | gja [L] | pỏbiwa [H.L.L] | dåmëná [H.L.H] | ŕa [L] | gja [L] | xo [H] | vå [L] | gja [L] | siŕonýj [H.H.L] | kxe [H] | zètxanů [L.H.H] | să [H] | åkamm [H.L.L] | gja [L] | dăna [H.L] | hjinýj [H.H] | zèbů [H.H] | ŕa [L] | pă [L] | åkamm [H.L.L] | bwona [H.L] | pỏnă [H.H] | onå [L.L] | tambinů [H.L.L] | ná [H] | ksá [H] | xő [L]	dhè [lexical] | gja [lexical] | xăgavină [xă- (prefix) + gavi (root) + -nă (warm adjective suffix)] | kamŕů [lexical] | tte [lexical] | xăxiŕa [xă- (prefix) + xi (root) + -ŕa (validity suffix)] | sèwo [lexical] | sè [lexical] | gja [lexical] | pỏbiwa [pỏbi (root) + -wa (plural)] | dåmëná [dåmë (root) + ná (dominant suffix)] | ŕa [lexical] | gja [lexical] | xo [lexical] | vå [lexical] | gja [lexical] | siŕonýj [siŕo (root) + -nýj (cold adjective suffix)] | kxe [lexical] | zètxanů [zè- (prefix) + txa (root) + -n- (infix) + -ů (verbalizer)] | să [lexical] | åkamm [lexical] | gja [lexical] | dăna [dă (lexical unit) + na (function morpheme)] | hjinýj [lexical] | zèbů [zè (root) + -b- (verbal bridge) + -ů (verbalizer)] | ŕa [lexical] | pă [pă- (prefix)] | åkamm [lexical] | bwona [bwo (lexical unit) + na (function morpheme)] | pỏnă [pỏ (root) + -nă (warm adjective suffix)] | onå [lexical] | tambinů [lexical] | ná [lexical] | ksá [lexical] | xő [lexical]	L%	none		no_reference	model_hypothesis
asx_nat_8d5d7d830c5f_t01	asx_nat_8d5d7d830c5f	1	C	natural_reader	sè gja aśa na cù pỏnă zèxaśù, ŕa gja ni xő xăobi zèŋawa, sè gja fùwa fŕefŕenů nivå — pỏpỏ izovivi zèmëjonů, onă gaåka izo kbawo pădåmë ijo då, sèwo onă chåxa sháma opùnå anő ŕokano ma tte xő zècè.	Their feet padded softly on the ground, and they crept quite close to him, twitching their noses, while the Rabbit stared hard to see which side the clockwork stuck out, for he knew that people who jump generally have something to wind them up.	terminal_aligned	sè [L] | gja [L] | aśa [H.L] | na [L] | cù [H] | pỏnă [H.H] | zèxaśù [L.H.L] | ŕa [L] | gja [L] | ni [L] | xő [L] | xăobi [H.L.H] | zèŋawa [L.H.L] | sè [L] | gja [L] | fùwa [H.H] | fŕefŕenů [H.L.L] | nivå [L.L] | pỏpỏ [H.L] | izovivi [L.L.H.L] | zèmëjonů [L.H.L.L] | onă [L.L] | gaåka [L.H.L] | izo [L.L] | kbawo [L.H] | pădåmë [L.H.L] | ijo [H.L] | då [L] | sèwo [L.L] | onă [L.L] | chåxa [H.L] | sháma [H.H] | opùnå [L.L.L] | anő [L.L] | ŕokano [H.L.L] | ma [H] | tte [L.L] | xő [L] | zècè [L.H]	sè [H] | gja [L] | aśa [H.L] | na [L] | cù [H] | pỏnă [H.H] | zèxaśù [L.H.L] | ŕa [L] | gja [L] | ni [L] | xő [L] | xăobi [H.L.H] | zèŋawa [L.H.L] | sè [L] | gja [L] | fùwa [H.H] | fŕefŕenů [H.L.L] | nivå [L.L] | pỏpỏ [H.L] | izovivi [L.L.H.L] | zèmëjonů [L.H.L.L] | onă [L.L] | gaåka [L.H.L] | izo [L.L] | kbawo [L.H] | pădåmë [L.H.L] | ijo [H.L] | då [L] | sèwo [L.L] | onă [L.L] | chåxa [H.L] | sháma [H.H] | opùnå [L.L.L] | anő [L.L] | ŕokano [H.L.L] | ma [H] | tte [L.L] | xő [L] | zècè [L.L]	sè [lexical] | gja [lexical] | aśa [aśo (root) + -a (plural)] | na [lexical] | cù [lexical] | pỏnă [pỏ (root) + -nă (warm adjective suffix)] | zèxaśù [zè- (prefix) + -x- (infix) + aśù (lexical unit)] | ŕa [lexical] | gja [lexical] | ni [lexical] | xő [lexical] | xăobi [xă- (prefix) + obi (root)] | zèŋawa [zè- (prefix) + ŋawa (root)] | sè [lexical] | gja [lexical] | fùwa [fù (root) + -wa (plural)] | fŕefŕenů [fŕefŕe (root) + -n- (infix) + -ů (verbalizer)] | nivå [lexical] | pỏpỏ [lexical] | izovivi [lexical] | zèmëjonů [zè- (prefix) + mëjo (root) + -n- (infix) + -ů (verbalizer)] | onă [lexical] | gaåka [ga- (compound prefix) + åka (root)] | izo [lexical] | kbawo [-k- (infix) + bawo (lexical unit)] | pădåmë [pă- (prefix) + dåmë (root)] | ijo [lexical] | då [lexical] | sèwo [lexical] | onă [lexical] | chåxa [lexical] | sháma [shá (root) + -ma (plural)] | opùnå [lexical] | anő [lexical] | ŕokano [ŕoka (lexical unit) + no (function morpheme)] | ma [lexical] | tte [lexical] | xő [lexical] | zècè [zè- (prefix) + cè (root)]	L%	none		no_reference	model_hypothesis
asx_nat_16aa054aa450_t01	asx_nat_16aa054aa450	1	C	natural_reader	dzè xő jo ijo ken.ná zèbů.	But he couldn't see it.	terminal_aligned	dzè [L] | xő [L] | jo [H] | ijo [H.L] | ken.ná [L.L] | zèbů [H.H]	dzè [H] | xő [L] | jo [H] | ijo [H.L] | ken.ná [L.L] | zèbů [H.H]	dzè [lexical] | xő [lexical] | jo [lexical] | ijo [lexical] | ken.ná [lexical] | zèbů [zè (root) + -b- (verbal bridge) + -ů (verbalizer)]	L%	none		no_reference	model_hypothesis
asx_nat_515e2a85e9af_t01	asx_nat_515e2a85e9af	1	C	natural_reader	gja săsă jënýj pỏpỏkxe zèxiŕa.	They were evidently a new kind of rabbit altogether.	terminal_aligned	gja [L] | săsă [L.L] | jënýj [H.H] | pỏpỏkxe [H.L.L] | zèxiŕa [L.H.H]	gja [H] | săsă [L.L] | jënýj [H.H] | pỏpỏkxe [H.L.L] | zèxiŕa [L.H.H]	gja [lexical] | săsă [lexical] | jënýj [jë (root) + -nýj (cold adjective suffix)] | pỏpỏkxe [pỏpỏ (compound modifier) + kxe (compound head)] | zèxiŕa [zè- (prefix) + xi (root) + -ŕa (validity suffix)]	L%	none		no_reference	model_hypothesis
asx_nat_e2bc73488e27_t01	asx_nat_e2bc73488e27	1	C	natural_reader	gja xő zèmëjonů, ŕa onă hjinýj pỏpỏ nagja zèmëjonů.	They stared at him, and the little Rabbit stared back.	terminal_aligned	gja [L] | xő [L] | zèmëjonů [L.H.L.L] | ŕa [L] | onă [L.L] | hjinýj [H.H] | pỏpỏ [H.L] | nagja [L.L] | zèmëjonů [L.H.L.L]	gja [H] | xő [L] | zèmëjonů [L.H.L.L] | ŕa [L] | onă [L.L] | hjinýj [H.H] | pỏpỏ [H.L] | nagja [L.L] | zèmëjonů [L.H.L.L]	gja [lexical] | xő [lexical] | zèmëjonů [zè- (prefix) + mëjo (root) + -n- (infix) + -ů (verbalizer)] | ŕa [lexical] | onă [lexical] | hjinýj [lexical] | pỏpỏ [lexical] | nagja [na- (prefix) + gja (function morpheme)] | zèmëjonů [zè- (prefix) + mëjo (root) + -n- (infix) + -ů (verbalizer)]	L%	none		no_reference	model_hypothesis
asx_nat_3c9549ba3b8a_t01	asx_nat_3c9549ba3b8a	1	C	natural_reader	ŕa onå sè gja fùwa zèfŕefŕenů.	And all the time their noses twitched.	terminal_aligned	ŕa [L] | onå [L.L] | sè [L] | gja [L] | fùwa [H.H] | zèfŕefŕenů [L.H.L.L]	ŕa [H] | onå [L.L] | sè [L] | gja [L] | fùwa [H.H] | zèfŕefŕenů [L.H.L.L]	ŕa [lexical] | onå [lexical] | sè [lexical] | gja [lexical] | fùwa [fù (root) + -wa (plural)] | zèfŕefŕenů [zè- (prefix) + fŕefŕe (root) + -n- (infix) + -ů (verbalizer)]	L%	none		no_reference	model_hypothesis
asx_nat_d5fa1846dbb9_t01	asx_nat_d5fa1846dbb9	1	C	natural_reader	„no ksè xonaná ŕa zá wa igùŕanůná?”	"Why don't you get up and play with us?"	terminal_aligned	no [L] | ksè [H] | xonaná [H.L.H] | ŕa [L] | zá [L] | wa [L] | igùŕanůná [H.L.L.L.H]	no [L] | ksè [H] | xonaná [L.L.L] | ŕa [L] | zá [L] | wa [L] | igùŕanůná [L.L.L.L.L]	no [lexical] | ksè [lexical] | xonaná [xona (root) + ná (dominant suffix)] | ŕa [lexical] | zá [lexical] | wa [lexical] | igùŕanůná [igùŕa (root) + -n- (infix) + -ů (verbalizer) + ná (dominant suffix)]	LH%	none		no_reference	model_hypothesis
asx_nat_54ee685a02db_t01	asx_nat_54ee685a02db	1	C	natural_reader	tte gőnă izo gja zèkëjù.	one of them asked.	terminal_aligned	tte [L.L] | gőnă [L.L] | izo [L.L] | gja [L] | zèkëjù [L.H.L]	tte [L.H] | gőnă [L.L] | izo [L.L] | gja [L] | zèkëjù [L.H.L]	tte [lexical] | gőnă [gő (function morpheme) + -nă (warm adjective suffix)] | izo [lexical] | gja [lexical] | zèkëjù [zè- (prefix) + këjù (root)]	L%	none		no_reference	model_hypothesis
asx_nat_b584e85bc69c_t01	asx_nat_b584e85bc69c	1	C	natural_reader	„ă wo jåná,” tte pỏpỏ zëjù, sèwo xő wo gaåka fůma cődao nỏwă zèbů.	"I don't feel like it," said the Rabbit, for he didn't want to explain that he had no clockwork.	exact	ă [H] | wo [L] | jåná [H.H] | tte [L.L] | pỏpỏ [H.L] | zëjù [H.L] | sèwo [L.L] | xő [L] | wo [L] | gaåka [L.H.L] | fůma [H.L] | cődao [H.L.L] | nỏwă [L.L] | zèbů [H.H]	ă [H] | wo [L] | jåná [H.H] | tte [L.L] | pỏpỏ [H.L] | zëjù [H.L] | sèwo [L.L] | xő [L] | wo [L] | gaåka [L.H.L] | fůma [H.L] | cődao [H.L.L] | nỏwă [L.L] | zèbů [H.H]	ă [lexical] | wo [lexical] | jåná [jå (root) + ná (dominant suffix)] | tte [lexical] | pỏpỏ [lexical] | zëjù [zè- (prefix) + ijù (lexical unit)] | sèwo [lexical] | xő [lexical] | wo [lexical] | gaåka [ga- (compound prefix) + åka (root)] | fůma [fů (compound modifier) + ma (compound head)] | cődao [lexical] | nỏwă [lexical] | zèbů [zè (root) + -b- (verbal bridge) + -ů (verbalizer)]	L%	none		no_reference	model_hypothesis
asx_nat_dd2406dfb937_t01	asx_nat_dd2406dfb937	1	C	natural_reader	„ho!”	"Ho!"	terminal_aligned	ho [H]	ho [H]	ho [lexical]	LH%	none		no_reference	model_hypothesis
asx_nat_f9eb179ab2d0_t01	asx_nat_f9eb179ab2d0	1	C	natural_reader	tte onă pỏna pỏpỏ zëjù.	said the furry rabbit.	terminal_aligned	tte [L.L] | onă [L.L] | pỏna [H.L] | pỏpỏ [H.L] | zëjù [H.L]	tte [L.H] | onă [L.L] | pỏna [H.L] | pỏpỏ [H.L] | zëjù [H.L]	tte [lexical] | onă [lexical] | pỏna [pỏ (lexical unit) + na (function morpheme)] | pỏpỏ [lexical] | zëjù [zè- (prefix) + ijù (lexical unit)]	L%	none		no_reference	model_hypothesis
asx_nat_78e420aee741_t01	asx_nat_78e420aee741	1	C	natural_reader	„jo xălănă xiŕa.”	"It's as easy as anything."	terminal_aligned	jo [H] | xălănă [H.L.L] | xiŕa [L.L]	jo [H] | xălănă [H.L.L] | xiŕa [L.L]	jo [lexical] | xălănă [xă- (prefix) + ală (lexical unit) + -nă (warm adjective suffix)] | xiŕa [lexical]	L%	none		no_reference	model_hypothesis
asx_nat_2503bcfc47ae_t01	asx_nat_2503bcfc47ae	1	C	natural_reader	ŕa xő ni bawo dănă pỏpù ŕa na sè xő hùwaśbiwa zèchěto'.	And he gave a big hop sideways and stood on his hind legs.	terminal_aligned	ŕa [L] | xő [L] | ni [L] | bawo [L.H] | dănă [H.L] | pỏpù [H.L] | ŕa [L] | na [L] | sè [L] | xő [L] | hùwaśbiwa [H.L.L.L] | zèchěto' [L.H.L]	ŕa [H] | xő [L] | ni [L] | bawo [L.H] | dănă [H.L] | pỏpù [H.L] | ŕa [L] | na [L] | sè [L] | xő [L] | hùwaśbiwa [H.L.L.L] | zèchěto' [L.H.L]	ŕa [lexical] | xő [lexical] | ni [lexical] | bawo [lexical] | dănă [lexical] | pỏpù [lexical] | ŕa [lexical] | na [lexical] | sè [lexical] | xő [lexical] | hùwaśbiwa [lexical] | zèchěto' [zè- (prefix) + chěto' (root)]	L%	none		no_reference	model_hypothesis
asx_nat_1baa47572644_t01	asx_nat_1baa47572644	1	C	natural_reader	„no ken tte wo cèvaná!”	"I don't believe you can!"	terminal_aligned	no [L] | ken [L] | tte [L.L] | wo [L] | cèvaná [H.L.H]	no [L] | ken [L] | tte [L.L] | wo [L] | cèvaná [H.L.H]	no [lexical] | ken [lexical] | tte [lexical] | wo [lexical] | cèvaná [cèva (root) + ná (dominant suffix)]	LH%	none		no_reference	model_hypothesis
asx_nat_a3342617752f_t01	asx_nat_a3342617752f	1	C	natural_reader	tte xő zëjù.	he said.	terminal_aligned	tte [L.L] | xő [L] | zëjù [H.L]	tte [L.H] | xő [L] | zëjù [H.L]	tte [lexical] | xő [lexical] | zëjù [zè- (prefix) + ijù (lexical unit)]	L%	none		no_reference	model_hypothesis
asx_nat_e4b0add43d43_t01	asx_nat_e4b0add43d43	1	C	natural_reader	„wo ken!”	"I can!"	terminal_aligned	wo [L] | ken [L]	wo [L] | ken [L]	wo [lexical] | ken [lexical]	LH%	none		no_reference	model_hypothesis
asx_nat_f3343f8c79d4_t01	asx_nat_f3343f8c79d4	1	C	natural_reader	tte onă hjinýj pỏpỏ zëjù.	said the little Rabbit.	terminal_aligned	tte [L.L] | onă [L.L] | hjinýj [H.H] | pỏpỏ [H.L] | zëjù [H.L]	tte [L.H] | onă [L.L] | hjinýj [H.H] | pỏpỏ [H.L] | zëjù [H.L]	tte [lexical] | onă [lexical] | hjinýj [lexical] | pỏpỏ [lexical] | zëjù [zè- (prefix) + ijù (lexical unit)]	L%	none		no_reference	model_hypothesis
asx_nat_41820f3de0e4_t01	asx_nat_41820f3de0e4	1	C	natural_reader	„nani wo izo nona săsă xa chåxa ken!”	"I can jump higher than anything!"	terminal_aligned	nani [L.L] | wo [L] | izo [L.L] | nona [H.L] | săsă [L.L] | xa [L] | chåxa [H.L] | ken [L]	nani [L.L] | wo [L] | izo [L.L] | nona [H.L] | săsă [L.L] | xa [L] | chåxa [H.L] | ken [L]	nani [lexical] | wo [lexical] | izo [lexical] | nona [nono (root) + -a (plural)] | săsă [lexical] | xa [lexical] | chåxa [lexical] | ken [lexical]	LH%	none		no_reference	model_hypothesis
asx_nat_9775ba4a7ee7_t01	asx_nat_9775ba4a7ee7	1	C	natural_reader	vå onă bỏhjá xő txo tte xő zèjåka, dzè xő no ijù nỏwă zèbů.	He meant when the Boy threw him, but of course he didn't want to say so.	terminal_aligned	vå [L] | onă [L.L] | bỏhjá [H.L] | xő [L] | txo [H] | tte [L.L] | xő [L] | zèjåka [L.H.L] | dzè [L] | xő [L] | no [L] | ijù [H.L] | nỏwă [L.L] | zèbů [H.H]	vå [H] | onă [L.L] | bỏhjá [H.L] | xő [L] | txo [H] | tte [L.L] | xő [L] | zèjåka [L.H.L] | dzè [L] | xő [L] | no [L] | ijù [H.L] | nỏwă [L.L] | zèbů [H.H]	vå [lexical] | onă [lexical] | bỏhjá [lexical] | xő [lexical] | txo [lexical] | tte [lexical] | xő [lexical] | zèjåka [zè- (prefix) + jåka (root)] | dzè [lexical] | xő [lexical] | no [lexical] | ijù [lexical] | nỏwă [lexical] | zèbů [zè (root) + -b- (verbal bridge) + -ů (verbalizer)]	L%	none		no_reference	model_hypothesis
asx_nat_df561ae8f9ef_t01	asx_nat_df561ae8f9ef	1	C	natural_reader	„na sè no hùwaśbiwa pỏpù ken kè?”	"Can you hop on your hind legs?"	terminal_aligned	na [L] | sè [L] | no [L] | hùwaśbiwa [H.L.L.L] | pỏpù [H.L] | ken [L] | kè [L]	na [L] | sè [L] | no [L] | hùwaśbiwa [H.L.L.L] | pỏpù [H.L] | ken [L] | kè [L]	na [lexical] | sè [lexical] | no [lexical] | hùwaśbiwa [lexical] | pỏpù [lexical] | ken [lexical] | kè [lexical]	LH%	none		no_reference	model_hypothesis
asx_nat_d790cc5e307b_t01	asx_nat_d790cc5e307b	1	C	natural_reader	tte onă pỏna pỏpỏ zèkëjù.	asked the furry rabbit.	terminal_aligned	tte [L.L] | onă [L.L] | pỏna [H.L] | pỏpỏ [H.L] | zèkëjù [L.H.L]	tte [L.H] | onă [L.L] | pỏna [H.L] | pỏpỏ [H.L] | zèkëjù [L.H.L]	tte [lexical] | onă [lexical] | pỏna [pỏ (lexical unit) + na (function morpheme)] | pỏpỏ [lexical] | zèkëjù [zè- (prefix) + këjù (root)]	L%	none		no_reference	model_hypothesis
asx_nat_ab7cae6c0566_t01	asx_nat_ab7cae6c0566	1	C	natural_reader	nonă pỏpỏ zhåxa kèno zèxiŕa, sèwo onă gaksamipỏpỏ hùwaśbiwa săsă fůma!	That was a dreadful question, for the Velveteen Rabbit had no hind legs at all!	terminal_aligned	nonă [L.L] | pỏpỏ [H.L] | zhåxa [H.L] | kèno [H.L] | zèxiŕa [L.H.H] | sèwo [L.L] | onă [L.L] | gaksamipỏpỏ [H.L.L.L.L] | hùwaśbiwa [H.L.L.L] | săsă [L.L] | fůma [H.L]	nonă [L.L] | pỏpỏ [H.L] | zhåxa [H.L] | kèno [H.L] | zèxiŕa [L.H.H] | sèwo [L.L] | onă [L.L] | gaksamipỏpỏ [H.L.L.L.L] | hùwaśbiwa [H.L.L.L] | săsă [L.L] | fůma [H.L]	nonă [no- (prefix) + onă (function morpheme)] | pỏpỏ [lexical] | zhåxa [lexical] | kèno [lexical] | zèxiŕa [zè- (prefix) + xi (root) + -ŕa (validity suffix)] | sèwo [lexical] | onă [lexical] | gaksamipỏpỏ [ga- (compound prefix) + aksami (compound modifier) + pỏpỏ (compound head)] | hùwaśbiwa [lexical] | săsă [lexical] | fůma [fů (compound modifier) + ma (compound head)]	LH%	none		no_reference	model_hypothesis
asx_nat_0445737d8b45_t01	asx_nat_0445737d8b45	1	C	natural_reader	sè xő hùwo izo să nono săsă kamŕů — ksá anő ihjáka-ỏbỏ.	The back of him was made all in one piece, like a pincushion.	terminal_aligned	sè [L] | xő [L] | hùwo [L.H] | izo [L.L] | să [H] | nono [H.L] | săsă [L.L] | kamŕů [H.L] | ksá [H] | anő [L.L] | ihjáka [H.L.L] | ỏbỏ [H.L]	sè [H] | xő [L] | hùwo [L.H] | izo [L.L] | să [H] | nono [H.L] | săsă [L.L] | kamŕů [H.L] | ksá [H] | anő [L.L] | ihjáka [H.L.L] | ỏbỏ [H.L]	sè [lexical] | xő [lexical] | hùwo [lexical] | izo [lexical] | să [lexical] | nono [lexical] | săsă [lexical] | kamŕů [lexical] | ksá [lexical] | anő [lexical] | ihjáka [lexical] | ỏbỏ [lexical]	L%	none		no_reference	model_hypothesis
asx_nat_c15e3af4e1dd_t01	asx_nat_c15e3af4e1dd	1	C	natural_reader	xő ỏ txepỏvă hjinýj zèbabů, ŕa pă pỏpa ijpùná zèhjonů dăxă.	He sat still in the bracken, and hoped that the other rabbits wouldn't notice.	terminal_aligned	xő [L] | ỏ [L] | txepỏvă [H.L.L] | hjinýj [H.H] | zèbabů [L.L.L] | ŕa [L] | pă [L] | pỏpa [H.L] | ijpùná [H.L.H] | zèhjonů [L.H.H] | dăxă [L.L]	xő [H] | ỏ [L] | txepỏvă [H.L.L] | hjinýj [H.H] | zèbabů [L.L.L] | ŕa [L] | pă [L] | pỏpa [H.L] | ijpùná [H.L.H] | zèhjonů [L.H.H] | dăxă [L.L]	xő [lexical] | ỏ [ỏ- (prefix)] | txepỏvă [lexical] | hjinýj [lexical] | zèbabů [zè- (prefix) + ba- (prefix) + -b- (verbal bridge) + -ů (verbalizer)] | ŕa [lexical] | pă [pă- (prefix)] | pỏpa [pỏpỏ (root) + -a (plural)] | ijpùná [ijpù (root) + ná (dominant suffix)] | zèhjonů [zè- (prefix) + hjo (root) + -n- (infix) + -ů (verbalizer)] | dăxă [lexical]	L%	none		no_reference	model_hypothesis
asx_nat_e571922213af_t01	asx_nat_e571922213af	1	C	natural_reader	„wo nỏwă!”	But the wild rabbits have very sharp eyes. And this one stretched out his neck and looked.	source_context	wo [L] | nỏwă [L.L]	wo [L] | nỏwă [L.L]	wo [lexical] | nỏwă [lexical]	LH%	none		no_reference	model_hypothesis
asx_nat_3c8070022723_t01	asx_nat_3c8070022723	1	C	natural_reader	tte xő nazëjù.	But the wild rabbits have very sharp eyes. And this one stretched out his neck and looked.	source_context	tte [L.L] | xő [L] | nazëjù [L.H.L]	tte [L.H] | xő [L] | nazëjù [L.H.L]	tte [lexical] | xő [lexical] | nazëjù [na- (prefix) + zè- (prefix) + ijù (lexical unit)]	L%	none		no_reference	model_hypothesis
asx_nat_1bd52ecd7bac_t01	asx_nat_1bd52ecd7bac	1	C	natural_reader	dzè ispăný pỏpa xăsxëbony mëja ma.	But the wild rabbits have very sharp eyes. And this one stretched out his neck and looked.	source_context	dzè [L] | ispăný [H.L.L] | pỏpa [H.L] | xăsxëbony [H.H.L] | mëja [H.L] | ma [H]	dzè [H] | ispăný [L.L.L] | pỏpa [H.L] | xăsxëbony [H.H.L] | mëja [H.L] | ma [L]	dzè [lexical] | ispăný [ispă (root) + -ný (reduced cold adjective suffix)] | pỏpa [pỏpỏ (root) + -a (plural)] | xăsxëbony [xă- (prefix) + sxëbo (lexical unit) + -ný (reduced cold adjective suffix)] | mëja [mëjo (root) + -a (plural)] | ma [lexical]	L%	none		no_reference	model_hypothesis
asx_nat_1f2026a6734a_t01	asx_nat_1f2026a6734a	1	C	natural_reader	ŕa onă o-pỏpỏ sè xő nodo zèpăxè ŕa zèmëjonů.	But the wild rabbits have very sharp eyes. And this one stretched out his neck and looked.	source_context	ŕa [L] | onă [L.L] | o [H] | pỏpỏ [H.L] | sè [L] | xő [L] | nodo [H.L] | zèpăxè [L.L.H] | ŕa [L] | zèmëjonů [L.H.L.L]	ŕa [H] | onă [L.L] | o [H] | pỏpỏ [H.L] | sè [L] | xő [L] | nodo [H.L] | zèpăxè [L.L.H] | ŕa [L] | zèmëjonů [L.H.L.L]	ŕa [lexical] | onă [lexical] | o [lexical] | pỏpỏ [lexical] | sè [lexical] | xő [lexical] | nodo [lexical] | zèpăxè [zè- (prefix) + păxè (root)] | ŕa [lexical] | zèmëjonů [zè- (prefix) + mëjo (root) + -n- (infix) + -ů (verbalizer)]	L%	none		no_reference	model_hypothesis
asx_nat_6a2d96a4c2e4_t01	asx_nat_6a2d96a4c2e4	1	C	natural_reader	„xő hùwaśbiwa săsă fůma!”	"He hasn't got any hind legs!"	terminal_aligned	xő [L] | hùwaśbiwa [H.L.L.L] | săsă [L.L] | fůma [H.L]	xő [L] | hùwaśbiwa [H.L.L.L] | săsă [L.L] | fůma [H.L]	xő [lexical] | hùwaśbiwa [lexical] | săsă [lexical] | fůma [fů (compound modifier) + ma (compound head)]	LH%	none		no_reference	model_hypothesis
asx_nat_84f7a7be46d9_t01	asx_nat_84f7a7be46d9	1	C	natural_reader	tte xő zèxăja.	he called out.	terminal_aligned	tte [L.L] | xő [L] | zèxăja [L.H.L]	tte [L.H] | xő [L] | zèxăja [L.H.L]	tte [lexical] | xő [lexical] | zèxăja [zè- (prefix) + -x- (infix) + ăja (lexical unit)]	L%	none		no_reference	model_hypothesis
asx_nat_41a4be369303_t01	asx_nat_41a4be369303	1	C	natural_reader	„gafůhùwaśbi pỏpỏ — iŕè!”	"Fancy a rabbit without any hind legs!"	terminal_aligned	gafůhùwaśbi [H.L.L.L.L] | pỏpỏ [H.L] | iŕè [L.L]	gafůhùwaśbi [H.L.L.L.L] | pỏpỏ [H.L] | iŕè [L.L]	gafůhùwaśbi [lexical] | pỏpỏ [lexical] | iŕè [lexical]	LH%	none		no_reference	model_hypothesis
asx_nat_ff4fdc86787d_t01	asx_nat_ff4fdc86787d	1	C	natural_reader	ŕa xő zènixaxanů.	And he began to laugh.	terminal_aligned	ŕa [L] | xő [L] | zènixaxanů [L.H.L.L.L]	ŕa [H] | xő [L] | zènixaxanů [L.H.L.L.L]	ŕa [lexical] | xő [lexical] | zènixaxanů [zè- (prefix) + ni- (prefix) + axa (lexical unit) + -n- (infix) + -ů (verbalizer)]	L%	none		no_reference	model_hypothesis
asx_nat_fb8047e9db05_t01	asx_nat_fb8047e9db05	1	C	natural_reader	„wo ma!”	"I have!"	terminal_aligned	wo [L] | ma [H]	wo [L] | ma [H]	wo [lexical] | ma [lexical]	LH%	none		no_reference	model_hypothesis
asx_nat_7f37cc0fb0f0_t01	asx_nat_7f37cc0fb0f0	1	C	natural_reader	tte onă hjinýj pỏpỏ zèxăja.	cried the little Rabbit.	terminal_aligned	tte [L.L] | onă [L.L] | hjinýj [H.H] | pỏpỏ [H.L] | zèxăja [L.H.L]	tte [L.H] | onă [L.L] | hjinýj [H.H] | pỏpỏ [H.L] | zèxăja [L.H.L]	tte [lexical] | onă [lexical] | hjinýj [lexical] | pỏpỏ [lexical] | zèxăja [zè- (prefix) + -x- (infix) + ăja (lexical unit)]	L%	none		no_reference	model_hypothesis
asx_nat_b5720ad64026_t01	asx_nat_b5720ad64026	1	C	natural_reader	„wo hùwaśbiwa ma!”	"I have got hind legs!"	terminal_aligned	wo [L] | hùwaśbiwa [H.L.L.L] | ma [H]	wo [L] | hùwaśbiwa [H.L.L.L] | ma [H]	wo [lexical] | hùwaśbiwa [lexical] | ma [lexical]	LH%	none		no_reference	model_hypothesis
asx_nat_8ba462941793_t01	asx_nat_8ba462941793	1	C	natural_reader	„wo na hja babů!”	"I am sitting on them!"	terminal_aligned	wo [L] | na [L] | hja [L] | babů [L.L]	wo [L] | na [L] | hja [L] | babů [L.L]	wo [lexical] | na [lexical] | hja [lexical] | babů [ba- (prefix) + -b- (verbal bridge) + -ů (verbalizer)]	LH%	none		no_reference	model_hypothesis
asx_nat_4c09fc595a1b_t01	asx_nat_4c09fc595a1b	1	C	natural_reader	„zå hja păxèhè ŕa dåni wo dåmëhè — ksá o!”	"Then stretch them out and show me, like this!"	terminal_aligned	zå [L] | hja [L] | păxèhè [L.H.L] | ŕa [L] | dåni [L.L] | wo [L] | dåmëhè [H.L.L] | ksá [H] | o [H]	zå [L] | hja [L] | păxèhè [L.H.L] | ŕa [L] | dåni [L.L] | wo [L] | dåmëhè [H.L.L] | ksá [H] | o [H]	zå [lexical] | hja [lexical] | păxèhè [păxè (root) + -hè (suffix)] | ŕa [lexical] | dåni [lexical] | wo [lexical] | dåmëhè [dåmë (root) + -hè (suffix)] | ksá [lexical] | o [lexical]	LH%	none		no_reference	model_hypothesis
asx_nat_cff6e7cd1b8e_t01	asx_nat_cff6e7cd1b8e	1	C	natural_reader	tte onă ispăný pỏpỏ zëjù.	said the wild rabbit.	terminal_aligned	tte [L.L] | onă [L.L] | ispăný [H.L.L] | pỏpỏ [H.L] | zëjù [H.L]	tte [L.H] | onă [L.L] | ispăný [H.L.L] | pỏpỏ [H.L] | zëjù [H.L]	tte [lexical] | onă [lexical] | ispăný [ispă (root) + -ný (reduced cold adjective suffix)] | pỏpỏ [lexical] | zëjù [zè- (prefix) + ijù (lexical unit)]	L%	none		no_reference	model_hypothesis
asx_nat_9ba8377b9b4a_t01	asx_nat_9ba8377b9b4a	1	C	natural_reader	ŕa xő zènifŕăfŕă ŕa zèniŕăaxaśù, måmå ă onă hjinýj pỏpỏ xăfŕăchů.	And he began to whirl round and dance, till the little Rabbit got quite dizzy.	terminal_aligned	ŕa [L] | xő [L] | zènifŕăfŕă [L.L.H.L] | ŕa [L] | zèniŕăaxaśù [L.L.H.L.L.L] | måmå [H.L] | ă [H] | onă [L.L] | hjinýj [H.H] | pỏpỏ [H.L] | xăfŕăchů [H.L.L]	ŕa [H] | xő [L] | zènifŕăfŕă [L.L.H.L] | ŕa [L] | zèniŕăaxaśù [L.L.H.L.L.L] | måmå [H.L] | ă [H] | onă [L.L] | hjinýj [H.H] | pỏpỏ [H.L] | xăfŕăchů [H.L.L]	ŕa [lexical] | xő [lexical] | zènifŕăfŕă [zè- (prefix) + ni- (prefix) + fŕăfŕă (root)] | ŕa [lexical] | zèniŕăaxaśù [zè- (prefix) + ni- (prefix) + ŕăaxaśù (root)] | måmå [lexical] | ă [lexical] | onă [lexical] | hjinýj [lexical] | pỏpỏ [lexical] | xăfŕăchů [lexical]	L%	none		no_reference	model_hypothesis
asx_nat_ae36a761b1da_t01	asx_nat_ae36a761b1da	1	C	natural_reader	„ni anő ŕăaxaśù wo sùkaná,” tte xő zëjù.	"I don't like dancing," he said.	terminal_aligned	ni [L] | anő [L.L] | ŕăaxaśù [H.L.L.L] | wo [L] | sùkaná [H.L.H] | tte [L.L] | xő [L] | zëjù [H.L]	ni [H] | anő [L.L] | ŕăaxaśù [H.L.L.L] | wo [L] | sùkaná [H.L.H] | tte [L.L] | xő [L] | zëjù [H.L]	ni [lexical] | anő [lexical] | ŕăaxaśù [lexical] | wo [lexical] | sùkaná [sùka (root) + ná (dominant suffix)] | tte [lexical] | xő [lexical] | zëjù [zè- (prefix) + ijù (lexical unit)]	L%	none		no_reference	model_hypothesis
asx_nat_1c9e1de3d6b5_t01	asx_nat_1c9e1de3d6b5	1	C	natural_reader	„hjinýj babů nawă!”	"I'd rather sit still!"	terminal_aligned	hjinýj [H.H] | babů [L.L] | nawă [L.H]	hjinýj [H.H] | babů [L.L] | nawă [L.H]	hjinýj [lexical] | babů [ba- (prefix) + -b- (verbal bridge) + -ů (verbalizer)] | nawă [na- (prefix) + wă (root)]	LH%	none		no_reference	model_hypothesis
asx_nat_044efe25dceb_t01	asx_nat_044efe25dceb	1	C	natural_reader	dzè onå ă xő ŕăaxaśù izovivi mijå, sèwo siŕoný jëný pỏpůcho va xő zèhaśù, ŕa ă xő ksá o-pỏpa chåxa ken då, izo wao nono săsă dao xăxă mijůchů.	But all the while he was longing to dance, for a funny new tickly feeling ran through him, and he felt he would give anything in the world to be able to jump about like these rabbits did.	exact	dzè [L] | onå [L.L] | ă [H] | xő [L] | ŕăaxaśù [H.L.L.L] | izovivi [L.L.H.L] | mijå [L.H] | sèwo [L.L] | siŕoný [H.H.L] | jëný [H.H] | pỏpůcho [H.L.L] | va [L] | xő [L] | zèhaśù [L.L.H] | ŕa [L] | ă [H] | xő [L] | ksá [H] | o [H] | pỏpa [H.L] | chåxa [H.L] | ken [L] | då [L] | izo [L.L] | wao [L.H] | nono [H.L] | săsă [L.L] | dao [H.L] | xăxă [H.L] | mijůchů [L.L.L]	dzè [H] | onå [L.L] | ă [H] | xő [L] | ŕăaxaśù [H.L.L.L] | izovivi [L.L.H.L] | mijå [L.H] | sèwo [L.L] | siŕoný [H.H.L] | jëný [H.H] | pỏpůcho [H.L.L] | va [L] | xő [L] | zèhaśù [L.L.H] | ŕa [L] | ă [H] | xő [L] | ksá [H] | o [H] | pỏpa [H.L] | chåxa [H.L] | ken [L] | då [L] | izo [L.L] | wao [L.H] | nono [H.L] | săsă [L.L] | dao [H.L] | xăxă [H.L] | mijůchů [L.L.L]	dzè [lexical] | onå [lexical] | ă [lexical] | xő [lexical] | ŕăaxaśù [lexical] | izovivi [lexical] | mijå [mi- (prefix) + jå (root)] | sèwo [lexical] | siŕoný [siŕo (root) + -ný (reduced cold adjective suffix)] | jëný [jë (root) + -ný (reduced cold adjective suffix)] | pỏpůcho [lexical] | va [va- (prefix)] | xő [lexical] | zèhaśù [zè- (prefix) + haśù (root)] | ŕa [lexical] | ă [lexical] | xő [lexical] | ksá [lexical] | o [lexical] | pỏpa [pỏpỏ (root) + -a (plural)] | chåxa [lexical] | ken [lexical] | då [lexical] | izo [lexical] | wao [lexical] | nono [lexical] | săsă [lexical] | dao [lexical] | xăxă [lexical] | mijůchů [mi- (prefix) + -j- (infix) + -ů (verbalizer) + -ch- (infix) + -ů (verbalizer)]	L%	none		no_reference	model_hypothesis
asx_nat_40fbb33e55a6_t01	asx_nat_40fbb33e55a6	1	C	natural_reader	onă siŕonýj pỏpỏ ŕăaxaśù tomo, ŕa xăobi zèxogă.	The strange rabbit stopped dancing, and came quite close.	terminal_aligned	onă [L.L] | siŕonýj [H.H.L] | pỏpỏ [H.L] | ŕăaxaśù [H.L.L.L] | tomo [H.L] | ŕa [L] | xăobi [H.L.H] | zèxogă [L.L.H]	onă [H.L] | siŕonýj [H.H.L] | pỏpỏ [H.L] | ŕăaxaśù [H.L.L.L] | tomo [H.L] | ŕa [L] | xăobi [H.L.H] | zèxogă [L.L.L]	onă [lexical] | siŕonýj [siŕo (root) + -nýj (cold adjective suffix)] | pỏpỏ [lexical] | ŕăaxaśù [lexical] | tomo [tomo' (cessative glottal elision)] | ŕa [lexical] | xăobi [xă- (prefix) + obi (root)] | zèxogă [zè- (prefix) + xogă (root)]	L%	none		no_reference	model_hypothesis
asx_nat_780654a0ba16_t01	asx_nat_780654a0ba16	1	C	natural_reader	xő nobam xăobi zèxogă sèni, sè xő dăna fùbiwa sè onă gaksamipỏpỏ mimi zèfùsa, zå xő sè xő fù săbam zèŕoka, sè xő mimiwa zèpexa, ŕa nihù zèchåxa.	He came so close this time that his long whiskers brushed the Velveteen Rabbit's ear, and then he wrinkled his nose suddenly and flattened his ears and jumped backwards.	terminal_aligned	xő [L] | nobam [L.H] | xăobi [H.L.H] | zèxogă [L.L.H] | sèni [L.L] | sè [L] | xő [L] | dăna [H.L] | fùbiwa [H.L.L] | sè [L] | onă [L.L] | gaksamipỏpỏ [H.L.L.L.L] | mimi [H.L] | zèfùsa [L.H.L] | zå [L] | xő [L] | sè [L] | xő [L] | fù [H] | săbam [H.H] | zèŕoka [L.H.L] | sè [L] | xő [L] | mimiwa [H.L.L] | zèpexa [L.H.L] | ŕa [L] | nihù [L.L] | zèchåxa [L.H.L]	xő [H] | nobam [L.H] | xăobi [H.L.H] | zèxogă [L.L.H] | sèni [L.L] | sè [L] | xő [L] | dăna [H.L] | fùbiwa [H.L.L] | sè [L] | onă [L.L] | gaksamipỏpỏ [H.L.L.L.L] | mimi [H.L] | zèfùsa [L.H.L] | zå [L] | xő [L] | sè [L] | xő [L] | fù [H] | săbam [H.H] | zèŕoka [L.H.L] | sè [L] | xő [L] | mimiwa [H.L.L] | zèpexa [L.H.L] | ŕa [L] | nihù [L.L] | zèchåxa [L.H.L]	xő [lexical] | nobam [no- (prefix) + bam (root)] | xăobi [xă- (prefix) + obi (root)] | zèxogă [zè- (prefix) + xogă (root)] | sèni [lexical] | sè [lexical] | xő [lexical] | dăna [dă (lexical unit) + na (function morpheme)] | fùbiwa [fùbi (root) + -wa (plural)] | sè [lexical] | onă [lexical] | gaksamipỏpỏ [ga- (compound prefix) + aksami (compound modifier) + pỏpỏ (compound head)] | mimi [lexical] | zèfùsa [zè- (prefix) + fùsa (root)] | zå [lexical] | xő [lexical] | sè [lexical] | xő [lexical] | fù [lexical] | săbam [să (root) + -bam (suffix)] | zèŕoka [zè- (prefix) + ŕoka (root)] | sè [lexical] | xő [lexical] | mimiwa [mimi (root) + -wa (plural)] | zèpexa [zè- (prefix) + pexa (root)] | ŕa [lexical] | nihù [ni- (prefix) + hù (function morpheme)] | zèchåxa [zè- (prefix) + chåxa (root)]	L%	none		no_reference	model_hypothesis
asx_nat_94cfd6ae271c_t01	asx_nat_94cfd6ae271c	1	C	natural_reader	„xő ăviŋůná!”	"He doesn't smell right!"	terminal_aligned	xő [L] | ăviŋůná [H.L.L.H]	xő [L] | ăviŋůná [H.L.L.H]	xő [lexical] | ăviŋůná [ăvi (root) + -ŋ- (infix) + -ů (verbalizer) + ná (dominant suffix)]	LH%	none		no_reference	model_hypothesis
asx_nat_aade39c70033_t01	asx_nat_aade39c70033	1	C	natural_reader	„xő pỏpỏ săsă nèŕa!”	"He isn't a rabbit at all!"	terminal_aligned	xő [L] | pỏpỏ [H.L] | săsă [L.L] | nèŕa [L.L]	xő [L] | pỏpỏ [H.L] | săsă [L.L] | nèŕa [L.L]	xő [lexical] | pỏpỏ [lexical] | săsă [lexical] | nèŕa [lexical]	LH%	none		no_reference	model_hypothesis
asx_nat_0ce505d0ac34_t01	asx_nat_0ce505d0ac34	1	C	natural_reader	„xő xăcènă nèŕa!”	"He isn't real!"	terminal_aligned	xő [L] | xăcènă [H.L.L] | nèŕa [L.L]	xő [L] | xăcènă [H.L.L] | nèŕa [L.L]	xő [lexical] | xăcènă [lexical] | nèŕa [lexical]	LH%	none		no_reference	model_hypothesis
asx_nat_fb1aae43ca62_t01	asx_nat_fb1aae43ca62	1	C	natural_reader	„wo xăcèshá xiŕa!”	"I am Real!"	terminal_aligned	wo [L] | xăcèshá [H.L.L] | xiŕa [L.L]	wo [L] | xăcèshá [H.L.L] | xiŕa [L.L]	wo [lexical] | xăcèshá [lexical] | xiŕa [lexical]	LH%	none		no_reference	model_hypothesis
asx_nat_87bffdabaf10_t01	asx_nat_87bffdabaf10	1	C	natural_reader	tte onă hjinýj pỏpỏ zëjù, „wo xăcèshá xiŕa!”	said the little Rabbit, "I am Real!"	terminal_aligned	tte [L.L] | onă [L.L] | hjinýj [H.H] | pỏpỏ [H.L] | zëjù [H.L] | wo [L] | xăcèshá [H.L.L] | xiŕa [L.L]	tte [L.L] | onă [L.L] | hjinýj [H.H] | pỏpỏ [H.L] | zëjù [H.L] | wo [L] | xăcèshá [H.L.L] | xiŕa [L.L]	tte [lexical] | onă [lexical] | hjinýj [lexical] | pỏpỏ [lexical] | zëjù [zè- (prefix) + ijù (lexical unit)] | wo [lexical] | xăcèshá [lexical] | xiŕa [lexical]	LH%	none		no_reference	model_hypothesis
asx_nat_319bf192afcc_t01	asx_nat_319bf192afcc	1	C	natural_reader	„onă bỏhjá no zëjù!”	"The Boy said so!"	terminal_aligned	onă [L.L] | bỏhjá [H.L] | no [L] | zëjù [H.L]	onă [L.L] | bỏhjá [H.L] | no [L] | zëjù [H.L]	onă [lexical] | bỏhjá [lexical] | no [lexical] | zëjù [zè- (prefix) + ijù (lexical unit)]	LH%	none		no_reference	model_hypothesis
asx_nat_b905921caf26_t01	asx_nat_b905921caf26	1	C	natural_reader	ŕa xő niexù mebů.	And he nearly began to cry.	terminal_aligned	ŕa [L] | xő [L] | niexù [L.H.L] | mebů [L.L]	ŕa [H] | xő [L] | niexù [L.H.L] | mebů [L.L]	ŕa [lexical] | xő [lexical] | niexù [ni- (prefix) + exù (root)] | mebů [me- (prefix) + -b- (verbal bridge) + -ů (verbalizer)]	L%	none		no_reference	model_hypothesis
asx_nat_eccccff73289_t01	asx_nat_eccccff73289	1	C	natural_reader	ămă aśojýno zèxiŕa, ŕa onă bỏhjá obi zèhaśù, ŕa zá aśopaka ja gasi dëŕăa pjova, onă tam siŕony pỏpa zèchåxoxo.	Just then there was a sound of footsteps, and the Boy ran past near them, and with a stamp of feet and a flash of white tails the two strange rabbits disappeared.	exact	ămă [H.L] | aśojýno [H.L.L.L] | zèxiŕa [L.H.H] | ŕa [L] | onă [L.L] | bỏhjá [H.L] | obi [L.H] | zèhaśù [L.L.H] | ŕa [L] | zá [L] | aśopaka [H.L.L.L] | ja [L] | gasi [H.H] | dëŕăa [H.L.L] | pjova [H.L] | onă [L.L] | tam [H] | siŕony [H.H] | pỏpa [H.L] | zèchåxoxo [L.L.H.L]	ămă [H.L] | aśojýno [H.L.L.L] | zèxiŕa [L.H.H] | ŕa [L] | onă [L.L] | bỏhjá [H.L] | obi [L.H] | zèhaśù [L.L.H] | ŕa [L] | zá [L] | aśopaka [H.L.L.L] | ja [L] | gasi [H.H] | dëŕăa [H.L.L] | pjova [H.L] | onă [L.L] | tam [H] | siŕony [H.H] | pỏpa [H.L] | zèchåxoxo [L.L.H.L]	ămă [lexical] | aśojýno [lexical] | zèxiŕa [zè- (prefix) + xi (root) + -ŕa (validity suffix)] | ŕa [lexical] | onă [lexical] | bỏhjá [lexical] | obi [lexical] | zèhaśù [zè- (prefix) + haśù (root)] | ŕa [lexical] | zá [lexical] | aśopaka [aśo (compound modifier) + paka (compound head)] | ja [lexical] | gasi [lexical] | dëŕăa [dëŕă (root) + -a (plural)] | pjova [lexical] | onă [lexical] | tam [lexical] | siŕony [siŕo (lexical unit) + -ný (reduced cold adjective suffix)] | pỏpa [pỏpỏ (root) + -a (plural)] | zèchåxoxo [zè- (prefix) + chå (function morpheme) + xoxo (lexical unit)]	L%	none		no_reference	model_hypothesis
asx_nat_d74580f85d62_t01	asx_nat_d74580f85d62	1	C	natural_reader	„naxogăhè ŕa zá wo igùŕanůè!”	"Come back and play with me!"	terminal_aligned	naxogăhè [L.L.H.L] | ŕa [L] | zá [L] | wo [L] | igùŕanůè [H.L.L.L.L]	naxogăhè [L.L.H.L] | ŕa [L] | zá [L] | wo [L] | igùŕanůè [H.L.L.L.L]	naxogăhè [na- (prefix) + xogă (root) + -hè (suffix)] | ŕa [lexical] | zá [lexical] | wo [lexical] | igùŕanůè [igùŕa (root) + -n- (infix) + -ů (verbalizer) + -è (imperative suffix)]	LH%	none		no_reference	model_hypothesis
asx_nat_6cde8eef6b3f_t01	asx_nat_6cde8eef6b3f	1	C	natural_reader	„ox, naxogăhè!”	"Oh, do come back!"	terminal_aligned	ox [L] | naxogăhè [L.L.H.L]	ox [L] | naxogăhè [L.L.H.L]	ox [lexical] | naxogăhè [na- (prefix) + xogă (root) + -hè (suffix)]	LH%	none		no_reference	model_hypothesis
asx_nat_a06c7c522325_t01	asx_nat_a06c7c522325	1	C	natural_reader	„wo xăcèshá xiŕa tte wo xăcè!”	"I know I am Real!"	terminal_aligned	wo [L] | xăcèshá [H.L.L] | xiŕa [L.L] | tte [L.L] | wo [L] | xăcè [H.H]	wo [L] | xăcèshá [H.L.L] | xiŕa [L.L] | tte [L.L] | wo [L] | xăcè [H.H]	wo [lexical] | xăcèshá [lexical] | xiŕa [lexical] | tte [lexical] | wo [lexical] | xăcè [lexical]	LH%	none		no_reference	model_hypothesis
asx_nat_20fc74647324_t01	asx_nat_20fc74647324	1	C	natural_reader	dzè năjù nèŕa; hjiny kùgùwa să ni-izo zèhaśù, ŕa txepỏvă — ksi onă tam siŕosháma hùzèxopa — ỏbỏnýj zèwaxa.	But there was no answer, only the little ants ran to and fro, and the bracken swayed gently where the two strangers had passed.	terminal_aligned	dzè [L] | năjù [H.L] | nèŕa [L.L] | hjiny [H] | kùgùwa [H.L.L] | să [H] | ni [L] | izo [L.L] | zèhaśù [L.L.H] | ŕa [L] | txepỏvă [H.L.L] | ksi [L] | onă [L.L] | tam [H] | siŕosháma [H.H.L.L] | hùzèxopa [L.L.H.L] | ỏbỏnýj [H.L.L] | zèwaxa [L.H.L]	dzè [H] | năjù [L.L] | nèŕa [L.L] | hjiny [H] | kùgùwa [H.L.L] | să [H] | ni [L] | izo [L.L] | zèhaśù [L.L.H] | ŕa [L] | txepỏvă [H.L.L] | ksi [L] | onă [L.L] | tam [H] | siŕosháma [H.H.L.L] | hùzèxopa [L.L.H.L] | ỏbỏnýj [H.L.L] | zèwaxa [L.H.L]	dzè [lexical] | năjù [lexical] | nèŕa [lexical] | hjiny [hji (lexical unit) + -ný (reduced cold adjective suffix)] | kùgùwa [kùgù (root) + -wa (plural)] | să [lexical] | ni [lexical] | izo [lexical] | zèhaśù [zè- (prefix) + haśù (root)] | ŕa [lexical] | txepỏvă [lexical] | ksi [lexical] | onă [lexical] | tam [lexical] | siŕosháma [siŕo (compound modifier) + sháma (compound head: shá (root) + -ma (plural))] | hùzèxopa [hù- (prefix) + zè- (prefix) + xopa (root)] | ỏbỏnýj [ỏbỏ (root) + -nýj (cold adjective suffix)] | zèwaxa [zè- (prefix) + waxa (root)]	L%	none		no_reference	model_hypothesis
asx_nat_7a76722e4b0f_t01	asx_nat_7a76722e4b0f	1	C	natural_reader	onă gaksamipỏpỏ săsă shásnýj zèbů.	The Velveteen Rabbit was all alone.	terminal_aligned	onă [L.L] | gaksamipỏpỏ [H.L.L.L.L] | săsă [L.L] | shásnýj [H.L] | zèbů [H.H]	onă [H.L] | gaksamipỏpỏ [H.L.L.L.L] | săsă [L.L] | shásnýj [H.L] | zèbů [H.H]	onă [lexical] | gaksamipỏpỏ [ga- (compound prefix) + aksami (compound modifier) + pỏpỏ (compound head)] | săsă [lexical] | shásnýj [lexical] | zèbů [zè (root) + -b- (verbal bridge) + -ů (verbalizer)]	L%	none		no_reference	model_hypothesis
asx_nat_faecfb2d4ba3_t01	asx_nat_faecfb2d4ba3	1	C	natural_reader	„ox, aŕa!”	"Oh, dear!"	terminal_aligned	ox [L] | aŕa [L.L]	ox [L] | aŕa [L.L]	ox [lexical] | aŕa [lexical]	LH%	none		no_reference	model_hypothesis
asx_nat_be0fe113d0db_t01	asx_nat_be0fe113d0db	1	C	natural_reader	tte xő zèŕima.	he thought.	terminal_aligned	tte [L.L] | xő [L] | zèŕima [L.H.L]	tte [L.H] | xő [L] | zèŕima [L.H.L]	tte [lexical] | xő [lexical] | zèŕima [zè- (prefix) + ŕima (root)]	L%	none		no_reference	model_hypothesis
asx_nat_6b85515f655b_t01	asx_nat_6b85515f655b	1	C	natural_reader	„gja ksè no zèchåhaśù?”	"Why did they run away like that?"	terminal_aligned	gja [L] | ksè [H] | no [L] | zèchåhaśù [L.L.L.H]	gja [L] | ksè [H] | no [L] | zèchåhaśù [L.L.L.L]	gja [lexical] | ksè [lexical] | no [lexical] | zèchåhaśù [zè- (prefix) + chå (function morpheme) + haśù (lexical unit)]	LH%	none		no_reference	model_hypothesis
asx_nat_b2c6b7afd84a_t01	asx_nat_b2c6b7afd84a	1	C	natural_reader	„gja ksè chěto' ŕa zá wo jýnů ken.ná zèbů?”	"Why couldn't they stop and talk to me?"	terminal_aligned	gja [L] | ksè [H] | chěto' [H.L] | ŕa [L] | zá [L] | wo [L] | jýnů [H.H] | ken.ná [L.L] | zèbů [H.H]	gja [L] | ksè [H] | chěto' [L.L] | ŕa [L] | zá [L] | wo [L] | jýnů [L.L] | ken.ná [L.L] | zèbů [L.L]	gja [lexical] | ksè [lexical] | chěto' [lexical] | ŕa [lexical] | zá [lexical] | wo [lexical] | jýnů [lexical] | ken.ná [lexical] | zèbů [zè (root) + -b- (verbal bridge) + -ů (verbalizer)]	LH%	none		no_reference	model_hypothesis
asx_nat_1ceb25d3dd7e_t01	asx_nat_1ceb25d3dd7e	1	C	natural_reader	nixå dănă å xő xăhjinýj zèbabů, txepỏvă ijonů nivå, ŕa gja naxogă hjonů nivå.	For a long time he lay very still, watching the bracken, and hoping that they would come back.	terminal_aligned	nixå [L.L] | dănă [H.L] | å [H] | xő [L] | xăhjinýj [H.H.H] | zèbabů [L.L.L] | txepỏvă [H.L.L] | ijonů [H.L.L] | nivå [L.L] | ŕa [L] | gja [L] | naxogă [L.L.H] | hjonů [H.H] | nivå [L.L]	nixå [H.L] | dănă [H.L] | å [H] | xő [L] | xăhjinýj [H.H.H] | zèbabů [L.L.L] | txepỏvă [H.L.L] | ijonů [H.L.L] | nivå [L.L] | ŕa [L] | gja [L] | naxogă [L.L.H] | hjonů [H.H] | nivå [L.L]	nixå [lexical] | dănă [lexical] | å [lexical] | xő [lexical] | xăhjinýj [xă- (prefix) + hji (root) + -nýj (cold adjective suffix)] | zèbabů [zè- (prefix) + ba- (prefix) + -b- (verbal bridge) + -ů (verbalizer)] | txepỏvă [lexical] | ijonů [ijo (root) + -n- (infix) + -ů (verbalizer)] | nivå [lexical] | ŕa [lexical] | gja [lexical] | naxogă [na- (prefix) + xogă (root)] | hjonů [lexical] | nivå [lexical]	L%	none		no_reference	model_hypothesis
asx_nat_f87c247b4bcd_t01	asx_nat_f87c247b4bcd	1	C	natural_reader	dzè gja nåsi zènaxogă, ŕa ńopa xi napùnýj zèxochi, hjiny gasi maőtxesháma zèpăjală, ŕa onă bỏhjá zèxogă ŕa xő ni waokam zèmaaśù.	But they never returned, and presently the sun sank lower and the little white moths fluttered out, and the Boy came and carried him home.	terminal_aligned	dzè [L] | gja [L] | nåsi [L.L] | zènaxogă [L.L.L.H] | ŕa [L] | ńopa [L.H] | xi [H] | napùnýj [H.L.L] | zèxochi [L.H.L] | hjiny [H] | gasi [H.H] | maőtxesháma [H.L.L.L.L] | zèpăjală [L.L.L.H] | ŕa [L] | onă [L.L] | bỏhjá [H.L] | zèxogă [L.L.H] | ŕa [L] | xő [L] | ni [L] | waokam [L.H.L] | zèmaaśù [L.H.L.L]	dzè [H] | gja [L] | nåsi [L.L] | zènaxogă [L.L.L.H] | ŕa [L] | ńopa [L.H] | xi [H] | napùnýj [H.L.L] | zèxochi [L.H.L] | hjiny [H] | gasi [H.H] | maőtxesháma [H.L.L.L.L] | zèpăjală [L.L.L.H] | ŕa [L] | onă [L.L] | bỏhjá [H.L] | zèxogă [L.L.H] | ŕa [L] | xő [L] | ni [L] | waokam [L.H.L] | zèmaaśù [L.H.L.L]	dzè [lexical] | gja [lexical] | nåsi [lexical] | zènaxogă [zè- (prefix) + na- (prefix) + xogă (root)] | ŕa [lexical] | ńopa [lexical] | xi [lexical] | napùnýj [lexical] | zèxochi [zè- (prefix) + -x- (infix) + ochi (lexical unit)] | hjiny [hji (lexical unit) + -ný (reduced cold adjective suffix)] | gasi [lexical] | maőtxesháma [lexical] | zèpăjală [zè- (prefix) + pă- (prefix) + jală (root)] | ŕa [lexical] | onă [lexical] | bỏhjá [lexical] | zèxogă [zè- (prefix) + xogă (root)] | ŕa [lexical] | xő [lexical] | ni [lexical] | waokam [lexical] | zèmaaśù [zè- (prefix) + maaśù (root)]	L%	none		no_reference	model_hypothesis
asx_nat_7f1db5fcf366_t01	asx_nat_7f1db5fcf366	1	C	natural_reader	shăxiwa zèxopa, ŕa onă hjinýj pỏpỏ xătxăný xăksùnýj zèniŕa, dzè onă bỏhjá ni xő vanå izovivi zèsùkixů.	Weeks passed, and the little Rabbit grew very old and shabby, but the Boy loved him just as much.	terminal_aligned	shăxiwa [H.L.L] | zèxopa [L.H.L] | ŕa [L] | onă [L.L] | hjinýj [H.H] | pỏpỏ [H.L] | xătxăný [H.H.H] | xăksùnýj [H.H.H] | zèniŕa [L.L.L] | dzè [L] | onă [L.L] | bỏhjá [H.L] | ni [L] | xő [L] | vanå [L.L] | izovivi [L.L.H.L] | zèsùkixů [L.H.L.L]	shăxiwa [H.L.L] | zèxopa [L.H.L] | ŕa [L] | onă [L.L] | hjinýj [H.H] | pỏpỏ [H.L] | xătxăný [H.H.H] | xăksùnýj [H.H.H] | zèniŕa [L.L.L] | dzè [L] | onă [L.L] | bỏhjá [H.L] | ni [L] | xő [L] | vanå [L.L] | izovivi [L.L.H.L] | zèsùkixů [L.H.L.L]	shăxiwa [shă (compound modifier) + xiwa (compound head: xi (root) + -wa (plural))] | zèxopa [zè- (prefix) + xopa (root)] | ŕa [lexical] | onă [lexical] | hjinýj [lexical] | pỏpỏ [lexical] | xătxăný [xă- (prefix) + txă (root) + -ný (reduced cold adjective suffix)] | xăksùnýj [xă- (prefix) + ksù (root) + -nýj (cold adjective suffix)] | zèniŕa [zè- (prefix) + ni (function morpheme) + -ŕa (validity suffix)] | dzè [lexical] | onă [lexical] | bỏhjá [lexical] | ni [lexical] | xő [lexical] | vanå [lexical] | izovivi [lexical] | zèsùkixů [zè- (prefix) + sùki (root) + -x- (infix) + -ů (verbalizer)]	L%	none		no_reference	model_hypothesis
asx_nat_cdd6b49bb9c1_t01	asx_nat_cdd6b49bb9c1	1	C	natural_reader	xő ni xő izovivi zèsùkixů sèni, dhè sè xő fùbiwa săsă bă sùki zèvèshů, sè xő mimiwa gapiva sipỏ gaso zèniŕa, ŕa sè xő gacù ipa zèxiŕoshů.	He loved him so hard that he loved all his whiskers off, and the pink lining to his ears turned grey, and his brown spots faded.	terminal_aligned	xő [L] | ni [L] | xő [L] | izovivi [L.L.H.L] | zèsùkixů [L.H.L.L] | sèni [L.L] | dhè [L] | sè [L] | xő [L] | fùbiwa [H.L.L] | săsă [L.L] | bă [L] | sùki [H.L] | zèvèshů [L.H.H] | sè [L] | xő [L] | mimiwa [H.L.L] | gapiva [L.H.L] | sipỏ [H.H] | gaso [L.H] | zèniŕa [L.L.L] | ŕa [L] | sè [L] | xő [L] | gacù [L.H] | ipa [H.L] | zèxiŕoshů [L.H.L.L]	xő [H] | ni [L] | xő [L] | izovivi [L.L.H.L] | zèsùkixů [L.H.L.L] | sèni [L.L] | dhè [L] | sè [L] | xő [L] | fùbiwa [H.L.L] | săsă [L.L] | bă [L] | sùki [H.L] | zèvèshů [L.H.H] | sè [L] | xő [L] | mimiwa [H.L.L] | gapiva [L.H.L] | sipỏ [H.H] | gaso [L.H] | zèniŕa [L.L.L] | ŕa [L] | sè [L] | xő [L] | gacù [L.H] | ipa [H.L] | zèxiŕoshů [L.H.L.L]	xő [lexical] | ni [lexical] | xő [lexical] | izovivi [lexical] | zèsùkixů [zè- (prefix) + sùki (root) + -x- (infix) + -ů (verbalizer)] | sèni [lexical] | dhè [lexical] | sè [lexical] | xő [lexical] | fùbiwa [fùbi (root) + -wa (plural)] | săsă [lexical] | bă [lexical] | sùki [lexical] | zèvèshů [zè- (prefix) + vè (root) + -sh- (infix) + -ů (verbalizer)] | sè [lexical] | xő [lexical] | mimiwa [mimi (root) + -wa (plural)] | gapiva [lexical] | sipỏ [lexical] | gaso [lexical] | zèniŕa [zè- (prefix) + ni (function morpheme) + -ŕa (validity suffix)] | ŕa [lexical] | sè [lexical] | xő [lexical] | gacù [lexical] | ipa [ipo (root) + -a (plural)] | zèxiŕoshů [zè- (prefix) + -x- (infix) + iŕo (lexical unit) + -sh- (infix) + -ů (verbalizer)]	L%	none		no_reference	model_hypothesis
asx_nat_2aa5c440aef5_t01	asx_nat_2aa5c440aef5	1	C	natural_reader	xő sè xő kxe zènikxeshů xa, ŕa xő pỏpỏ vanå mebůjůná — då onă bỏhjá să ná.	He even began to lose his shape, and he scarcely looked like a rabbit any more, except to the Boy.	terminal_aligned	xő [L] | sè [L] | xő [L] | kxe [H] | zènikxeshů [L.L.H.H] | xa [L] | ŕa [L] | xő [L] | pỏpỏ [H.L] | vanå [L.L] | mebůjůná [L.L.L.H] | då [L] | onă [L.L] | bỏhjá [H.L] | să [H] | ná [H]	xő [H] | sè [L] | xő [L] | kxe [H] | zènikxeshů [L.L.H.H] | xa [L] | ŕa [L] | xő [L] | pỏpỏ [H.L] | vanå [L.L] | mebůjůná [L.L.L.H] | då [L] | onă [L.L] | bỏhjá [H.L] | să [H] | ná [H]	xő [lexical] | sè [lexical] | xő [lexical] | kxe [lexical] | zènikxeshů [zè- (prefix) + ni- (prefix) + kxe (root) + -sh- (infix) + -ů (verbalizer)] | xa [lexical] | ŕa [lexical] | xő [lexical] | pỏpỏ [lexical] | vanå [lexical] | mebůjůná [me- (prefix) + -b- (verbal bridge) + -ů (verbalizer) + -j- (infix) + -ů (verbalizer) + ná (dominant suffix)] | då [lexical] | onă [lexical] | bỏhjá [lexical] | să [lexical] | ná [lexical]	L%	none		no_reference	model_hypothesis
asx_nat_35ddcee5cae4_t01	asx_nat_35ddcee5cae4	1	C	natural_reader	då xő, pỏpỏ onå jovină zèxiŕa, ŕa onă hjinýj pỏpỏ nonă să ăni zèxitáka.	To him he was always beautiful, and that was all that the little Rabbit cared about.	terminal_aligned	då [L] | xő [L] | pỏpỏ [H.L] | onå [L.L] | jovină [H.L.L] | zèxiŕa [L.H.H] | ŕa [L] | onă [L.L] | hjinýj [H.H] | pỏpỏ [H.L] | nonă [L.L] | să [H] | ăni [H.H] | zèxitáka [L.H.L.L]	då [H] | xő [L] | pỏpỏ [H.L] | onå [L.L] | jovină [H.L.L] | zèxiŕa [L.H.H] | ŕa [L] | onă [L.L] | hjinýj [H.H] | pỏpỏ [H.L] | nonă [L.L] | să [H] | ăni [H.H] | zèxitáka [L.H.L.L]	då [lexical] | xő [lexical] | pỏpỏ [lexical] | onå [lexical] | jovină [lexical] | zèxiŕa [zè- (prefix) + xi (root) + -ŕa (validity suffix)] | ŕa [lexical] | onă [lexical] | hjinýj [lexical] | pỏpỏ [lexical] | nonă [no- (prefix) + onă (function morpheme)] | să [lexical] | ăni [lexical] | zèxitáka [zè- (prefix) + -x- (infix) + itáka (lexical unit)]	L%	none		no_reference	model_hypothesis
asx_nat_3a632ff65511_t01	asx_nat_3a632ff65511	1	C	natural_reader	xő ksá då pă sháma ůjů ăni xő zèxitákaná, sèwo onă hjávakam-txaŕăijo xő hùzèxăcèků, ŕa no xăcèshá xiŕa vå, anő ksùnýj itáka nỏwë.	He didn't mind how he looked to other people, because the nursery magic had made him Real, and when you are Real shabbiness doesn't matter.	terminal_aligned	xő [L] | ksá [H] | då [L] | pă [L] | sháma [H.H] | ůjů [H.L] | ăni [H.H] | xő [L] | zèxitákaná [L.H.L.L.H] | sèwo [L.L] | onă [L.L] | hjávakam [H.L.L] | txaŕăijo [H.L.L.L] | xő [L] | hùzèxăcèků [L.L.H.H.L] | ŕa [L] | no [L] | xăcèshá [H.L.L] | xiŕa [L.L] | vå [L] | anő [L.L] | ksùnýj [H.H] | itáka [H.L.L] | nỏwë [L.L]	xő [H] | ksá [L] | då [L] | pă [L] | sháma [H.H] | ůjů [H.L] | ăni [H.H] | xő [L] | zèxitákaná [L.H.L.L.H] | sèwo [L.L] | onă [L.L] | hjávakam [H.L.L] | txaŕăijo [H.L.L.L] | xő [L] | hùzèxăcèků [L.L.H.H.L] | ŕa [L] | no [L] | xăcèshá [H.L.L] | xiŕa [L.L] | vå [L] | anő [L.L] | ksùnýj [H.H] | itáka [H.L.L] | nỏwë [L.L]	xő [lexical] | ksá [lexical] | då [lexical] | pă [pă- (prefix)] | sháma [shá (root) + -ma (plural)] | ůjů [lexical] | ăni [lexical] | xő [lexical] | zèxitákaná [zè- (prefix) + -x- (infix) + itáka (lexical unit) + ná (dominant suffix)] | sèwo [lexical] | onă [lexical] | hjávakam [lexical] | txaŕăijo [lexical] | xő [lexical] | hùzèxăcèků [hù- (prefix) + zè- (prefix) + xăcè (root) + -k- (infix) + -ů (verbalizer)] | ŕa [lexical] | no [lexical] | xăcèshá [lexical] | xiŕa [lexical] | vå [lexical] | anő [lexical] | ksùnýj [ksù (root) + -nýj (cold adjective suffix)] | itáka [lexical] | nỏwë [lexical]	L%	none		no_reference	model_hypothesis
asx_nat_20a52b754023_t01	asx_nat_20a52b754023	1	C	natural_reader	zå, gănå xi, onă bỏhjá jaminýj zèniŕa.	And then, one day, the Boy was ill.	exact	zå [L] | gănå [L.L] | xi [H] | onă [L.L] | bỏhjá [H.L] | jaminýj [H.L.L] | zèniŕa [L.L.L]	zå [H] | gănå [L.L] | xi [H] | onă [L.L] | bỏhjá [H.L] | jaminýj [H.L.L] | zèniŕa [L.L.L]	zå [lexical] | gănå [lexical] | xi [lexical] | onă [lexical] | bỏhjá [lexical] | jaminýj [lexical] | zèniŕa [zè- (prefix) + ni (function morpheme) + -ŕa (validity suffix)]	L%	none		no_reference	model_hypothesis
asx_nat_abeda6df1a20_t01	asx_nat_abeda6df1a20	1	C	natural_reader	sè xő mëfo xăchină zèniŕa, xő va nùnù zèjýnů, ŕa sè xő hjinýj kamshá xăŕăană zèbů sèni, xő pỏpỏ obi kma vå, jo pỏpỏ zèŕăxa.	His face grew very flushed, and he talked in his sleep, and his little body was so hot that it burned the Rabbit when he held him close.	exact	sè [L] | xő [L] | mëfo [H.L] | xăchină [H.H.H] | zèniŕa [L.L.L] | xő [L] | va [L] | nùnù [H.L] | zèjýnů [L.H.H] | ŕa [L] | sè [L] | xő [L] | hjinýj [H.H] | kamshá [L.H] | xăŕăană [H.H.L.L] | zèbů [H.H] | sèni [L.L] | xő [L] | pỏpỏ [H.L] | obi [L.H] | kma [H] | vå [L] | jo [H] | pỏpỏ [H.L] | zèŕăxa [L.H.L]	sè [H] | xő [L] | mëfo [H.L] | xăchină [H.H.H] | zèniŕa [L.L.L] | xő [L] | va [L] | nùnù [H.L] | zèjýnů [L.H.H] | ŕa [L] | sè [L] | xő [L] | hjinýj [H.H] | kamshá [L.H] | xăŕăană [H.H.L.L] | zèbů [H.H] | sèni [L.L] | xő [L] | pỏpỏ [H.L] | obi [L.H] | kma [H] | vå [L] | jo [H] | pỏpỏ [H.L] | zèŕăxa [L.H.L]	sè [lexical] | xő [lexical] | mëfo [lexical] | xăchină [xă- (prefix) + chi (root) + -nă (warm adjective suffix)] | zèniŕa [zè- (prefix) + ni (function morpheme) + -ŕa (validity suffix)] | xő [lexical] | va [va- (prefix)] | nùnù [lexical] | zèjýnů [zè- (prefix) + jýn (root) + -ů (verbalizer)] | ŕa [lexical] | sè [lexical] | xő [lexical] | hjinýj [lexical] | kamshá [lexical] | xăŕăană [xă- (prefix) + ŕăa (root) + -nă (warm adjective suffix)] | zèbů [zè (root) + -b- (verbal bridge) + -ů (verbalizer)] | sèni [lexical] | xő [lexical] | pỏpỏ [lexical] | obi [lexical] | kma [lexical] | vå [lexical] | jo [lexical] | pỏpỏ [lexical] | zèŕăxa [zè- (prefix) + ŕăxa (root)]	L%	none		no_reference	model_hypothesis
asx_nat_6009306ba6bc_t01	asx_nat_6009306ba6bc	1	C	natural_reader	siŕosháma va hjávakam zèxogă ŕa zèxoxo, pjo săsămao zèpjonů, ŕa ỏ jo săsă onă hjinýj gaksamipỏpỏ no zèbabů — pù săpỏno flamiŋshů — ŕa xő nåsi zèxo, sèwo gja wo ijpù chě, kshá wo chåmaaśù ken tte xő zèzhåka, ŕa onă bỏhjá wo wëè tte xő zècè.	Strange people came and went in the nursery, and a light burned all night, and through it all the little Velveteen Rabbit lay there, hidden from sight under the bedclothes, and he never stirred, for he was afraid that if they found him some one might take him away, and he knew that the Boy needed him.	exact	siŕosháma [H.H.L.L] | va [L] | hjávakam [H.L.L] | zèxogă [L.L.H] | ŕa [L] | zèxoxo [L.H.L] | pjo [H] | săsămao [L.L.H.L] | zèpjonů [L.H.H] | ŕa [L] | ỏ [L] | jo [H] | săsă [L.L] | onă [L.L] | hjinýj [H.H] | gaksamipỏpỏ [H.L.L.L.L] | no [L] | zèbabů [L.L.L] | pù [L] | săpỏno [H.L.L] | flamiŋshů [H.L.L] | ŕa [L] | xő [L] | nåsi [L.L] | zèxo [L.H] | sèwo [L.L] | gja [L] | wo [L] | ijpù [H.L] | chě [L] | kshá [H] | wo [L] | chåmaaśù [L.H.L.L] | ken [L] | tte [L.L] | xő [L] | zèzhåka [L.H.L] | ŕa [L] | onă [L.L] | bỏhjá [H.L] | wo [L] | wëè [H.L] | tte [L.L] | xő [L] | zècè [L.H]	siŕosháma [H.H.L.L] | va [L] | hjávakam [H.L.L] | zèxogă [L.L.H] | ŕa [L] | zèxoxo [L.H.L] | pjo [H] | săsămao [L.L.H.L] | zèpjonů [L.H.H] | ŕa [L] | ỏ [L] | jo [H] | săsă [L.L] | onă [L.L] | hjinýj [H.H] | gaksamipỏpỏ [H.L.L.L.L] | no [L] | zèbabů [L.L.L] | pù [L] | săpỏno [H.L.L] | flamiŋshů [H.L.L] | ŕa [L] | xő [L] | nåsi [L.L] | zèxo [L.H] | sèwo [L.L] | gja [L] | wo [L] | ijpù [H.L] | chě [L] | kshá [H] | wo [L] | chåmaaśù [L.H.L.L] | ken [L] | tte [L.L] | xő [L] | zèzhåka [L.H.L] | ŕa [L] | onă [L.L] | bỏhjá [H.L] | wo [L] | wëè [H.L] | tte [L.L] | xő [L] | zècè [L.L]	siŕosháma [siŕo (compound modifier) + sháma (compound head: shá (root) + -ma (plural))] | va [va- (prefix)] | hjávakam [lexical] | zèxogă [zè- (prefix) + xogă (root)] | ŕa [lexical] | zèxoxo [zè- (prefix) + xoxo (root)] | pjo [lexical] | săsămao [săsă (function morpheme) + mao (lexical unit)] | zèpjonů [zè- (prefix) + pjo (root) + -n- (infix) + -ů (verbalizer)] | ŕa [lexical] | ỏ [ỏ- (prefix)] | jo [lexical] | săsă [lexical] | onă [lexical] | hjinýj [lexical] | gaksamipỏpỏ [ga- (compound prefix) + aksami (compound modifier) + pỏpỏ (compound head)] | no [lexical] | zèbabů [zè- (prefix) + ba- (prefix) + -b- (verbal bridge) + -ů (verbalizer)] | pù [pù- (prefix)] | săpỏno [lexical] | flamiŋshů [lexical] | ŕa [lexical] | xő [lexical] | nåsi [lexical] | zèxo [zè- (prefix) + xo (root)] | sèwo [lexical] | gja [lexical] | wo [lexical] | ijpù [lexical] | chě [lexical] | kshá [lexical] | wo [lexical] | chåmaaśù [chå (function morpheme) + maaśù (lexical unit)] | ken [lexical] | tte [lexical] | xő [lexical] | zèzhåka [zè- (prefix) + zhåka (root)] | ŕa [lexical] | onă [lexical] | bỏhjá [lexical] | wo [lexical] | wëè [lexical] | tte [lexical] | xő [lexical] | zècè [zè- (prefix) + cè (root)]	L%	none		no_reference	model_hypothesis
asx_nat_5f0a22d65ba2_t01	asx_nat_5f0a22d65ba2	1	C	natural_reader	jo dăna xèný å zèxiŕa, sèwo onă bỏhjá xăjaminýj zèbů sèni, igùŕanů ken.ná, ŕa ă onă hjinýj pỏpỏ — săsăxi fůxů — jo fůhjonă sỏůchů.	It was a long weary time, for the Boy was too ill to play, and the little Rabbit found it rather dull with nothing to do all day long.	exact	jo [H] | dăna [H.L] | xèný [H.H] | å [H] | zèxiŕa [L.H.H] | sèwo [L.L] | onă [L.L] | bỏhjá [H.L] | xăjaminýj [H.H.L.L] | zèbů [H.H] | sèni [L.L] | igùŕanů [H.L.L.L] | ken.ná [L.L] | ŕa [L] | ă [H] | onă [L.L] | hjinýj [H.H] | pỏpỏ [H.L] | săsăxi [L.L.H] | fůxů [H.L] | jo [H] | fůhjonă [H.L.L] | sỏůchů [L.L.L]	jo [H] | dăna [H.L] | xèný [H.H] | å [H] | zèxiŕa [L.H.H] | sèwo [L.L] | onă [L.L] | bỏhjá [H.L] | xăjaminýj [H.H.L.L] | zèbů [H.H] | sèni [L.L] | igùŕanů [H.L.L.L] | ken.ná [L.L] | ŕa [L] | ă [H] | onă [L.L] | hjinýj [H.H] | pỏpỏ [H.L] | săsăxi [L.L.H] | fůxů [H.L] | jo [H] | fůhjonă [H.L.L] | sỏůchů [L.L.L]	jo [lexical] | dăna [dă (lexical unit) + na (function morpheme)] | xèný [xè (root) + -ný (reduced cold adjective suffix)] | å [lexical] | zèxiŕa [zè- (prefix) + xi (root) + -ŕa (validity suffix)] | sèwo [lexical] | onă [lexical] | bỏhjá [lexical] | xăjaminýj [xă- (prefix) + jami (root) + -nýj (cold adjective suffix)] | zèbů [zè (root) + -b- (verbal bridge) + -ů (verbalizer)] | sèni [lexical] | igùŕanů [lexical] | ken.ná [lexical] | ŕa [lexical] | ă [lexical] | onă [lexical] | hjinýj [lexical] | pỏpỏ [lexical] | săsăxi [săsă (function morpheme) + xi (lexical unit)] | fůxů [fů (compound modifier) + xů (compound head)] | jo [lexical] | fůhjonă [fů (compound modifier) + hjo (compound head) + -nă (warm adjective suffix)] | sỏůchů [sỏ (function morpheme) + -ů (verbalizer) + -ch- (infix) + -ů (verbalizer)]	L%	none		no_reference	model_hypothesis
asx_nat_b3833adcd9af_t01	asx_nat_b3833adcd9af	1	C	natural_reader	dzè xő vănýj zèxỏbwonů, ŕa onă onă bỏhjá navigavină niŕa, gja ni văŕo — ỏ piva ja itxesháma — pănů, ŕa va kŕahjákae bùŕo jovina igùŕa izozèma ksá — igùŕanů å zèxănăka.	But he snuggled down patiently, and looked forward to the time when the Boy should be well again, and they would go out in the garden amongst the flowers and the butterflies and play splendid games in the raspberry thicket like they used to.	exact	dzè [L] | xő [L] | vănýj [H.H] | zèxỏbwonů [L.L.H.L] | ŕa [L] | onă [L.L] | onă [L.L] | bỏhjá [H.L] | navigavină [L.L.H.L.L] | niŕa [H.H] | gja [L] | ni [L] | văŕo [H.L] | ỏ [L] | piva [H.L] | ja [L] | itxesháma [H.L.L.L] | pănů [H.L] | ŕa [L] | va [L] | kŕahjákae [H.L.L.L] | bùŕo [H.L] | jovina [H.L.L] | igùŕa [H.L.L] | izozèma [L.L.L.L] | ksá [H] | igùŕanů [H.L.L.L] | å [H] | zèxănăka [L.H.L.L]	dzè [H] | xő [L] | vănýj [H.H] | zèxỏbwonů [L.L.H.L] | ŕa [L] | onă [L.L] | onă [L.L] | bỏhjá [H.L] | navigavină [L.L.H.L.L] | niŕa [H.H] | gja [L] | ni [L] | văŕo [H.L] | ỏ [L] | piva [H.L] | ja [L] | itxesháma [H.L.L.L] | pănů [H.L] | ŕa [L] | va [L] | kŕahjákae [H.L.L.L] | bùŕo [H.L] | jovina [H.L.L] | igùŕa [H.L.L] | izozèma [L.L.L.L] | ksá [H] | igùŕanů [H.L.L.L] | å [H] | zèxănăka [L.H.L.L]	dzè [lexical] | xő [lexical] | vănýj [lexical] | zèxỏbwonů [zè- (prefix) + -x- (infix) + ỏbwo (lexical unit) + -n- (infix) + -ů (verbalizer)] | ŕa [lexical] | onă [lexical] | onă [lexical] | bỏhjá [lexical] | navigavină [na- (prefix) + vigavi (root) + -nă (warm adjective suffix)] | niŕa [lexical] | gja [lexical] | ni [lexical] | văŕo [lexical] | ỏ [ỏ- (prefix)] | piva [lexical] | ja [lexical] | itxesháma [lexical] | pănů [lexical] | ŕa [lexical] | va [va- (prefix)] | kŕahjákae [lexical] | bùŕo [lexical] | jovina [jovi (lexical unit) + na (function morpheme)] | igùŕa [lexical] | izozèma [izo (function morpheme) + zè- (prefix) + -ma (plural suffix)] | ksá [lexical] | igùŕanů [lexical] | å [lexical] | zèxănăka [zè- (prefix) + -x- (infix) + ănăka (lexical unit)]	L%	none		no_reference	model_hypothesis
asx_nat_5decba0b1616_t01	asx_nat_5decba0b1616	1	C	natural_reader	xő mmbăna nona săsăkxe zèŕimpù, ŕa onă bỏhjá pùtam-nùnù babů nivå, xő ni ỏbỏ obi zèŋawa ŕa hja ni sè xő mimi zèsùsù.	All sorts of delightful things he planned, and while the Boy lay half asleep he crept up close to the pillow and whispered them in his ear.	terminal_aligned	xő [L] | mmbăna [L.H.L] | nona [H.L] | săsăkxe [L.L.H] | zèŕimpù [L.H.L] | ŕa [L] | onă [L.L] | bỏhjá [H.L] | pùtam [L.H] | nùnù [H.L] | babů [L.L] | nivå [L.L] | xő [L] | ni [L] | ỏbỏ [H.L] | obi [L.H] | zèŋawa [L.H.L] | ŕa [L] | hja [L] | ni [L] | sè [L] | xő [L] | mimi [H.L] | zèsùsù [L.H.L]	xő [H] | mmbăna [L.H.L] | nona [H.L] | săsăkxe [L.L.H] | zèŕimpù [L.H.L] | ŕa [L] | onă [L.L] | bỏhjá [H.L] | pùtam [L.H] | nùnù [H.L] | babů [L.L] | nivå [L.L] | xő [L] | ni [L] | ỏbỏ [H.L] | obi [L.H] | zèŋawa [L.H.L] | ŕa [L] | hja [L] | ni [L] | sè [L] | xő [L] | mimi [H.L] | zèsùsù [L.H.L]	xő [lexical] | mmbăna [mmbă (lexical unit) + na (function morpheme)] | nona [nono (root) + -a (plural)] | săsăkxe [săsă (function morpheme) + kxe (lexical unit)] | zèŕimpù [zè- (prefix) + ŕimpù (root)] | ŕa [lexical] | onă [lexical] | bỏhjá [lexical] | pùtam [pù- (prefix) + tam (root)] | nùnù [lexical] | babů [ba- (prefix) + -b- (verbal bridge) + -ů (verbalizer)] | nivå [lexical] | xő [lexical] | ni [lexical] | ỏbỏ [lexical] | obi [lexical] | zèŋawa [zè- (prefix) + ŋawa (root)] | ŕa [lexical] | hja [lexical] | ni [lexical] | sè [lexical] | xő [lexical] | mimi [lexical] | zèsùsù [zè- (prefix) + sùsù (root)]	L%	none		no_reference	model_hypothesis
asx_nat_862831b630f1_t01	asx_nat_862831b630f1	1	C	natural_reader	ŕa ńopa onă săaai zètxanů, ŕa onă bỏhjá navigavină zèniŕa.	And presently the fever turned, and the Boy got better.	terminal_aligned	ŕa [L] | ńopa [L.H] | onă [L.L] | săaai [H.L.L.L] | zètxanů [L.H.H] | ŕa [L] | onă [L.L] | bỏhjá [H.L] | navigavină [L.L.H.L.L] | zèniŕa [L.L.L]	ŕa [H] | ńopa [L.H] | onă [L.L] | săaai [H.L.L.L] | zètxanů [L.H.H] | ŕa [L] | onă [L.L] | bỏhjá [H.L] | navigavină [L.L.H.L.L] | zèniŕa [L.L.L]	ŕa [lexical] | ńopa [lexical] | onă [lexical] | săaai [lexical] | zètxanů [zè- (prefix) + txa (root) + -n- (infix) + -ů (verbalizer)] | ŕa [lexical] | onă [lexical] | bỏhjá [lexical] | navigavină [na- (prefix) + vigavi (root) + -nă (warm adjective suffix)] | zèniŕa [zè- (prefix) + ni (function morpheme) + -ŕa (validity suffix)]	L%	none		no_reference	model_hypothesis
asx_nat_b6b1a93f38ac_t01	asx_nat_b6b1a93f38ac	1	C	natural_reader	xő va ỏbỏŕo xona ken ŕa pjonoshěsa ijonů ken zèbů — onă hjinýj pỏpỏ ba xő ỏbwonů nivå.	He was able to sit up in bed and look at picture books, while the little Rabbit cuddled close at his side.	terminal_aligned	xő [L] | va [L] | ỏbỏŕo [H.L.L] | xona [H.L] | ken [L] | ŕa [L] | pjonoshěsa [H.H.L.L] | ijonů [H.L.L] | ken [L] | zèbů [H.H] | onă [L.L] | hjinýj [H.H] | pỏpỏ [H.L] | ba [L] | xő [L] | ỏbwonů [L.H.L] | nivå [L.L]	xő [H] | va [L] | ỏbỏŕo [H.L.L] | xona [H.L] | ken [L] | ŕa [L] | pjonoshěsa [H.H.L.L] | ijonů [H.L.L] | ken [L] | zèbů [H.H] | onă [L.L] | hjinýj [H.H] | pỏpỏ [H.L] | ba [L] | xő [L] | ỏbwonů [L.H.L] | nivå [L.L]	xő [lexical] | va [va- (prefix)] | ỏbỏŕo [lexical] | xona [lexical] | ken [lexical] | ŕa [lexical] | pjonoshěsa [pjono (compound modifier) + shěsa (compound head: shěso (root) + -a (plural))] | ijonů [ijo (root) + -n- (infix) + -ů (verbalizer)] | ken [lexical] | zèbů [zè (root) + -b- (verbal bridge) + -ů (verbalizer)] | onă [lexical] | hjinýj [lexical] | pỏpỏ [lexical] | ba [ba- (prefix)] | xő [lexical] | ỏbwonů [lexical] | nivå [lexical]	L%	none		no_reference	model_hypothesis
asx_nat_13fa351dc736_t01	asx_nat_13fa351dc736	1	C	natural_reader	ŕa gănå xi, gja xő xona ŕa kampỏnonů zèbăhè.	And one day, they let him get up and dress.	exact	ŕa [L] | gănå [L.L] | xi [H] | gja [L] | xő [L] | xona [H.L] | ŕa [L] | kampỏnonů [L.H.L.L] | zèbăhè [L.L.L]	ŕa [H] | gănå [L.L] | xi [H] | gja [L] | xő [L] | xona [H.L] | ŕa [L] | kampỏnonů [L.H.L.L] | zèbăhè [L.L.L]	ŕa [lexical] | gănå [lexical] | xi [lexical] | gja [lexical] | xő [lexical] | xona [lexical] | ŕa [lexical] | kampỏnonů [kampỏno (root) + -n- (infix) + -ů (verbalizer)] | zèbăhè [zè- (prefix) + bă (function morpheme) + -hè (suffix)]	L%	none		no_reference	model_hypothesis
asx_nat_8f297264113f_t01	asx_nat_8f297264113f	1	C	natural_reader	pjona xină xinihè zèxiŕa, ŕa pjokema dăgo em.mo zèbů.	It was a bright, sunny morning, and the windows stood wide open.	terminal_aligned	pjona [H.L] | xină [H.H] | xinihè [H.L.L] | zèxiŕa [L.H.H] | ŕa [L] | pjokema [H.L.L] | dăgo [L.L] | em.mo [H.L] | zèbů [H.H]	pjona [H.L] | xină [H.H] | xinihè [H.L.L] | zèxiŕa [L.H.H] | ŕa [L] | pjokema [H.L.L] | dăgo [L.L] | em.mo [H.L] | zèbů [H.H]	pjona [pjo (lexical unit) + na (function morpheme)] | xină [lexical] | xinihè [lexical] | zèxiŕa [zè- (prefix) + xi (root) + -ŕa (validity suffix)] | ŕa [lexical] | pjokema [pjokem (root) + -a (plural)] | dăgo [lexical] | em.mo [lexical] | zèbů [zè (root) + -b- (verbal bridge) + -ů (verbalizer)]	L%	none		no_reference	model_hypothesis
asx_nat_301c9dddc171_t01	asx_nat_301c9dddc171	1	C	natural_reader	dhè onă bỏhjá — va txempỏ pỏka — ni xaembi hùzèmaaśù, ŕa onă hjinýj pỏpỏ ỏ săpỏno gùko zèbabů, ŕima nivå.	They had carried the Boy out on to the balcony, wrapped in a shawl, and the little Rabbit lay tangled up among the bedclothes, thinking.	terminal_aligned	dhè [L] | onă [L.L] | bỏhjá [H.L] | va [L] | txempỏ [H.H] | pỏka [H.L] | ni [L] | xaembi [H.L.L] | hùzèmaaśù [L.L.H.L.L] | ŕa [L] | onă [L.L] | hjinýj [H.H] | pỏpỏ [H.L] | ỏ [L] | săpỏno [H.L.L] | gùko [H.L] | zèbabů [L.L.L] | ŕima [H.L] | nivå [L.L]	dhè [H] | onă [L.L] | bỏhjá [H.L] | va [L] | txempỏ [H.H] | pỏka [H.L] | ni [L] | xaembi [H.L.L] | hùzèmaaśù [L.L.H.L.L] | ŕa [L] | onă [L.L] | hjinýj [H.H] | pỏpỏ [H.L] | ỏ [L] | săpỏno [H.L.L] | gùko [H.L] | zèbabů [L.L.L] | ŕima [H.L] | nivå [L.L]	dhè [lexical] | onă [lexical] | bỏhjá [lexical] | va [va- (prefix)] | txempỏ [lexical] | pỏka [lexical] | ni [lexical] | xaembi [lexical] | hùzèmaaśù [hù- (prefix) + zè- (prefix) + maaśù (root)] | ŕa [lexical] | onă [lexical] | hjinýj [lexical] | pỏpỏ [lexical] | ỏ [ỏ- (prefix)] | săpỏno [lexical] | gùko [lexical] | zèbabů [zè- (prefix) + ba- (prefix) + -b- (verbal bridge) + -ů (verbalizer)] | ŕima [lexical] | nivå [lexical]	L%	none		no_reference	model_hypothesis
asx_nat_b8b312e20adf_t01	asx_nat_b8b312e20adf	1	C	natural_reader	pwo onă bỏhjá ni ksùŕo hùpaxo.	The Boy was going to the seaside to-morrow.	terminal_aligned	pwo [H] | onă [L.L] | bỏhjá [H.L] | ni [L] | ksùŕo [L.H] | hùpaxo [L.L.H]	pwo [H] | onă [L.L] | bỏhjá [H.L] | ni [L] | ksùŕo [L.H] | hùpaxo [L.L.L]	pwo [lexical] | onă [lexical] | bỏhjá [lexical] | ni [lexical] | ksùŕo [lexical] | hùpaxo [hù- (prefix) + pa- (prefix) + xo (root)]	L%	none		no_reference	model_hypothesis
asx_nat_ed63da505068_t01	asx_nat_ed63da505068	1	C	natural_reader	nona săsă hùzèŕimpù, ŕa nå sè onă dokùshá xùjana xů să zèxiŕa.	Everything was arranged, and now it only remained to carry out the doctor's orders.	terminal_aligned	nona [H.L] | săsă [L.L] | hùzèŕimpù [L.L.H.L] | ŕa [L] | nå [L] | sè [L] | onă [L.L] | dokùshá [L.L.H] | xùjana [H.L.L] | xů [H] | să [H] | zèxiŕa [L.H.H]	nona [H.L] | săsă [L.L] | hùzèŕimpù [L.L.H.L] | ŕa [L] | nå [L] | sè [L] | onă [L.L] | dokùshá [L.L.H] | xùjana [H.L.L] | xů [H] | să [H] | zèxiŕa [L.H.H]	nona [nono (root) + -a (plural)] | săsă [lexical] | hùzèŕimpù [hù- (prefix) + zè- (prefix) + ŕimpù (root)] | ŕa [lexical] | nå [lexical] | sè [lexical] | onă [lexical] | dokùshá [lexical] | xùjana [lexical] | xů [lexical] | să [lexical] | zèxiŕa [zè- (prefix) + xi (root) + -ŕa (validity suffix)]	L%	none		no_reference	model_hypothesis
asx_nat_9fb5b7bfd295_t01	asx_nat_9fb5b7bfd295	1	C	natural_reader	gja ăni jo săsă zèjýnů — onă hjinýj pỏpỏ pù săpỏno babů nivå, sè xő těněn să pădåmë, ŕa zètaŕa.	They talked about it all, while the little Rabbit lay under the bedclothes, with just his head peeping out, and listened.	terminal_aligned	gja [L] | ăni [H.H] | jo [H] | săsă [L.L] | zèjýnů [L.H.H] | onă [L.L] | hjinýj [H.H] | pỏpỏ [H.L] | pù [L] | săpỏno [H.L.L] | babů [L.L] | nivå [L.L] | sè [L] | xő [L] | těněn [H.L] | să [H] | pădåmë [L.H.L] | ŕa [L] | zètaŕa [L.H.L]	gja [H] | ăni [L.H] | jo [H] | săsă [L.L] | zèjýnů [L.H.H] | onă [L.L] | hjinýj [H.H] | pỏpỏ [H.L] | pù [L] | săpỏno [H.L.L] | babů [L.L] | nivå [L.L] | sè [L] | xő [L] | těněn [H.L] | să [H] | pădåmë [L.H.L] | ŕa [L] | zètaŕa [L.H.L]	gja [lexical] | ăni [lexical] | jo [lexical] | săsă [lexical] | zèjýnů [zè- (prefix) + jýn (root) + -ů (verbalizer)] | onă [lexical] | hjinýj [lexical] | pỏpỏ [lexical] | pù [pù- (prefix)] | săpỏno [lexical] | babů [ba- (prefix) + -b- (verbal bridge) + -ů (verbalizer)] | nivå [lexical] | sè [lexical] | xő [lexical] | těněn [lexical] | să [lexical] | pădåmë [pă- (prefix) + dåmë (root)] | ŕa [lexical] | zètaŕa [zè- (prefix) + taŕa (root)]	L%	none		no_reference	model_hypothesis
asx_nat_1215fbabb2b9_t01	asx_nat_1215fbabb2b9	1	C	natural_reader	dhè vakam jamikùkishů paxiŕa, ŕa dhè onýj onă bỏhjá va ỏbỏŕo zá igùŕanů shěsa ja igùŕana săsă ŕăků xăhè.	The room was to be disinfected, and all the books and toys that the Boy had played with in bed must be burnt.	terminal_aligned	dhè [L] | vakam [H.L] | jamikùkishů [H.L.L.L.L] | paxiŕa [L.H.H] | ŕa [L] | dhè [L] | onýj [L.L] | onă [L.L] | bỏhjá [H.L] | va [L] | ỏbỏŕo [H.L.L] | zá [L] | igùŕanů [H.L.L.L] | shěsa [H.L] | ja [L] | igùŕana [H.L.L.L] | săsă [L.L] | ŕăků [H.L] | xăhè [H.L]	dhè [H] | vakam [L.L] | jamikùkishů [H.L.L.L.L] | paxiŕa [L.H.H] | ŕa [L] | dhè [L] | onýj [L.L] | onă [L.L] | bỏhjá [H.L] | va [L] | ỏbỏŕo [H.L.L] | zá [L] | igùŕanů [H.L.L.L] | shěsa [H.L] | ja [L] | igùŕana [H.L.L.L] | săsă [L.L] | ŕăků [H.L] | xăhè [H.L]	dhè [lexical] | vakam [lexical] | jamikùkishů [jami (compound modifier) + kùki (compound head) + -sh- (infix) + -ů (verbalizer)] | paxiŕa [pa- (prefix) + xi (root) + -ŕa (validity suffix)] | ŕa [lexical] | dhè [lexical] | onýj [lexical] | onă [lexical] | bỏhjá [lexical] | va [va- (prefix)] | ỏbỏŕo [lexical] | zá [lexical] | igùŕanů [lexical] | shěsa [shěso (root) + -a (plural)] | ja [lexical] | igùŕana [igùŕa (lexical unit) + no (function morpheme) + -a (plural suffix)] | săsă [lexical] | ŕăků [lexical] | xăhè [lexical]	L%	none		no_reference	model_hypothesis
asx_nat_928d9db65f8b_t01	asx_nat_928d9db65f8b	1	C	natural_reader	„wå!”	"Hurrah!"	terminal_aligned	wå [L]	wå [L]	wå [lexical]	LH%	none		no_reference	model_hypothesis
asx_nat_b9c9c13e0b1e_t01	asx_nat_b9c9c13e0b1e	1	C	natural_reader	tte onă hjinýj pỏpỏ zèŕima.	thought the little Rabbit.	terminal_aligned	tte [L.L] | onă [L.L] | hjinýj [H.H] | pỏpỏ [H.L] | zèŕima [L.H.L]	tte [L.H] | onă [L.L] | hjinýj [H.H] | pỏpỏ [H.L] | zèŕima [L.H.L]	tte [lexical] | onă [lexical] | hjinýj [lexical] | pỏpỏ [lexical] | zèŕima [zè- (prefix) + ŕima (root)]	L%	none		no_reference	model_hypothesis
asx_nat_0a2fea9898e6_t01	asx_nat_0a2fea9898e6	1	C	natural_reader	„pwo wa ni ksùŕo paxo!”	"To-morrow we shall go to the seaside!"	terminal_aligned	pwo [H] | wa [L] | ni [L] | ksùŕo [L.H] | paxo [L.H]	pwo [H] | wa [L] | ni [L] | ksùŕo [L.H] | paxo [L.H]	pwo [lexical] | wa [lexical] | ni [lexical] | ksùŕo [lexical] | paxo [pa- (prefix) + xo (root)]	LH%	none		no_reference	model_hypothesis
asx_nat_876580778a67_t01	asx_nat_876580778a67	1	C	natural_reader	sèwo onă bỏhjá ăni ksùŕo nanå izozèjýnů, ŕa ă pỏpỏ onă xogă dăna lola, hjiny sëokùkiwa, ja hùsokama ijo xădăgo sỏjå.	For the Boy had often talked of the seaside, and he wanted very much to see the big waves coming in, and the tiny crabs, and the sand castles.	terminal_aligned	sèwo [L.L] | onă [L.L] | bỏhjá [H.L] | ăni [H.H] | ksùŕo [L.H] | nanå [L.L] | izozèjýnů [L.L.L.H.L] | ŕa [L] | ă [H] | pỏpỏ [H.L] | onă [L.L] | xogă [L.H] | dăna [H.L] | lola [H.L] | hjiny [H] | sëokùkiwa [H.L.L.L.L] | ja [L] | hùsokama [H.L.L.L] | ijo [H.L] | xădăgo [H.L.L] | sỏjå [L.H]	sèwo [H.L] | onă [L.L] | bỏhjá [H.L] | ăni [H.H] | ksùŕo [L.H] | nanå [L.L] | izozèjýnů [L.L.L.H.L] | ŕa [L] | ă [H] | pỏpỏ [H.L] | onă [L.L] | xogă [L.H] | dăna [H.L] | lola [H.L] | hjiny [H] | sëokùkiwa [H.L.L.L.L] | ja [L] | hùsokama [H.L.L.L] | ijo [H.L] | xădăgo [H.L.L] | sỏjå [L.L]	sèwo [lexical] | onă [lexical] | bỏhjá [lexical] | ăni [lexical] | ksùŕo [lexical] | nanå [lexical] | izozèjýnů [izo (function morpheme) + zè- (prefix) + jýn (lexical unit) + -ů (verbalizer)] | ŕa [lexical] | ă [lexical] | pỏpỏ [lexical] | onă [lexical] | xogă [lexical] | dăna [dă (lexical unit) + na (function morpheme)] | lola [lolo (root) + -a (plural)] | hjiny [hji (lexical unit) + -ný (reduced cold adjective suffix)] | sëokùkiwa [lexical] | ja [lexical] | hùsokama [hùso (root) + -kam (suffix) + -a (plural suffix)] | ijo [lexical] | xădăgo [xă- (prefix) + dăgo (function morpheme)] | sỏjå [sỏ (function morpheme) + jå (lexical unit)]	L%	none		no_reference	model_hypothesis
asx_nat_d6e569b280d5_t01	asx_nat_d6e569b280d5	1	C	natural_reader	ămă nana xő zèxijpù.	"That?" said the doctor. "Why, it's a mass of scarlet fever germs!—Burn it at once. What? Nonsense! Get him a new one. He mustn't have that any more!"	source_context	ămă [H.L] | nana [H.L] | xő [L] | zèxijpù [L.H.L]	ămă [H.L] | nana [H.L] | xő [L] | zèxijpù [L.H.L]	ămă [lexical] | nana [lexical] | xő [lexical] | zèxijpù [zè- (prefix) + -x- (infix) + ijpù (lexical unit)]	L%	none		no_reference	model_hypothesis
asx_nat_721ac31bb78e_t01	asx_nat_721ac31bb78e	1	C	natural_reader	„dhè sè xő txănýj pỏpỏhjá?”	"That?" said the doctor. "Why, it's a mass of scarlet fever germs!—Burn it at once. What? Nonsense! Get him a new one. He mustn't have that any more!"	source_context	dhè [L] | sè [L] | xő [L] | txănýj [H.H] | pỏpỏhjá [H.L.L]	dhè [L] | sè [L] | xő [L] | txănýj [L.L] | pỏpỏhjá [L.L.L]	dhè [lexical] | sè [lexical] | xő [lexical] | txănýj [txă (root) + -nýj (cold adjective suffix)] | pỏpỏhjá [lexical]	LH%	none		no_reference	model_hypothesis
asx_nat_e5fb5ee915e2_t01	asx_nat_e5fb5ee915e2	1	C	natural_reader	tte ko zèkëjù.	"That?" said the doctor. "Why, it's a mass of scarlet fever germs!—Burn it at once. What? Nonsense! Get him a new one. He mustn't have that any more!"	source_context	tte [L.L] | ko [L] | zèkëjù [L.H.L]	tte [L.H] | ko [L] | zèkëjù [L.H.L]	tte [lexical] | ko [lexical] | zèkëjù [zè- (prefix) + këjù (root)]	L%	none		no_reference	model_hypothesis
asx_nat_6c00610bff56_t01	asx_nat_6c00610bff56	1	C	natural_reader	„nonă?”	"That?" said the doctor. "Why, it's a mass of scarlet fever germs!—Burn it at once. What? Nonsense! Get him a new one. He mustn't have that any more!"	source_context	nonă [L.L]	nonă [L.L]	nonă [no- (prefix) + onă (function morpheme)]	LH%	none		no_reference	model_hypothesis
asx_nat_ff353a92edb5_t01	asx_nat_ff353a92edb5	1	C	natural_reader	tte onă dokùshá zëjù.	"That?" said the doctor. "Why, it's a mass of scarlet fever germs!—Burn it at once. What? Nonsense! Get him a new one. He mustn't have that any more!"	source_context	tte [L.L] | onă [L.L] | dokùshá [L.L.H] | zëjù [H.L]	tte [L.H] | onă [L.L] | dokùshá [L.L.H] | zëjù [H.L]	tte [lexical] | onă [lexical] | dokùshá [lexical] | zëjù [zè- (prefix) + ijù (lexical unit)]	L%	none		no_reference	model_hypothesis
asx_nat_f5006ab6f812_t01	asx_nat_f5006ab6f812	1	C	natural_reader	„jo sè gapo-săaai jamikùkiwa maka xiŕa!”	"That?" said the doctor. "Why, it's a mass of scarlet fever germs!—Burn it at once. What? Nonsense! Get him a new one. He mustn't have that any more!"	source_context	jo [H] | sè [L] | gapo [H.L] | săaai [H.L.L.L] | jamikùkiwa [H.L.L.L.L] | maka [H.H] | xiŕa [L.L]	jo [H] | sè [L] | gapo [H.L] | săaai [H.L.L.L] | jamikùkiwa [H.L.L.L.L] | maka [H.H] | xiŕa [L.L]	jo [lexical] | sè [lexical] | gapo [lexical] | săaai [lexical] | jamikùkiwa [lexical] | maka [lexical] | xiŕa [lexical]	LH%	none		no_reference	model_hypothesis
asx_nat_16a88efb8446_t01	asx_nat_16a88efb8446	1	C	natural_reader	„jo nå ŕăkůè!”	"That?" said the doctor. "Why, it's a mass of scarlet fever germs!—Burn it at once. What? Nonsense! Get him a new one. He mustn't have that any more!"	source_context	jo [H] | nå [L] | ŕăkůè [H.H.H]	jo [H] | nå [L] | ŕăkůè [H.H.H]	jo [lexical] | nå [lexical] | ŕăkůè [ŕă (root) + -k- (infix) + -ů (verbalizer) + -è (imperative suffix)]	LH%	none		no_reference	model_hypothesis
asx_nat_68672ed2782e_t01	asx_nat_68672ed2782e	1	C	natural_reader	„kjo?”	"That?" said the doctor. "Why, it's a mass of scarlet fever germs!—Burn it at once. What? Nonsense! Get him a new one. He mustn't have that any more!"	source_context	kjo [H]	kjo [H]	kjo [lexical]	LH%	none		no_reference	model_hypothesis
asx_nat_bb4471e76b8e_t01	asx_nat_bb4471e76b8e	1	C	natural_reader	„fůăvi!”	"That?" said the doctor. "Why, it's a mass of scarlet fever germs!—Burn it at once. What? Nonsense! Get him a new one. He mustn't have that any more!"	source_context	fůăvi [H.L.L]	fůăvi [H.L.L]	fůăvi [lexical]	LH%	none		no_reference	model_hypothesis
asx_nat_eb7b8825a078_t01	asx_nat_eb7b8825a078	1	C	natural_reader	„dåni xő jënýj să tapùhè.”	"That?" said the doctor. "Why, it's a mass of scarlet fever germs!—Burn it at once. What? Nonsense! Get him a new one. He mustn't have that any more!"	source_context	dåni [L.L] | xő [L] | jënýj [H.H] | să [H] | tapùhè [H.L.L]	dåni [H.L] | xő [L] | jënýj [H.H] | să [H] | tapùhè [H.L.L]	dåni [lexical] | xő [lexical] | jënýj [jë (root) + -nýj (cold adjective suffix)] | să [lexical] | tapùhè [tapù (root) + -hè (suffix)]	L%	none		no_reference	model_hypothesis
asx_nat_5f8a63320a38_t01	asx_nat_5f8a63320a38	1	C	natural_reader	„xő nonă ma vanå náxăhè!”	"That?" said the doctor. "Why, it's a mass of scarlet fever germs!—Burn it at once. What? Nonsense! Get him a new one. He mustn't have that any more!"	source_context	xő [L] | nonă [L.L] | ma [H] | vanå [L.L] | náxăhè [H.H.L]	xő [L] | nonă [L.L] | ma [H] | vanå [L.L] | náxăhè [H.H.L]	xő [lexical] | nonă [no- (prefix) + onă (function morpheme)] | ma [lexical] | vanå [lexical] | náxăhè [lexical]	LH%	none		no_reference	model_hypothesis
asx_nat_7a20a426c546_t01	asx_nat_7a20a426c546	1	C	natural_reader	sèni dhè onă hjinýj pỏpỏ — zá txăný pjonoshěsa ja fůnono dăgo — ni pỏmáka zètopù, ŕa ni sè văŕo tamo, hù kùkùkam, zèmaaśù.	And so the little Rabbit was put into a sack with the old picture-books and a lot of rubbish, and carried out to the end of the garden behind the fowl-house.	terminal_aligned	sèni [L.L] | dhè [L] | onă [L.L] | hjinýj [H.H] | pỏpỏ [H.L] | zá [L] | txăný [H.H] | pjonoshěsa [H.H.L.L] | ja [L] | fůnono [H.L.L] | dăgo [L.L] | ni [L] | pỏmáka [H.L.L] | zètopù [L.H.L] | ŕa [L] | ni [L] | sè [L] | văŕo [H.L] | tamo [H.L] | hù [L] | kùkùkam [H.L.L] | zèmaaśù [L.H.L.L]	sèni [H.L] | dhè [L] | onă [L.L] | hjinýj [H.H] | pỏpỏ [H.L] | zá [L] | txăný [H.H] | pjonoshěsa [H.H.L.L] | ja [L] | fůnono [H.L.L] | dăgo [L.L] | ni [L] | pỏmáka [H.L.L] | zètopù [L.H.L] | ŕa [L] | ni [L] | sè [L] | văŕo [H.L] | tamo [H.L] | hù [L] | kùkùkam [H.L.L] | zèmaaśù [L.H.L.L]	sèni [lexical] | dhè [lexical] | onă [lexical] | hjinýj [lexical] | pỏpỏ [lexical] | zá [lexical] | txăný [txă (root) + -ný (reduced cold adjective suffix)] | pjonoshěsa [pjono (compound modifier) + shěsa (compound head: shěso (root) + -a (plural))] | ja [lexical] | fůnono [lexical] | dăgo [lexical] | ni [lexical] | pỏmáka [lexical] | zètopù [zè- (prefix) + topù (root)] | ŕa [lexical] | ni [lexical] | sè [lexical] | văŕo [lexical] | tamo [lexical] | hù [lexical] | kùkùkam [lexical] | zèmaaśù [zè- (prefix) + maaśù (root)]	L%	none		no_reference	model_hypothesis
asx_nat_97caab35b7a3_t01	asx_nat_97caab35b7a3	1	C	natural_reader	no anő dăŕăa ŕů då gavină gă zèxiŕa, dzè onă văshá nobam xăxè zèbů sèni, jo xů ken.ná.	That was a fine place to make a bonfire, only the gardener was too busy just then to attend to it.	terminal_aligned	no [L] | anő [L.L] | dăŕăa [L.H.L] | ŕů [L] | då [L] | gavină [H.L.L] | gă [H] | zèxiŕa [L.H.H] | dzè [L] | onă [L.L] | văshá [H.H] | nobam [L.H] | xăxè [H.H] | zèbů [H.H] | sèni [L.L] | jo [H] | xů [H] | ken.ná [L.L]	no [H] | anő [L.L] | dăŕăa [L.H.L] | ŕů [L] | då [L] | gavină [H.L.L] | gă [H] | zèxiŕa [L.H.H] | dzè [L] | onă [L.L] | văshá [H.H] | nobam [L.H] | xăxè [H.H] | zèbů [H.H] | sèni [L.L] | jo [H] | xů [H] | ken.ná [L.L]	no [lexical] | anő [lexical] | dăŕăa [lexical] | ŕů [-ŕ- (infix) + -ů (verbalizer)] | då [lexical] | gavină [lexical] | gă [lexical] | zèxiŕa [zè- (prefix) + xi (root) + -ŕa (validity suffix)] | dzè [lexical] | onă [lexical] | văshá [lexical] | nobam [no- (prefix) + bam (root)] | xăxè [xă- (prefix) + xè (root)] | zèbů [zè (root) + -b- (verbal bridge) + -ů (verbalizer)] | sèni [lexical] | jo [lexical] | xů [lexical] | ken.ná [lexical]	L%	none		no_reference	model_hypothesis
asx_nat_ac441cf9a579_t01	asx_nat_ac441cf9a579	1	C	natural_reader	xő kaŕtèwa ckanů ŕa fasáma tănů zèxăhè, dzè wo pavwo xinihè jëný xogă ŕa jo săsă ŕăků tte xő zèdåka.	He had the potatoes to dig and the green peas to gather, but next morning he promised to come quite early and burn the whole lot.	terminal_aligned	xő [L] | kaŕtèwa [H.L.L] | ckanů [H.H] | ŕa [L] | fasáma [H.L.L] | tănů [H.L] | zèxăhè [H.H.H] | dzè [L] | wo [L] | pavwo [L.H] | xinihè [H.L.L] | jëný [H.H] | xogă [L.H] | ŕa [L] | jo [H] | săsă [L.L] | ŕăků [H.L] | tte [L.L] | xő [L] | zèdåka [L.H.L]	xő [H] | kaŕtèwa [L.L.L] | ckanů [H.H] | ŕa [L] | fasáma [H.L.L] | tănů [H.L] | zèxăhè [H.H.H] | dzè [L] | wo [L] | pavwo [L.H] | xinihè [H.L.L] | jëný [H.H] | xogă [L.H] | ŕa [L] | jo [H] | săsă [L.L] | ŕăků [H.L] | tte [L.L] | xő [L] | zèdåka [L.H.L]	xő [lexical] | kaŕtèwa [kaŕtè (root) + -wa (plural)] | ckanů [lexical] | ŕa [lexical] | fasáma [fasá (root) + -ma (plural)] | tănů [lexical] | zèxăhè [zè (root) + xă (dominant suffix) + -hè (suffix)] | dzè [lexical] | wo [lexical] | pavwo [lexical] | xinihè [lexical] | jëný [jë (root) + -ný (reduced cold adjective suffix)] | xogă [lexical] | ŕa [lexical] | jo [lexical] | săsă [lexical] | ŕăků [lexical] | tte [lexical] | xő [lexical] | zèdåka [zè- (prefix) + dåka (root)]	L%	none		no_reference	model_hypothesis
asx_nat_44b550a0db42_t01	asx_nat_44b550a0db42	1	C	natural_reader	nomao onă bỏhjá va pă vakam zènùnù, ŕa zá xő nùnù då jënýj pỏpỏhjá zèma.	That night the Boy slept in a different bedroom, and he had a new bunny to sleep with him.	terminal_aligned	nomao [L.H.L] | onă [L.L] | bỏhjá [H.L] | va [L] | pă [L] | vakam [H.L] | zènùnù [L.H.L] | ŕa [L] | zá [L] | xő [L] | nùnù [H.L] | då [L] | jënýj [H.H] | pỏpỏhjá [H.L.L] | zèma [L.H]	nomao [H.L.L] | onă [L.L] | bỏhjá [H.L] | va [L] | pă [L] | vakam [H.L] | zènùnù [L.H.L] | ŕa [L] | zá [L] | xő [L] | nùnù [H.L] | då [L] | jënýj [H.H] | pỏpỏhjá [H.L.L] | zèma [L.L]	nomao [no- (prefix) + mao (root)] | onă [lexical] | bỏhjá [lexical] | va [va- (prefix)] | pă [pă- (prefix)] | vakam [lexical] | zènùnù [zè- (prefix) + nùnù (root)] | ŕa [lexical] | zá [lexical] | xő [lexical] | nùnù [lexical] | då [lexical] | jënýj [jë (root) + -nýj (cold adjective suffix)] | pỏpỏhjá [lexical] | zèma [zè- (prefix) + ma (root)]	L%	none		no_reference	model_hypothesis
asx_nat_1aafb7c8e3de_t01	asx_nat_1aafb7c8e3de	1	C	natural_reader	jo jovină pỏpỏhjá zèxiŕa — săsă gasi aksami, zá xăcèna gasùno mëja — dzè onă bỏhjá xămmbănă zèbů sèni, ăni jo dăgo itákaná.	It was a splendid bunny, all white plush with real glass eyes, but the Boy was too excited to care very much about it.	terminal_aligned	jo [H] | jovină [H.L.L] | pỏpỏhjá [H.L.L] | zèxiŕa [L.H.H] | săsă [L.L] | gasi [H.H] | aksami [H.L.L] | zá [L] | xăcèna [H.H.L] | gasùno [L.H.H] | mëja [H.L] | dzè [L] | onă [L.L] | bỏhjá [H.L] | xămmbănă [H.L.H.H] | zèbů [H.H] | sèni [L.L] | ăni [H.H] | jo [H] | dăgo [L.L] | itákaná [H.L.L.H]	jo [H] | jovină [H.L.L] | pỏpỏhjá [H.L.L] | zèxiŕa [L.H.H] | săsă [L.L] | gasi [H.H] | aksami [H.L.L] | zá [L] | xăcèna [H.H.L] | gasùno [L.H.H] | mëja [H.L] | dzè [L] | onă [L.L] | bỏhjá [H.L] | xămmbănă [H.L.H.H] | zèbů [H.H] | sèni [L.L] | ăni [H.H] | jo [H] | dăgo [L.L] | itákaná [H.L.L.L]	jo [lexical] | jovină [lexical] | pỏpỏhjá [lexical] | zèxiŕa [zè- (prefix) + xi (root) + -ŕa (validity suffix)] | săsă [lexical] | gasi [lexical] | aksami [lexical] | zá [lexical] | xăcèna [xăcè (lexical unit) + na (function morpheme)] | gasùno [ga- (compound prefix) + sùno (root)] | mëja [mëjo (root) + -a (plural)] | dzè [lexical] | onă [lexical] | bỏhjá [lexical] | xămmbănă [xă- (prefix) + mmbă (root) + -nă (warm adjective suffix)] | zèbů [zè (root) + -b- (verbal bridge) + -ů (verbalizer)] | sèni [lexical] | ăni [lexical] | jo [lexical] | dăgo [lexical] | itákaná [itáka (root) + ná (dominant suffix)]	L%	none		no_reference	model_hypothesis
asx_nat_2642b8025a63_t01	asx_nat_2642b8025a63	1	C	natural_reader	sèwo pwo xő ni ksùŕo hùpaxo, ŕa nonă săbi xăjovină nono zèxiŕa sèni, xő ăni pă nono ŕima ken.ná zèbů.	For to-morrow he was going to the seaside, and that in itself was such a wonderful thing that he could think of nothing else.	terminal_aligned	sèwo [L.L] | pwo [H] | xő [L] | ni [L] | ksùŕo [L.H] | hùpaxo [L.L.H] | ŕa [L] | nonă [L.L] | săbi [H.L] | xăjovină [H.H.L.L] | nono [H.L] | zèxiŕa [L.H.H] | sèni [L.L] | xő [L] | ăni [H.H] | pă [L] | nono [H.L] | ŕima [H.L] | ken.ná [L.L] | zèbů [H.H]	sèwo [H.L] | pwo [H] | xő [L] | ni [L] | ksùŕo [L.H] | hùpaxo [L.L.H] | ŕa [L] | nonă [L.L] | săbi [H.L] | xăjovină [H.H.L.L] | nono [H.L] | zèxiŕa [L.H.H] | sèni [L.L] | xő [L] | ăni [H.H] | pă [L] | nono [H.L] | ŕima [H.L] | ken.ná [L.L] | zèbů [H.H]	sèwo [lexical] | pwo [lexical] | xő [lexical] | ni [lexical] | ksùŕo [lexical] | hùpaxo [hù- (prefix) + pa- (prefix) + xo (root)] | ŕa [lexical] | nonă [no- (prefix) + onă (function morpheme)] | săbi [să (compound modifier) + bi (compound head)] | xăjovină [xă- (prefix) + jovi (root) + -nă (warm adjective suffix)] | nono [lexical] | zèxiŕa [zè- (prefix) + xi (root) + -ŕa (validity suffix)] | sèni [lexical] | xő [lexical] | ăni [lexical] | pă [pă- (prefix)] | nono [lexical] | ŕima [lexical] | ken.ná [lexical] | zèbů [zè (root) + -b- (verbal bridge) + -ů (verbalizer)]	L%	none		no_reference	model_hypothesis
asx_nat_52ec0d824a87_t01	asx_nat_52ec0d824a87	1	C	natural_reader	ŕa onă bỏhjá nùnù, ăni ksùŕo ijoŕonů nivå, onă hjinýj pỏpỏ ỏ txăný pjonoshěsa, hù kùkùkam, zèbabů, ŕa ă xő xăshásnýj sỏůchů.	And while the Boy was asleep, dreaming of the seaside, the little Rabbit lay among the old picture-books in the corner behind the fowlhouse, and he felt very lonely.	terminal_aligned	ŕa [L] | onă [L.L] | bỏhjá [H.L] | nùnù [H.L] | ăni [H.H] | ksùŕo [L.H] | ijoŕonů [H.L.L.L] | nivå [L.L] | onă [L.L] | hjinýj [H.H] | pỏpỏ [H.L] | ỏ [L] | txăný [H.H] | pjonoshěsa [H.H.L.L] | hù [L] | kùkùkam [H.L.L] | zèbabů [L.L.L] | ŕa [L] | ă [H] | xő [L] | xăshásnýj [H.L.L] | sỏůchů [L.L.L]	ŕa [H] | onă [L.L] | bỏhjá [H.L] | nùnù [H.L] | ăni [H.H] | ksùŕo [L.H] | ijoŕonů [H.L.L.L] | nivå [L.L] | onă [L.L] | hjinýj [H.H] | pỏpỏ [H.L] | ỏ [L] | txăný [H.H] | pjonoshěsa [H.H.L.L] | hù [L] | kùkùkam [H.L.L] | zèbabů [L.L.L] | ŕa [L] | ă [H] | xő [L] | xăshásnýj [H.L.L] | sỏůchů [L.L.L]	ŕa [lexical] | onă [lexical] | bỏhjá [lexical] | nùnù [lexical] | ăni [lexical] | ksùŕo [lexical] | ijoŕonů [lexical] | nivå [lexical] | onă [lexical] | hjinýj [lexical] | pỏpỏ [lexical] | ỏ [ỏ- (prefix)] | txăný [txă (root) + -ný (reduced cold adjective suffix)] | pjonoshěsa [pjono (compound modifier) + shěsa (compound head: shěso (root) + -a (plural))] | hù [lexical] | kùkùkam [lexical] | zèbabů [zè- (prefix) + ba- (prefix) + -b- (verbal bridge) + -ů (verbalizer)] | ŕa [lexical] | ă [lexical] | xő [lexical] | xăshásnýj [lexical] | sỏůchů [sỏ (function morpheme) + -ů (verbalizer) + -ch- (infix) + -ů (verbalizer)]	L%	none		no_reference	model_hypothesis
asx_nat_8da11740fca1_t01	asx_nat_8da11740fca1	1	C	natural_reader	dhè onă pỏmáka gùkoná zèbăhè, sèni — bă hjinýj waxa — xő sè xő těněn izo onă em.mo păxo ken ŕa pămëjonů ken zèbů.	The sack had been left untied, and so by wriggling a bit he was able to get his head through the opening and look out.	terminal_aligned	dhè [L] | onă [L.L] | pỏmáka [H.L.L] | gùkoná [H.L.H] | zèbăhè [L.L.L] | sèni [L.L] | bă [L] | hjinýj [H.H] | waxa [H.L] | xő [L] | sè [L] | xő [L] | těněn [H.L] | izo [L.L] | onă [L.L] | em.mo [H.L] | păxo [L.H] | ken [L] | ŕa [L] | pămëjonů [L.H.L.L] | ken [L] | zèbů [H.H]	dhè [H] | onă [L.L] | pỏmáka [H.L.L] | gùkoná [H.L.H] | zèbăhè [L.L.L] | sèni [L.L] | bă [L] | hjinýj [H.H] | waxa [H.L] | xő [L] | sè [L] | xő [L] | těněn [H.L] | izo [L.L] | onă [L.L] | em.mo [H.L] | păxo [L.H] | ken [L] | ŕa [L] | pămëjonů [L.H.L.L] | ken [L] | zèbů [H.H]	dhè [lexical] | onă [lexical] | pỏmáka [lexical] | gùkoná [gùko (root) + ná (dominant suffix)] | zèbăhè [zè- (prefix) + bă (function morpheme) + -hè (suffix)] | sèni [lexical] | bă [lexical] | hjinýj [lexical] | waxa [lexical] | xő [lexical] | sè [lexical] | xő [lexical] | těněn [lexical] | izo [lexical] | onă [lexical] | em.mo [lexical] | păxo [pă- (prefix) + xo (root)] | ken [lexical] | ŕa [lexical] | pămëjonů [pă- (prefix) + mëjo (root) + -n- (infix) + -ů (verbalizer)] | ken [lexical] | zèbů [zè (root) + -b- (verbal bridge) + -ů (verbalizer)]	L%	none		no_reference	model_hypothesis
asx_nat_0dbcf61b15d9_t01	asx_nat_0dbcf61b15d9	1	C	natural_reader	xő hjinýj zèvexe, sèwo xő onå va ăvină ỏbỏŕo izozènùnù, ŕa måmå nå sè xő pỏ — bă mùxa — xăhjihjiný xăksùnýj hùzèniŕa sèni, jo xő vanå hkanůná.	He was shivering a little, for he had always been used to sleeping in a proper bed, and by this time his coat had worn so thin and threadbare from hugging that it was no longer any protection to him.	exact	xő [L] | hjinýj [H.H] | zèvexe [L.H.L] | sèwo [L.L] | xő [L] | onå [L.L] | va [L] | ăvină [H.L.L] | ỏbỏŕo [H.L.L] | izozènùnù [L.L.L.H.L] | ŕa [L] | måmå [H.L] | nå [L] | sè [L] | xő [L] | pỏ [H] | bă [L] | mùxa [H.L] | xăhjihjiný [H.H.L.L] | xăksùnýj [H.H.H] | hùzèniŕa [L.H.L.L] | sèni [L.L] | jo [H] | xő [L] | vanå [L.L] | hkanůná [H.H.H]	xő [H] | hjinýj [L.H] | zèvexe [L.H.L] | sèwo [L.L] | xő [L] | onå [L.L] | va [L] | ăvină [H.L.L] | ỏbỏŕo [H.L.L] | izozènùnù [L.L.L.H.L] | ŕa [L] | måmå [H.L] | nå [L] | sè [L] | xő [L] | pỏ [H] | bă [L] | mùxa [H.L] | xăhjihjiný [H.H.L.L] | xăksùnýj [H.H.H] | hùzèniŕa [L.H.L.L] | sèni [L.L] | jo [H] | xő [L] | vanå [L.L] | hkanůná [H.H.H]	xő [lexical] | hjinýj [lexical] | zèvexe [zè- (prefix) + vexe (root)] | sèwo [lexical] | xő [lexical] | onå [lexical] | va [va- (prefix)] | ăvină [ăvi (root) + -nă (warm adjective suffix)] | ỏbỏŕo [lexical] | izozènùnù [izo (function morpheme) + zè- (prefix) + nùnù (lexical unit)] | ŕa [lexical] | måmå [lexical] | nå [lexical] | sè [lexical] | xő [lexical] | pỏ [lexical] | bă [lexical] | mùxa [lexical] | xăhjihjiný [xă- (prefix) + hjihji (root) + -ný (reduced cold adjective suffix)] | xăksùnýj [xă- (prefix) + ksù (root) + -nýj (cold adjective suffix)] | hùzèniŕa [hù- (prefix) + zè (lexical unit) + ni (function morpheme) + -ŕa (validity suffix)] | sèni [lexical] | jo [lexical] | xő [lexical] | vanå [lexical] | hkanůná [hka (root) + -n- (infix) + -ů (verbalizer) + ná (dominant suffix)]	L%	none		no_reference	model_hypothesis
asx_nat_67b102714cc0_t01	asx_nat_67b102714cc0	1	C	natural_reader	obi xő onă kŕahjákae bùŕo ijo ken zèbů — kjèna obinýj vivká, ksá săkjèŕo — va sè jo ŋè, xő va vkozèný xinihèwa zá onă bỏhjá izozèxigùŕanů.	Near by he could see the thicket of raspberry canes, growing tall and close like a tropical jungle, in whose shadow he had played with the Boy on bygone mornings. He thought of those long sunlit hours in the garden—how happy they were—and a great sadness came over him.	source_context	obi [L.H] | xő [L] | onă [L.L] | kŕahjákae [H.L.L.L] | bùŕo [H.L] | ijo [H.L] | ken [L] | zèbů [H.H] | kjèna [H.L] | obinýj [L.H.L] | vivká [H.L] | ksá [H] | săkjèŕo [H.L.L] | va [L] | sè [L] | jo [H] | ŋè [H] | xő [L] | va [L] | vkozèný [L.H.L] | xinihèwa [H.L.L.L] | zá [L] | onă [L.L] | bỏhjá [H.L] | izozèxigùŕanů [L.L.L.H.L.L.L]	obi [H.L] | xő [L] | onă [L.L] | kŕahjákae [H.L.L.L] | bùŕo [H.L] | ijo [H.L] | ken [L] | zèbů [H.H] | kjèna [H.L] | obinýj [L.H.L] | vivká [H.L] | ksá [H] | săkjèŕo [H.L.L] | va [L] | sè [L] | jo [H] | ŋè [H] | xő [L] | va [L] | vkozèný [L.H.L] | xinihèwa [H.L.L.L] | zá [L] | onă [L.L] | bỏhjá [H.L] | izozèxigùŕanů [L.L.L.H.L.L.L]	obi [lexical] | xő [lexical] | onă [lexical] | kŕahjákae [lexical] | bùŕo [lexical] | ijo [lexical] | ken [lexical] | zèbů [zè (root) + -b- (verbal bridge) + -ů (verbalizer)] | kjèna [kjè (lexical unit) + na (function morpheme)] | obinýj [obi (root) + -nýj (cold adjective suffix)] | vivká [lexical] | ksá [lexical] | săkjèŕo [lexical] | va [va- (prefix)] | sè [lexical] | jo [lexical] | ŋè [lexical] | xő [lexical] | va [va- (prefix)] | vkozèný [vkozè (root) + -ný (reduced cold adjective suffix)] | xinihèwa [xinihè (root) + -wa (plural)] | zá [lexical] | onă [lexical] | bỏhjá [lexical] | izozèxigùŕanů [izo (function morpheme) + zè- (prefix) + -x- (infix) + igùŕa (lexical unit) + -n- (infix) + -ů (verbalizer)]	L%	none		no_reference	model_hypothesis
asx_nat_cefe575ad871_t01	asx_nat_cefe575ad871	1	C	natural_reader	ă xő nona va văŕo dăna xiŕăna åa sỏŕima — gja ksá mmbănă zèbů!	Near by he could see the thicket of raspberry canes, growing tall and close like a tropical jungle, in whose shadow he had played with the Boy on bygone mornings. He thought of those long sunlit hours in the garden—how happy they were—and a great sadness came over him.	source_context	ă [H] | xő [L] | nona [H.L] | va [L] | văŕo [H.L] | dăna [H.L] | xiŕăna [H.L.L] | åa [H.H] | sỏŕima [L.H.L] | gja [L] | ksá [H] | mmbănă [L.H.L] | zèbů [H.H]	ă [H] | xő [L] | nona [H.L] | va [L] | văŕo [H.L] | dăna [H.L] | xiŕăna [H.L.L] | åa [H.H] | sỏŕima [L.H.L] | gja [L] | ksá [H] | mmbănă [L.H.L] | zèbů [H.H]	ă [lexical] | xő [lexical] | nona [nono (root) + -a (plural)] | va [va- (prefix)] | văŕo [lexical] | dăna [dă (lexical unit) + na (function morpheme)] | xiŕăna [xiŕă (lexical unit) + na (function morpheme)] | åa [å (root) + -a (plural)] | sỏŕima [sỏ (function morpheme) + ŕima (lexical unit)] | gja [lexical] | ksá [lexical] | mmbănă [lexical] | zèbů [zè (root) + -b- (verbal bridge) + -ů (verbalizer)]	LH%	none		no_reference	model_hypothesis
asx_nat_adc1fcca7110_t01	asx_nat_adc1fcca7110	1	C	natural_reader	ŕa dănă ai ni xő zèxogă.	Near by he could see the thicket of raspberry canes, growing tall and close like a tropical jungle, in whose shadow he had played with the Boy on bygone mornings. He thought of those long sunlit hours in the garden—how happy they were—and a great sadness came over him.	source_context	ŕa [L] | dănă [H.L] | ai [H.L] | ni [L] | xő [L] | zèxogă [L.L.H]	ŕa [H] | dănă [L.L] | ai [H.L] | ni [L] | xő [L] | zèxogă [L.L.L]	ŕa [lexical] | dănă [lexical] | ai [lexical] | ni [lexical] | xő [lexical] | zèxogă [zè- (prefix) + xogă (root)]	L%	none		no_reference	model_hypothesis
asx_nat_46d06e7676a3_t01	asx_nat_46d06e7676a3	1	C	natural_reader	hja săsă pa xő xopa toůchů — gőnigő najovină — onă va pivaŕo txenshá-xăta, onă va kjèŕo hjiny xipùŕa vå xő ỏ txepỏvă zèbabů ŕa hjiny kùgùwa na sè xő tëa zèhaśù; onă xăjovină xi vå xő bisă wo xăcèshá xiŕa tte zècè.	He seemed to see them all pass before him, each more beautiful than the other, the fairy huts in the flower-bed, the quiet evenings in the wood when he lay in the bracken and the little ants ran over his paws; the wonderful day when he first knew that he was Real.	exact	hja [L] | săsă [L.L] | pa [H] | xő [L] | xopa [H.L] | toůchů [H.L.L] | gőnigő [L.L.L] | najovină [L.H.L.L] | onă [L.L] | va [L] | pivaŕo [H.L.L] | txenshá [H.L] | xăta [H.L] | onă [L.L] | va [L] | kjèŕo [H.L] | hjiny [H] | xipùŕa [H.L.L] | vå [L] | xő [L] | ỏ [L] | txepỏvă [H.L.L] | zèbabů [L.L.L] | ŕa [L] | hjiny [H] | kùgùwa [H.L.L] | na [L] | sè [L] | xő [L] | tëa [H.H] | zèhaśù [L.L.H] | onă [L.L] | xăjovină [H.H.L.L] | xi [H] | vå [L] | xő [L] | bisă [L.H] | wo [L] | xăcèshá [H.L.L] | xiŕa [L.L] | tte [L.L] | zècè [L.H]	hja [H] | săsă [L.L] | pa [H] | xő [L] | xopa [H.L] | toůchů [H.L.L] | gőnigő [L.L.L] | najovină [L.H.L.L] | onă [L.L] | va [L] | pivaŕo [H.L.L] | txenshá [H.L] | xăta [H.L] | onă [L.L] | va [L] | kjèŕo [H.L] | hjiny [H] | xipùŕa [H.L.L] | vå [L] | xő [L] | ỏ [L] | txepỏvă [H.L.L] | zèbabů [L.L.L] | ŕa [L] | hjiny [H] | kùgùwa [H.L.L] | na [L] | sè [L] | xő [L] | tëa [H.H] | zèhaśù [L.L.H] | onă [L.L] | xăjovină [H.H.L.L] | xi [H] | vå [L] | xő [L] | bisă [L.H] | wo [L] | xăcèshá [H.L.L] | xiŕa [L.L] | tte [L.L] | zècè [L.L]	hja [lexical] | săsă [lexical] | pa [lexical] | xő [lexical] | xopa [lexical] | toůchů [lexical] | gőnigő [lexical] | najovină [na- (prefix) + jovi (root) + -nă (warm adjective suffix)] | onă [lexical] | va [va- (prefix)] | pivaŕo [piva (compound modifier) + ŕo (compound head)] | txenshá [lexical] | xăta [xăto (root) + -a (plural)] | onă [lexical] | va [va- (prefix)] | kjèŕo [lexical] | hjiny [hji (lexical unit) + -ný (reduced cold adjective suffix)] | xipùŕa [xipùŕo (root) + -a (plural)] | vå [lexical] | xő [lexical] | ỏ [ỏ- (prefix)] | txepỏvă [lexical] | zèbabů [zè- (prefix) + ba- (prefix) + -b- (verbal bridge) + -ů (verbalizer)] | ŕa [lexical] | hjiny [hji (lexical unit) + -ný (reduced cold adjective suffix)] | kùgùwa [kùgù (root) + -wa (plural)] | na [lexical] | sè [lexical] | xő [lexical] | tëa [të (root) + -a (plural)] | zèhaśù [zè- (prefix) + haśù (root)] | onă [lexical] | xăjovină [xă- (prefix) + jovi (root) + -nă (warm adjective suffix)] | xi [lexical] | vå [lexical] | xő [lexical] | bisă [bi- (prefix) + să (root)] | wo [lexical] | xăcèshá [lexical] | xiŕa [lexical] | tte [lexical] | zècè [zè- (prefix) + cè (root)]	L%	none		no_reference	model_hypothesis
asx_nat_eedd6ada452d_t01	asx_nat_eedd6ada452d	1	C	natural_reader	ă xő kamnawopao — shána ỏbỏnýj — ja onýj xő dåni xő hùzëjù săsă sỏŕima.	He thought of the Skin Horse, so wise and gentle, and all that he had told him.	terminal_aligned	ă [H] | xő [L] | kamnawopao [L.L.H.L.L] | shána [H.L] | ỏbỏnýj [H.L.L] | ja [L] | onýj [L.L] | xő [L] | dåni [L.L] | xő [L] | hùzëjù [L.H.L] | săsă [L.L] | sỏŕima [L.H.L]	ă [H] | xő [L] | kamnawopao [L.L.H.L.L] | shána [H.L] | ỏbỏnýj [H.L.L] | ja [L] | onýj [L.L] | xő [L] | dåni [L.L] | xő [L] | hùzëjù [L.H.L] | săsă [L.L] | sỏŕima [L.H.L]	ă [lexical] | xő [lexical] | kamnawopao [kamnawo (compound modifier) + pao (compound head)] | shána [shá (lexical unit) + na (function morpheme)] | ỏbỏnýj [ỏbỏ (root) + -nýj (cold adjective suffix)] | ja [lexical] | onýj [lexical] | xő [lexical] | dåni [lexical] | xő [lexical] | hùzëjù [hù- (prefix) + zè- (prefix) + ijù (lexical unit)] | săsă [lexical] | sỏŕima [sỏ (function morpheme) + ŕima (lexical unit)]	L%	none		no_reference	model_hypothesis
asx_nat_bf5f45e5177d_t01	asx_nat_bf5f45e5177d	1	C	natural_reader	dhè sùkixů, jovi tákshù, ja xăcèshá niŕa — jo săsă nokxe måmåŕa chě — kjo då gavină zèxiŕa kè?	Of what use was it to be loved and lose one's beauty and become Real if it all ended like this?	terminal_aligned	dhè [L] | sùkixů [H.L.L] | jovi [H.L] | tákshù [H.L] | ja [L] | xăcèshá [H.L.L] | niŕa [H.H] | jo [H] | săsă [L.L] | nokxe [L.H] | måmåŕa [H.L.L] | chě [L] | kjo [H] | då [L] | gavină [H.L.L] | zèxiŕa [L.H.H] | kè [L]	dhè [L] | sùkixů [H.L.L] | jovi [H.L] | tákshù [H.L] | ja [L] | xăcèshá [H.L.L] | niŕa [H.H] | jo [H] | săsă [L.L] | nokxe [L.H] | måmåŕa [H.L.L] | chě [L] | kjo [H] | då [L] | gavină [H.L.L] | zèxiŕa [L.H.H] | kè [L]	dhè [lexical] | sùkixů [lexical] | jovi [lexical] | tákshù [lexical] | ja [lexical] | xăcèshá [lexical] | niŕa [lexical] | jo [lexical] | săsă [lexical] | nokxe [no- (prefix) + kxe (root)] | måmåŕa [måmå (root) + -ŕa (validity suffix)] | chě [lexical] | kjo [lexical] | då [lexical] | gavină [lexical] | zèxiŕa [zè- (prefix) + xi (root) + -ŕa (validity suffix)] | kè [lexical]	LH%	none		no_reference	model_hypothesis
asx_nat_f345319eebe6_t01	asx_nat_f345319eebe6	1	C	natural_reader	ŕa mëŕo — xăcènă mëŕo — pù sè xő hjinýj ksùnýj aksami fù zèŕoxo ŕa ni cù zèdopù.	And a tear, a real tear, trickled down his little shabby velvet nose and fell to the ground.	exact	ŕa [L] | mëŕo [H.L] | xăcènă [H.L.L] | mëŕo [H.L] | pù [L] | sè [L] | xő [L] | hjinýj [H.H] | ksùnýj [H.H] | aksami [H.L.L] | fù [H] | zèŕoxo [L.H.L] | ŕa [L] | ni [L] | cù [H] | zèdopù [L.H.L]	ŕa [H] | mëŕo [L.L] | xăcènă [H.L.L] | mëŕo [H.L] | pù [L] | sè [L] | xő [L] | hjinýj [H.H] | ksùnýj [H.H] | aksami [H.L.L] | fù [H] | zèŕoxo [L.H.L] | ŕa [L] | ni [L] | cù [H] | zèdopù [L.H.L]	ŕa [lexical] | mëŕo [lexical] | xăcènă [lexical] | mëŕo [lexical] | pù [pù- (prefix)] | sè [lexical] | xő [lexical] | hjinýj [lexical] | ksùnýj [ksù (root) + -nýj (cold adjective suffix)] | aksami [lexical] | fù [lexical] | zèŕoxo [zè- (prefix) + ŕoxo (root)] | ŕa [lexical] | ni [lexical] | cù [lexical] | zèdopù [zè- (prefix) + dopù (root)]	L%	none		no_reference	model_hypothesis
asx_nat_9b8e9fc441b8_t01	asx_nat_9b8e9fc441b8	1	C	natural_reader	zå siŕonýj nono zèxogă.	And then a strange thing happened.	terminal_aligned	zå [L] | siŕonýj [H.H.L] | nono [H.L] | zèxogă [L.L.H]	zå [H] | siŕonýj [L.H.L] | nono [H.L] | zèxogă [L.L.L]	zå [lexical] | siŕonýj [siŕo (root) + -nýj (cold adjective suffix)] | nono [lexical] | zèxogă [zè- (prefix) + xogă (root)]	L%	none		no_reference	model_hypothesis
asx_nat_775ca08515f3_t01	asx_nat_775ca08515f3	1	C	natural_reader	sèwo ksi onă mëŕo zèdopù, piva izo cù zèjëvù — siŕonýj piva, onă va văŕo vivká pivama ůwů săsă ná.	For where the tear had fallen a flower grew out of the ground, a mysterious flower, not at all like any that grew in the garden.	terminal_aligned	sèwo [L.L] | ksi [L] | onă [L.L] | mëŕo [H.L] | zèdopù [L.H.L] | piva [H.L] | izo [L.L] | cù [H] | zèjëvù [L.H.L] | siŕonýj [H.H.L] | piva [H.L] | onă [L.L] | va [L] | văŕo [H.L] | vivká [H.L] | pivama [H.L.L] | ůwů [H.L] | săsă [L.L] | ná [H]	sèwo [H.L] | ksi [L] | onă [L.L] | mëŕo [H.L] | zèdopù [L.H.L] | piva [H.L] | izo [L.L] | cù [H] | zèjëvù [L.H.L] | siŕonýj [H.H.L] | piva [H.L] | onă [L.L] | va [L] | văŕo [H.L] | vivká [H.L] | pivama [H.L.L] | ůwů [H.L] | săsă [L.L] | ná [L]	sèwo [lexical] | ksi [lexical] | onă [lexical] | mëŕo [lexical] | zèdopù [zè- (prefix) + dopù (root)] | piva [lexical] | izo [lexical] | cù [lexical] | zèjëvù [zè- (prefix) + jëvù (root)] | siŕonýj [siŕo (root) + -nýj (cold adjective suffix)] | piva [lexical] | onă [lexical] | va [va- (prefix)] | văŕo [lexical] | vivká [lexical] | pivama [piva (root) + -ma (plural)] | ůwů [lexical] | săsă [lexical] | ná [lexical]	L%	none		no_reference	model_hypothesis
asx_nat_85b71e70c5da_t01	asx_nat_85b71e70c5da	1	C	natural_reader	jo hjiny gavisùgo-iŕony vètxewa zèma, ŕa ỏ vètxewa, piva ksá gaxiro ŕomaka.	It had slender green leaves the colour of emeralds, and in the centre of the leaves a blossom like a golden cup.	terminal_aligned	jo [H] | hjiny [H] | gavisùgo [H.L.L.L] | iŕony [H.L] | vètxewa [H.L.L] | zèma [L.H] | ŕa [L] | ỏ [L] | vètxewa [H.L.L] | piva [H.L] | ksá [H] | gaxiro [L.H.L] | ŕomaka [L.H.L]	jo [H] | hjiny [H] | gavisùgo [H.L.L.L] | iŕony [H.L] | vètxewa [H.L.L] | zèma [L.H] | ŕa [L] | ỏ [L] | vètxewa [H.L.L] | piva [H.L] | ksá [H] | gaxiro [L.H.L] | ŕomaka [L.H.L]	jo [lexical] | hjiny [hji (lexical unit) + -ný (reduced cold adjective suffix)] | gavisùgo [lexical] | iŕony [lexical] | vètxewa [vètxe (root) + -wa (plural)] | zèma [zè- (prefix) + ma (root)] | ŕa [lexical] | ỏ [ỏ- (prefix)] | vètxewa [vètxe (root) + -wa (plural)] | piva [lexical] | ksá [lexical] | gaxiro [lexical] | ŕomaka [lexical]	L%	none		no_reference	model_hypothesis
asx_nat_e931027b88f8_t01	asx_nat_e931027b88f8	1	C	natural_reader	jo xăjovină zèxiŕa sèni, onă hjinýj pỏpỏ exù zèxůxů, ŕa no zèbabů să, jo ijonů nivå.	It was so beautiful that the little Rabbit forgot to cry, and just lay there watching it.	terminal_aligned	jo [H] | xăjovină [H.H.L.L] | zèxiŕa [L.H.H] | sèni [L.L] | onă [L.L] | hjinýj [H.H] | pỏpỏ [H.L] | exù [H.L] | zèxůxů [L.H.L] | ŕa [L] | no [L] | zèbabů [L.L.L] | să [H] | jo [H] | ijonů [H.L.L] | nivå [L.L]	jo [H] | xăjovină [H.H.L.L] | zèxiŕa [L.H.H] | sèni [L.L] | onă [L.L] | hjinýj [H.H] | pỏpỏ [H.L] | exù [H.L] | zèxůxů [L.H.L] | ŕa [L] | no [L] | zèbabů [L.L.L] | să [H] | jo [H] | ijonů [H.L.L] | nivå [L.L]	jo [lexical] | xăjovină [xă- (prefix) + jovi (root) + -nă (warm adjective suffix)] | zèxiŕa [zè- (prefix) + xi (root) + -ŕa (validity suffix)] | sèni [lexical] | onă [lexical] | hjinýj [lexical] | pỏpỏ [lexical] | exù [lexical] | zèxůxů [zè- (prefix) + xůxů (root)] | ŕa [lexical] | no [lexical] | zèbabů [zè- (prefix) + ba- (prefix) + -b- (verbal bridge) + -ů (verbalizer)] | să [lexical] | jo [lexical] | ijonů [ijo (root) + -n- (infix) + -ů (verbalizer)] | nivå [lexical]	L%	none		no_reference	model_hypothesis
asx_nat_06e6ff9d0afd_t01	asx_nat_06e6ff9d0afd	1	C	natural_reader	ŕa ńopa onă piva zèxem.mo, ŕa izo jo txenshá zèpăŕo.	And presently the blossom opened, and out of it there stepped a fairy.	terminal_aligned	ŕa [L] | ńopa [L.H] | onă [L.L] | piva [H.L] | zèxem.mo [L.H.L] | ŕa [L] | izo [L.L] | jo [H] | txenshá [H.L] | zèpăŕo [L.L.H]	ŕa [H] | ńopa [L.H] | onă [L.L] | piva [H.L] | zèxem.mo [L.H.L] | ŕa [L] | izo [L.L] | jo [H] | txenshá [H.L] | zèpăŕo [L.L.L]	ŕa [lexical] | ńopa [lexical] | onă [lexical] | piva [lexical] | zèxem.mo [zè- (prefix) + -x- (infix) + em.mo (lexical unit)] | ŕa [lexical] | izo [lexical] | jo [lexical] | txenshá [lexical] | zèpăŕo [zè- (prefix) + păŕo (root)]	L%	none		no_reference	model_hypothesis
asx_nat_63eabd3e5fe8_t01	asx_nat_63eabd3e5fe8	1	C	natural_reader	va săsăwao, ko onă năjovină txenshá zèxiŕa.	She was quite the loveliest fairy in the whole world.	terminal_aligned	va [L] | săsăwao [L.L.L.H] | ko [L] | onă [L.L] | năjovină [L.H.L.L] | txenshá [H.L] | zèxiŕa [L.H.H]	va [H] | săsăwao [L.L.L.H] | ko [L] | onă [L.L] | năjovină [L.H.L.L] | txenshá [H.L] | zèxiŕa [L.H.H]	va [va- (prefix)] | săsăwao [săsă (function morpheme) + wao (lexical unit)] | ko [lexical] | onă [lexical] | năjovină [nă- (prefix) + jovi (root) + -nă (warm adjective suffix)] | txenshá [lexical] | zèxiŕa [zè- (prefix) + xi (root) + -ŕa (validity suffix)]	L%	none		no_reference	model_hypothesis
asx_nat_6c7731bbdd1c_t01	asx_nat_6c7731bbdd1c	1	C	natural_reader	sè ko kampỏno popogo ja mè izoŕa, piva ba sè ko nodo ja va sè ko těpỏ zèxiŕa, ŕa sè ko mëfo, onă năăvină piva săsă zëjů.	Her dress was of pearl and dewdrops, and there were flowers round her neck and in her hair, and her face was like the most perfect flower of all.	terminal_aligned	sè [L] | ko [L] | kampỏno [L.H.L] | popogo [H.L.L] | ja [L] | mè [H] | izoŕa [L.L.L] | piva [H.L] | ba [L] | sè [L] | ko [L] | nodo [H.L] | ja [L] | va [L] | sè [L] | ko [L] | těpỏ [L.H] | zèxiŕa [L.H.H] | ŕa [L] | sè [L] | ko [L] | mëfo [H.L] | onă [L.L] | năăvină [L.H.L.L] | piva [H.L] | săsă [L.L] | zëjů [L.L]	sè [H] | ko [L] | kampỏno [L.H.L] | popogo [H.L.L] | ja [L] | mè [H] | izoŕa [L.L.L] | piva [H.L] | ba [L] | sè [L] | ko [L] | nodo [H.L] | ja [L] | va [L] | sè [L] | ko [L] | těpỏ [L.H] | zèxiŕa [L.H.H] | ŕa [L] | sè [L] | ko [L] | mëfo [H.L] | onă [L.L] | năăvină [L.H.L.L] | piva [H.L] | săsă [L.L] | zëjů [L.L]	sè [lexical] | ko [lexical] | kampỏno [lexical] | popogo [lexical] | ja [lexical] | mè [lexical] | izoŕa [izo (function morpheme) + -ŕa (validity suffix)] | piva [lexical] | ba [ba- (prefix)] | sè [lexical] | ko [lexical] | nodo [lexical] | ja [lexical] | va [va- (prefix)] | sè [lexical] | ko [lexical] | těpỏ [lexical] | zèxiŕa [zè- (prefix) + xi (root) + -ŕa (validity suffix)] | ŕa [lexical] | sè [lexical] | ko [lexical] | mëfo [lexical] | onă [lexical] | năăvină [nă- (prefix) + ăvi (root) + -nă (warm adjective suffix)] | piva [lexical] | săsă [lexical] | zëjů [zè- (prefix) + -ů (verbalizer) + -j- (infix) + -ů (verbalizer)]	L%	none		no_reference	model_hypothesis
asx_nat_7b1338517ba1_t01	asx_nat_7b1338517ba1	1	C	natural_reader	ŕa ko ni onă hjinýj pỏpỏ obi zèxogă, xő ni sè ko tëbiwa zèxapo, ŕa sè xő bă exù săsă ŕoŕonýj aksami fù zèmùa.	And she came close to the little Rabbit and gathered him up in her arms and kissed him on his velveteen nose that was all damp from crying.	exact	ŕa [L] | ko [L] | ni [L] | onă [L.L] | hjinýj [H.H] | pỏpỏ [H.L] | obi [L.H] | zèxogă [L.L.H] | xő [L] | ni [L] | sè [L] | ko [L] | tëbiwa [H.L.L] | zèxapo [L.H.L] | ŕa [L] | sè [L] | xő [L] | bă [L] | exù [H.L] | săsă [L.L] | ŕoŕonýj [H.L.L] | aksami [H.L.L] | fù [H] | zèmùa [L.H.L]	ŕa [H] | ko [L] | ni [L] | onă [L.L] | hjinýj [H.H] | pỏpỏ [H.L] | obi [L.H] | zèxogă [L.L.H] | xő [L] | ni [L] | sè [L] | ko [L] | tëbiwa [H.L.L] | zèxapo [L.H.L] | ŕa [L] | sè [L] | xő [L] | bă [L] | exù [H.L] | săsă [L.L] | ŕoŕonýj [H.L.L] | aksami [H.L.L] | fù [H] | zèmùa [L.H.L]	ŕa [lexical] | ko [lexical] | ni [lexical] | onă [lexical] | hjinýj [lexical] | pỏpỏ [lexical] | obi [lexical] | zèxogă [zè- (prefix) + xogă (root)] | xő [lexical] | ni [lexical] | sè [lexical] | ko [lexical] | tëbiwa [tëbi (root) + -wa (plural)] | zèxapo [zè- (prefix) + xapo (root)] | ŕa [lexical] | sè [lexical] | xő [lexical] | bă [lexical] | exù [lexical] | săsă [lexical] | ŕoŕonýj [ŕoŕo (root) + -nýj (cold adjective suffix)] | aksami [lexical] | fù [lexical] | zèmùa [zè- (prefix) + mùa (root)]	L%	none		no_reference	model_hypothesis
asx_nat_e32e1129728a_t01	asx_nat_e32e1129728a	1	C	natural_reader	„ăjo hjinýj pỏpỏ,” tte ko zëjù, „wo kshá xiŕa tte no cèná kè?”	"Little Rabbit," she said, "don't you know who I am?"	exact	ăjo [H.L] | hjinýj [H.H] | pỏpỏ [H.L] | tte [L.L] | ko [L] | zëjù [H.L] | wo [L] | kshá [H] | xiŕa [L.L] | tte [L.L] | no [L] | cèná [H.H] | kè [L]	ăjo [H.L] | hjinýj [L.L] | pỏpỏ [L.L] | tte [L.L] | ko [L] | zëjù [H.L] | wo [L] | kshá [H] | xiŕa [L.L] | tte [L.L] | no [L] | cèná [H.H] | kè [L]	ăjo [lexical] | hjinýj [lexical] | pỏpỏ [lexical] | tte [lexical] | ko [lexical] | zëjù [zè- (prefix) + ijù (lexical unit)] | wo [lexical] | kshá [lexical] | xiŕa [lexical] | tte [lexical] | no [lexical] | cèná [lexical] | kè [lexical]	LH%	none		no_reference	model_hypothesis
asx_nat_13f933bc59e7_t01	asx_nat_13f933bc59e7	1	C	natural_reader	pỏpỏ ni ko zèxamëjonů, ŕa wo sè ko mëfo hùzèxijo toůchů, dzè ksi — xő cèka ken.ná zèbů.	The Rabbit looked up at her, and it seemed to him that he had seen her face before, but he couldn't think where.	exact	pỏpỏ [H.L] | ni [L] | ko [L] | zèxamëjonů [L.L.H.L.L] | ŕa [L] | wo [L] | sè [L] | ko [L] | mëfo [H.L] | hùzèxijo [L.L.H.L] | toůchů [H.L.L] | dzè [L] | ksi [L] | xő [L] | cèka [H.L] | ken.ná [L.L] | zèbů [H.H]	pỏpỏ [H.L] | ni [L] | ko [L] | zèxamëjonů [L.L.H.L.L] | ŕa [L] | wo [L] | sè [L] | ko [L] | mëfo [H.L] | hùzèxijo [L.L.H.L] | toůchů [H.L.L] | dzè [L] | ksi [L] | xő [L] | cèka [H.L] | ken.ná [L.L] | zèbů [H.H]	pỏpỏ [lexical] | ni [lexical] | ko [lexical] | zèxamëjonů [zè- (prefix) + xa- (prefix) + mëjo (root) + -n- (infix) + -ů (verbalizer)] | ŕa [lexical] | wo [lexical] | sè [lexical] | ko [lexical] | mëfo [lexical] | hùzèxijo [hù- (prefix) + zè- (prefix) + -x- (infix) + ijo (lexical unit)] | toůchů [lexical] | dzè [lexical] | ksi [lexical] | xő [lexical] | cèka [lexical] | ken.ná [lexical] | zèbů [zè (root) + -b- (verbal bridge) + -ů (verbalizer)]	L%	none		no_reference	model_hypothesis
asx_nat_0b1ec38191e8_t01	asx_nat_0b1ec38191e8	1	C	natural_reader	„wo sè hjávakam-txaŕăijo txenshá xiŕa,” tte ko zëjù.	"I am the nursery magic Fairy," she said.	terminal_aligned	wo [L] | sè [L] | hjávakam [H.L.L] | txaŕăijo [H.L.L.L] | txenshá [H.L] | xiŕa [L.L] | tte [L.L] | ko [L] | zëjù [H.L]	wo [H] | sè [L] | hjávakam [H.L.L] | txaŕăijo [H.L.L.L] | txenshá [H.L] | xiŕa [L.L] | tte [L.L] | ko [L] | zëjù [H.L]	wo [lexical] | sè [lexical] | hjávakam [lexical] | txaŕăijo [lexical] | txenshá [lexical] | xiŕa [lexical] | tte [lexical] | ko [lexical] | zëjù [zè- (prefix) + ijù (lexical unit)]	L%	none		no_reference	model_hypothesis
asx_nat_ff5b712b05c9_t01	asx_nat_ff5b712b05c9	1	C	natural_reader	„wo onă hjáma hùzèsùkixů igùŕana săsă sùva.”	"I take care of all the playthings that the children have loved."	terminal_aligned	wo [L] | onă [L.L] | hjáma [H.H] | hùzèsùkixů [L.L.H.L.L] | igùŕana [H.L.L.L] | săsă [L.L] | sùva [H.L]	wo [H] | onă [L.L] | hjáma [H.H] | hùzèsùkixů [L.L.H.L.L] | igùŕana [H.L.L.L] | săsă [L.L] | sùva [H.L]	wo [lexical] | onă [lexical] | hjáma [hjá (root) + -ma (plural)] | hùzèsùkixů [hù- (prefix) + zè- (prefix) + sùki (root) + -x- (infix) + -ů (verbalizer)] | igùŕana [igùŕa (lexical unit) + no (function morpheme) + -a (plural suffix)] | săsă [lexical] | sùva [lexical]	L%	none		no_reference	model_hypothesis
asx_nat_431245eab644_t01	asx_nat_431245eab644	1	C	natural_reader	„hja txăný ksùnýj niŕa ja hjáma hja vanå wëèná vå, zå wo xogă, hja zámaaśù, ŕa hja xăcèků.”	"When they are old and worn out and the children don't need them any more, then I come and take them away with me and turn them into Real."	terminal_aligned	hja [L] | txăný [H.H] | ksùnýj [H.H] | niŕa [H.H] | ja [L] | hjáma [H.H] | hja [L] | vanå [L.L] | wëèná [H.L.H] | vå [L] | zå [L] | wo [L] | xogă [L.H] | hja [L] | zámaaśù [L.H.L.L] | ŕa [L] | hja [L] | xăcèků [H.L.L]	hja [H] | txăný [L.H] | ksùnýj [H.H] | niŕa [H.H] | ja [L] | hjáma [H.H] | hja [L] | vanå [L.L] | wëèná [H.L.H] | vå [L] | zå [L] | wo [L] | xogă [L.H] | hja [L] | zámaaśù [L.H.L.L] | ŕa [L] | hja [L] | xăcèků [H.L.L]	hja [lexical] | txăný [txă (root) + -ný (reduced cold adjective suffix)] | ksùnýj [ksù (root) + -nýj (cold adjective suffix)] | niŕa [lexical] | ja [lexical] | hjáma [hjá (root) + -ma (plural)] | hja [lexical] | vanå [lexical] | wëèná [wëè (root) + ná (dominant suffix)] | vå [lexical] | zå [lexical] | wo [lexical] | xogă [lexical] | hja [lexical] | zámaaśù [zá (function morpheme) + maaśù (lexical unit)] | ŕa [lexical] | hja [lexical] | xăcèků [lexical]	L%	none		no_reference	model_hypothesis
asx_nat_ab64b0d66f40_t01	asx_nat_ab64b0d66f40	1	C	natural_reader	„hùwo wo xăcèshá zènèŕa kè?”	"Wasn't I Real before?"	terminal_aligned	hùwo [L.H] | wo [L] | xăcèshá [H.L.L] | zènèŕa [H.L.L] | kè [L]	hùwo [L.H] | wo [L] | xăcèshá [H.L.L] | zènèŕa [H.L.L] | kè [L]	hùwo [lexical] | wo [lexical] | xăcèshá [lexical] | zènèŕa [lexical] | kè [lexical]	LH%	none		no_reference	model_hypothesis
asx_nat_7c041873357c_t01	asx_nat_7c041873357c	1	C	natural_reader	tte onă hjinýj pỏpỏ zèkëjù.	asked the little Rabbit.	terminal_aligned	tte [L.L] | onă [L.L] | hjinýj [H.H] | pỏpỏ [H.L] | zèkëjù [L.H.L]	tte [L.H] | onă [L.L] | hjinýj [H.H] | pỏpỏ [H.L] | zèkëjù [L.H.L]	tte [lexical] | onă [lexical] | hjinýj [lexical] | pỏpỏ [lexical] | zèkëjù [zè- (prefix) + këjù (root)]	L%	none		no_reference	model_hypothesis
asx_nat_8fe76cb00137_t01	asx_nat_8fe76cb00137	1	C	natural_reader	„då onă bỏhjá no xăcèshá zèxiŕa,” tte onă txenshá zëjù, „sèwo xő ni no zèsùkixů.”	"You were Real to the Boy," the Fairy said, "because he loved you."	terminal_aligned	då [L] | onă [L.L] | bỏhjá [H.L] | no [L] | xăcèshá [H.L.L] | zèxiŕa [L.H.H] | tte [L.L] | onă [L.L] | txenshá [H.L] | zëjù [H.L] | sèwo [L.L] | xő [L] | ni [L] | no [L] | zèsùkixů [L.H.L.L]	då [H] | onă [L.L] | bỏhjá [H.L] | no [L] | xăcèshá [H.L.L] | zèxiŕa [L.H.H] | tte [L.L] | onă [L.L] | txenshá [H.L] | zëjù [H.L] | sèwo [L.L] | xő [L] | ni [L] | no [L] | zèsùkixů [L.H.L.L]	då [lexical] | onă [lexical] | bỏhjá [lexical] | no [lexical] | xăcèshá [lexical] | zèxiŕa [zè- (prefix) + xi (root) + -ŕa (validity suffix)] | tte [lexical] | onă [lexical] | txenshá [lexical] | zëjù [zè- (prefix) + ijù (lexical unit)] | sèwo [lexical] | xő [lexical] | ni [lexical] | no [lexical] | zèsùkixů [zè- (prefix) + sùki (root) + -x- (infix) + -ů (verbalizer)]	L%	none		no_reference	model_hypothesis
asx_nat_0055d4b9537e_t01	asx_nat_0055d4b9537e	1	C	natural_reader	„nå då gőnigő săsă no xăcèshá paxiŕa.”	"Now you shall be real to every one."	terminal_aligned	nå [L] | då [L] | gőnigő [L.L.L] | săsă [L.L] | no [L] | xăcèshá [H.L.L] | paxiŕa [L.H.H]	nå [H] | då [L] | gőnigő [L.L.L] | săsă [L.L] | no [L] | xăcèshá [H.L.L] | paxiŕa [L.H.H]	nå [lexical] | då [lexical] | gőnigő [lexical] | săsă [lexical] | no [lexical] | xăcèshá [lexical] | paxiŕa [pa- (prefix) + xi (root) + -ŕa (validity suffix)]	L%	none		no_reference	model_hypothesis
asx_nat_79199e2994bf_t01	asx_nat_79199e2994bf	1	C	natural_reader	ŕa ko onă hjinýj pỏpỏ va sè ko tëbiwa obi zèkma, ŕa zá xő ni onă kjèŕo zèjală.	And she held the little Rabbit close in her arms and flew with him into the wood.	exact	ŕa [L] | ko [L] | onă [L.L] | hjinýj [H.H] | pỏpỏ [H.L] | va [L] | sè [L] | ko [L] | tëbiwa [H.L.L] | obi [L.H] | zèkma [L.H] | ŕa [L] | zá [L] | xő [L] | ni [L] | onă [L.L] | kjèŕo [H.L] | zèjală [L.L.H]	ŕa [H] | ko [L] | onă [L.L] | hjinýj [H.H] | pỏpỏ [H.L] | va [L] | sè [L] | ko [L] | tëbiwa [H.L.L] | obi [L.H] | zèkma [L.H] | ŕa [L] | zá [L] | xő [L] | ni [L] | onă [L.L] | kjèŕo [H.L] | zèjală [L.L.L]	ŕa [lexical] | ko [lexical] | onă [lexical] | hjinýj [lexical] | pỏpỏ [lexical] | va [va- (prefix)] | sè [lexical] | ko [lexical] | tëbiwa [tëbi (root) + -wa (plural)] | obi [lexical] | zèkma [zè- (prefix) + kma (root)] | ŕa [lexical] | zá [lexical] | xő [lexical] | ni [lexical] | onă [lexical] | kjèŕo [lexical] | zèjală [zè- (prefix) + jală (root)]	L%	none		no_reference	model_hypothesis
asx_nat_ae7455fde754_t01	asx_nat_ae7455fde754	1	C	natural_reader	nå pjonă zèbů, sèwo mao hùzèxona.	It was light now, for the moon had risen.	terminal_aligned	nå [L] | pjonă [H.H] | zèbů [H.H] | sèwo [L.L] | mao [H.L] | hùzèxona [L.L.H.L]	nå [H] | pjonă [L.H] | zèbů [H.H] | sèwo [L.L] | mao [H.L] | hùzèxona [L.L.H.L]	nå [lexical] | pjonă [lexical] | zèbů [zè (root) + -b- (verbal bridge) + -ů (verbalizer)] | sèwo [lexical] | mao [lexical] | hùzèxona [hù- (prefix) + zè- (prefix) + xona (root)]	L%	none		no_reference	model_hypothesis
asx_nat_8e20fb689def_t01	asx_nat_8e20fb689def	1	C	natural_reader	kjèŕo săsă jovină zèbů, ŕa txepỏvă vètxewa gaxý maoro ůwů zèpjoŕů.	All the forest was beautiful, and the fronds of the bracken shone like frosted silver.	terminal_aligned	kjèŕo [H.L] | săsă [L.L] | jovină [H.L.L] | zèbů [H.H] | ŕa [L] | txepỏvă [H.L.L] | vètxewa [H.L.L] | gaxý [L.H] | maoro [H.L.L] | ůwů [H.L] | zèpjoŕů [L.H.H]	kjèŕo [H.L] | săsă [L.L] | jovină [H.L.L] | zèbů [H.H] | ŕa [L] | txepỏvă [H.L.L] | vètxewa [H.L.L] | gaxý [L.H] | maoro [H.L.L] | ůwů [H.L] | zèpjoŕů [L.H.H]	kjèŕo [lexical] | săsă [lexical] | jovină [lexical] | zèbů [zè (root) + -b- (verbal bridge) + -ů (verbalizer)] | ŕa [lexical] | txepỏvă [lexical] | vètxewa [vètxe (root) + -wa (plural)] | gaxý [ga- (compound prefix) + xý (root)] | maoro [lexical] | ůwů [lexical] | zèpjoŕů [zè- (prefix) + pjo (root) + -ŕ- (infix) + -ů (verbalizer)]	L%	none		no_reference	model_hypothesis
asx_nat_213503ae1607_t01	asx_nat_213503ae1607	1	C	natural_reader	va onă viŕo ỏ kjèga, ispăný pỏpa zá sè gja ŋèwa na onă pỏna vivi zèŕăaxaśù, dzè gja onă txenshá ijo vå, gja săsă ŕăaxaśù tomo, ŕa va pŕo zèchěto', ko mëjonů då.	In the open glade between the tree-trunks the wild rabbits danced with their shadows on the velvet grass, but when they saw the Fairy they all stopped dancing and stood round in a ring to stare at her.	terminal_aligned	va [L] | onă [L.L] | viŕo [L.H] | ỏ [L] | kjèga [H.L] | ispăný [H.L.L] | pỏpa [H.L] | zá [L] | sè [L] | gja [L] | ŋèwa [H.H] | na [L] | onă [L.L] | pỏna [H.L] | vivi [H.L] | zèŕăaxaśù [L.H.L.L.L] | dzè [L] | gja [L] | onă [L.L] | txenshá [H.L] | ijo [H.L] | vå [L] | gja [L] | săsă [L.L] | ŕăaxaśù [H.L.L.L] | tomo [H.L] | ŕa [L] | va [L] | pŕo [H] | zèchěto' [L.H.L] | ko [L] | mëjonů [H.L.L] | då [L]	va [H] | onă [L.L] | viŕo [L.H] | ỏ [L] | kjèga [H.L] | ispăný [H.L.L] | pỏpa [H.L] | zá [L] | sè [L] | gja [L] | ŋèwa [H.H] | na [L] | onă [L.L] | pỏna [H.L] | vivi [H.L] | zèŕăaxaśù [L.H.L.L.L] | dzè [L] | gja [L] | onă [L.L] | txenshá [H.L] | ijo [H.L] | vå [L] | gja [L] | săsă [L.L] | ŕăaxaśù [H.L.L.L] | tomo [H.L] | ŕa [L] | va [L] | pŕo [H] | zèchěto' [L.H.L] | ko [L] | mëjonů [H.L.L] | då [L]	va [va- (prefix)] | onă [lexical] | viŕo [lexical] | ỏ [ỏ- (prefix)] | kjèga [kjègo (root) + -a (plural)] | ispăný [ispă (root) + -ný (reduced cold adjective suffix)] | pỏpa [pỏpỏ (root) + -a (plural)] | zá [lexical] | sè [lexical] | gja [lexical] | ŋèwa [ŋè (root) + -wa (plural)] | na [lexical] | onă [lexical] | pỏna [pỏ (lexical unit) + na (function morpheme)] | vivi [lexical] | zèŕăaxaśù [zè- (prefix) + ŕăaxaśù (root)] | dzè [lexical] | gja [lexical] | onă [lexical] | txenshá [lexical] | ijo [lexical] | vå [lexical] | gja [lexical] | săsă [lexical] | ŕăaxaśù [lexical] | tomo [tomo' (cessative glottal elision)] | ŕa [lexical] | va [va- (prefix)] | pŕo [lexical] | zèchěto' [zè- (prefix) + chěto' (root)] | ko [lexical] | mëjonů [lexical] | då [lexical]	L%	none		no_reference	model_hypothesis
asx_nat_bcc489dda714_t01	asx_nat_bcc489dda714	1	C	natural_reader	„wo dåni na jënýj igùŕabashá zèmaxogă,” tte onă txenshá zëjù.	"I've brought you a new playfellow," the Fairy said.	terminal_aligned	wo [L] | dåni [L.L] | na [L] | jënýj [H.H] | igùŕabashá [H.L.L.L.L] | zèmaxogă [L.H.L.L] | tte [L.L] | onă [L.L] | txenshá [H.L] | zëjù [H.L]	wo [H] | dåni [L.L] | na [L] | jënýj [H.H] | igùŕabashá [H.L.L.L.L] | zèmaxogă [L.H.L.L] | tte [L.L] | onă [L.L] | txenshá [H.L] | zëjù [H.L]	wo [lexical] | dåni [lexical] | na [lexical] | jënýj [jë (root) + -nýj (cold adjective suffix)] | igùŕabashá [lexical] | zèmaxogă [zè- (prefix) + maxogă (root)] | tte [lexical] | onă [lexical] | txenshá [lexical] | zëjù [zè- (prefix) + ijù (lexical unit)]	L%	none		no_reference	model_hypothesis
asx_nat_b674df24ad23_t01	asx_nat_b674df24ad23	1	C	natural_reader	„na ni xő xăgavină ůè, ŕa dåni xő onýj xő va pỏpỏwao cè wëè săsă cèdaohè — sèwo xő zá na găxăni pavivinů!”	"You must be very kind to him and teach him all he needs to know in Rabbitland, for he is going to live with you for ever and ever!"	terminal_aligned	na [L] | ni [L] | xő [L] | xăgavină [H.H.L.L] | ůè [H.H] | ŕa [L] | dåni [L.L] | xő [L] | onýj [L.L] | xő [L] | va [L] | pỏpỏwao [H.L.L.L] | cè [H] | wëè [H.L] | săsă [L.L] | cèdaohè [H.L.L.L] | sèwo [L.L] | xő [L] | zá [L] | na [L] | găxăni [L.L.L] | pavivinů [L.H.L.L]	na [L] | ni [L] | xő [L] | xăgavină [H.H.L.L] | ůè [H.H] | ŕa [L] | dåni [L.L] | xő [L] | onýj [L.L] | xő [L] | va [L] | pỏpỏwao [H.L.L.L] | cè [H] | wëè [H.L] | săsă [L.L] | cèdaohè [H.L.L.L] | sèwo [L.L] | xő [L] | zá [L] | na [L] | găxăni [L.L.L] | pavivinů [L.H.L.L]	na [lexical] | ni [lexical] | xő [lexical] | xăgavină [xă- (prefix) + gavi (root) + -nă (warm adjective suffix)] | ůè [ů (root) + -è (imperative suffix)] | ŕa [lexical] | dåni [lexical] | xő [lexical] | onýj [lexical] | xő [lexical] | va [va- (prefix)] | pỏpỏwao [pỏpỏ (compound modifier) + wao (compound head)] | cè [lexical] | wëè [lexical] | săsă [lexical] | cèdaohè [cèdao (root) + -hè (suffix)] | sèwo [lexical] | xő [lexical] | zá [lexical] | na [lexical] | găxăni [lexical] | pavivinů [pa- (prefix) + vivi (root) + -n- (infix) + -ů (verbalizer)]	LH%	none		no_reference	model_hypothesis
asx_nat_f537c2e0f514_t01	asx_nat_f537c2e0f514	1	C	natural_reader	ŕa ko onă hjinýj pỏpỏ nazèmùa ŕa xő na vivi zèpùto.	"Run and play, little Rabbit!" she said.	source_context	ŕa [L] | ko [L] | onă [L.L] | hjinýj [H.H] | pỏpỏ [H.L] | nazèmùa [L.L.H.L] | ŕa [L] | xő [L] | na [L] | vivi [H.L] | zèpùto [L.H.L]	ŕa [H] | ko [L] | onă [L.L] | hjinýj [H.H] | pỏpỏ [H.L] | nazèmùa [L.L.H.L] | ŕa [L] | xő [L] | na [L] | vivi [H.L] | zèpùto [L.H.L]	ŕa [lexical] | ko [lexical] | onă [lexical] | hjinýj [lexical] | pỏpỏ [lexical] | nazèmùa [na- (prefix) + zè- (prefix) + mùa (root)] | ŕa [lexical] | xő [lexical] | na [lexical] | vivi [lexical] | zèpùto [zè- (prefix) + pùto (root)]	L%	none		no_reference	model_hypothesis
asx_nat_bf66f820a218_t01	asx_nat_bf66f820a218	1	C	natural_reader	„haśùhè ŕa igùŕanůè, ăjo hjinýj pỏpỏ!”	"Run and play, little Rabbit!" she said.	source_context	haśùhè [L.H.L] | ŕa [L] | igùŕanůè [H.L.L.L.L] | ăjo [H.L] | hjinýj [H.H] | pỏpỏ [H.L]	haśùhè [L.H.L] | ŕa [L] | igùŕanůè [H.L.L.L.L] | ăjo [H.L] | hjinýj [H.H] | pỏpỏ [H.L]	haśùhè [haśù (root) + -hè (suffix)] | ŕa [lexical] | igùŕanůè [igùŕa (root) + -n- (infix) + -ů (verbalizer) + -è (imperative suffix)] | ăjo [lexical] | hjinýj [lexical] | pỏpỏ [lexical]	LH%	none		no_reference	model_hypothesis
asx_nat_4685e2e710e5_t01	asx_nat_4685e2e710e5	1	C	natural_reader	dzè onă hjinýj pỏpỏ să åkamm xăhjinýj zèbabů ŕa zèxoná.	But the little Rabbit sat quite still for a moment and never moved.	terminal_aligned	dzè [L] | onă [L.L] | hjinýj [H.H] | pỏpỏ [H.L] | să [H] | åkamm [H.L.L] | xăhjinýj [H.H.H] | zèbabů [L.L.L] | ŕa [L] | zèxoná [L.H.H]	dzè [H] | onă [L.L] | hjinýj [H.H] | pỏpỏ [H.L] | să [H] | åkamm [H.L.L] | xăhjinýj [H.H.H] | zèbabů [L.L.L] | ŕa [L] | zèxoná [L.H.H]	dzè [lexical] | onă [lexical] | hjinýj [lexical] | pỏpỏ [lexical] | să [lexical] | åkamm [lexical] | xăhjinýj [xă- (prefix) + hji (root) + -nýj (cold adjective suffix)] | zèbabů [zè- (prefix) + ba- (prefix) + -b- (verbal bridge) + -ů (verbalizer)] | ŕa [lexical] | zèxoná [zè- (prefix) + xo (root) + ná (dominant suffix)]	L%	none		no_reference	model_hypothesis
asx_nat_674934bb69ba_t01	asx_nat_674934bb69ba	1	C	natural_reader	sèwo xő onă obi xő ŕăaxaśù ispăný pỏpa săsă ijo vå, xő ăni sè xő hùwaśbiwa săbam zècèka, ŕa xő gja xő izo să nono săsă kamŕů ijo nỏwă zèbů.	For when he saw all the wild rabbits dancing around him he suddenly remembered about his hind legs, and he didn't want them to see that he was made all in one piece.	terminal_aligned	sèwo [L.L] | xő [L] | onă [L.L] | obi [L.H] | xő [L] | ŕăaxaśù [H.L.L.L] | ispăný [H.L.L] | pỏpa [H.L] | săsă [L.L] | ijo [H.L] | vå [L] | xő [L] | ăni [H.H] | sè [L] | xő [L] | hùwaśbiwa [H.L.L.L] | săbam [H.H] | zècèka [L.H.L] | ŕa [L] | xő [L] | gja [L] | xő [L] | izo [L.L] | să [H] | nono [H.L] | săsă [L.L] | kamŕů [H.L] | ijo [H.L] | nỏwă [L.L] | zèbů [H.H]	sèwo [H.L] | xő [L] | onă [L.L] | obi [L.H] | xő [L] | ŕăaxaśù [H.L.L.L] | ispăný [H.L.L] | pỏpa [H.L] | săsă [L.L] | ijo [H.L] | vå [L] | xő [L] | ăni [H.H] | sè [L] | xő [L] | hùwaśbiwa [H.L.L.L] | săbam [H.H] | zècèka [L.H.L] | ŕa [L] | xő [L] | gja [L] | xő [L] | izo [L.L] | să [H] | nono [H.L] | săsă [L.L] | kamŕů [H.L] | ijo [H.L] | nỏwă [L.L] | zèbů [H.H]	sèwo [lexical] | xő [lexical] | onă [lexical] | obi [lexical] | xő [lexical] | ŕăaxaśù [lexical] | ispăný [ispă (root) + -ný (reduced cold adjective suffix)] | pỏpa [pỏpỏ (root) + -a (plural)] | săsă [lexical] | ijo [lexical] | vå [lexical] | xő [lexical] | ăni [lexical] | sè [lexical] | xő [lexical] | hùwaśbiwa [lexical] | săbam [să (root) + -bam (suffix)] | zècèka [zè- (prefix) + cèka (root)] | ŕa [lexical] | xő [lexical] | gja [lexical] | xő [lexical] | izo [lexical] | să [lexical] | nono [lexical] | săsă [lexical] | kamŕů [lexical] | ijo [lexical] | nỏwă [lexical] | zèbů [zè (root) + -b- (verbal bridge) + -ů (verbalizer)]	L%	none		no_reference	model_hypothesis
asx_nat_3c46e2dbc505_t01	asx_nat_3c46e2dbc505	1	C	natural_reader	xő onă txenshá xő nýjmåmåbam mùa vå, ko xő săsă hùzètxaků cèná zèbů.	He did not know that when the Fairy kissed him that last time she had changed him altogether.	terminal_aligned	xő [L] | onă [L.L] | txenshá [H.L] | xő [L] | nýjmåmåbam [L.H.L.L] | mùa [H.L] | vå [L] | ko [L] | xő [L] | săsă [L.L] | hùzètxaků [L.L.H.H] | cèná [H.H] | zèbů [H.H]	xő [H] | onă [L.L] | txenshá [H.L] | xő [L] | nýjmåmåbam [L.H.L.L] | mùa [H.L] | vå [L] | ko [L] | xő [L] | săsă [L.L] | hùzètxaků [L.L.H.H] | cèná [H.H] | zèbů [H.H]	xő [lexical] | onă [lexical] | txenshá [lexical] | xő [lexical] | nýjmåmåbam [nýj- (prefix) + måmå (root) + -bam (suffix)] | mùa [lexical] | vå [lexical] | ko [lexical] | xő [lexical] | săsă [lexical] | hùzètxaků [hù- (prefix) + zè- (prefix) + txa (root) + -k- (infix) + -ů (verbalizer)] | cèná [lexical] | zèbů [zè (root) + -b- (verbal bridge) + -ů (verbalizer)]	L%	none		no_reference	model_hypothesis
asx_nat_2a5b879743f7_t01	asx_nat_2a5b879743f7	1	C	natural_reader	ŕa xő no nixå dănă å babů xăxă — xăhjină, xo ken.ná — ămă nono sè xő fù pỏpů chěná, ŕa wo kjo xů ŕima panå, xő sè xő hùhjixaśbi zèxapo, jo kŕasa då.	And he might have sat there a long time, too shy to move, if just then something hadn't tickled his nose, and before he thought what he was doing he lifted his hind toe to scratch it.	exact	ŕa [L] | xő [L] | no [L] | nixå [L.L] | dănă [H.L] | å [H] | babů [L.L] | xăxă [H.L] | xăhjină [H.H.H] | xo [H] | ken.ná [L.L] | ămă [H.L] | nono [H.L] | sè [L] | xő [L] | fù [H] | pỏpů [H.H] | chěná [L.H] | ŕa [L] | wo [L] | kjo [H] | xů [H] | ŕima [H.L] | panå [L.L] | xő [L] | sè [L] | xő [L] | hùhjixaśbi [L.H.H.H] | zèxapo [L.H.L] | jo [H] | kŕasa [H.L] | då [L]	ŕa [H] | xő [L] | no [L] | nixå [L.L] | dănă [H.L] | å [H] | babů [L.L] | xăxă [H.L] | xăhjină [H.H.H] | xo [H] | ken.ná [L.L] | ămă [H.L] | nono [H.L] | sè [L] | xő [L] | fù [H] | pỏpů [H.H] | chěná [L.H] | ŕa [L] | wo [L] | kjo [H] | xů [H] | ŕima [H.L] | panå [L.L] | xő [L] | sè [L] | xő [L] | hùhjixaśbi [L.H.H.H] | zèxapo [L.H.L] | jo [H] | kŕasa [H.L] | då [L]	ŕa [lexical] | xő [lexical] | no [lexical] | nixå [lexical] | dănă [lexical] | å [lexical] | babů [ba- (prefix) + -b- (verbal bridge) + -ů (verbalizer)] | xăxă [lexical] | xăhjină [xă- (prefix) + hji (root) + -nă (warm adjective suffix)] | xo [lexical] | ken.ná [lexical] | ămă [lexical] | nono [lexical] | sè [lexical] | xő [lexical] | fù [lexical] | pỏpů [pỏ (root) + -p- (infix) + -ů (verbalizer)] | chěná [lexical] | ŕa [lexical] | wo [lexical] | kjo [lexical] | xů [lexical] | ŕima [lexical] | panå [lexical] | xő [lexical] | sè [lexical] | xő [lexical] | hùhjixaśbi [hù- (prefix) + hjixaśbi (root)] | zèxapo [zè- (prefix) + xapo (root)] | jo [lexical] | kŕasa [lexical] | då [lexical]	L%	none		no_reference	model_hypothesis
asx_nat_86c1af770208_t01	asx_nat_86c1af770208	1	C	natural_reader	ŕa xő wo hùwaśbiwa xăma!	And he found that he actually had hind legs! Instead of dingy velveteen he had brown fur, soft and shiny, his ears twitched by themselves, and his whiskers were so long that they brushed the grass.	source_context	ŕa [L] | xő [L] | wo [L] | hùwaśbiwa [H.L.L.L] | xăma [H.H]	ŕa [L] | xő [L] | wo [L] | hùwaśbiwa [H.L.L.L] | xăma [H.H]	ŕa [lexical] | xő [lexical] | wo [lexical] | hùwaśbiwa [lexical] | xăma [xă- (prefix) + ma (root)]	LH%	none		no_reference	model_hypothesis
asx_nat_3277d67a49d8_t01	asx_nat_3277d67a49d8	1	C	natural_reader	zècèxa.	And he found that he actually had hind legs! Instead of dingy velveteen he had brown fur, soft and shiny, his ears twitched by themselves, and his whiskers were so long that they brushed the grass.	source_context	zècèxa [L.H.L]	zècèxa [H.L.L]	zècèxa [zè- (prefix) + cèxa (root)]	L%	none		no_reference	model_hypothesis
asx_nat_decd7a16941f_t01	asx_nat_decd7a16941f	1	C	natural_reader	ŋèný aksami ná — nå xő gacù pỏ zèma, pỏna pjonă; sè xő mimiwa bă nihja zèfŕefŕenů, ŕa sè xő fùbiwa xădăna zèbů sèni, hja vivi zèfùsa.	And he found that he actually had hind legs! Instead of dingy velveteen he had brown fur, soft and shiny, his ears twitched by themselves, and his whiskers were so long that they brushed the grass.	source_context	ŋèný [H.H] | aksami [H.L.L] | ná [H] | nå [L] | xő [L] | gacù [L.H] | pỏ [H] | zèma [L.H] | pỏna [H.L] | pjonă [H.H] | sè [L] | xő [L] | mimiwa [H.L.L] | bă [L] | nihja [L.L] | zèfŕefŕenů [L.H.L.L] | ŕa [L] | sè [L] | xő [L] | fùbiwa [H.L.L] | xădăna [H.H.L] | zèbů [H.H] | sèni [L.L] | hja [L] | vivi [H.L] | zèfùsa [L.H.L]	ŋèný [H.H] | aksami [H.L.L] | ná [H] | nå [L] | xő [L] | gacù [L.H] | pỏ [H] | zèma [L.H] | pỏna [H.L] | pjonă [H.H] | sè [L] | xő [L] | mimiwa [H.L.L] | bă [L] | nihja [L.L] | zèfŕefŕenů [L.H.L.L] | ŕa [L] | sè [L] | xő [L] | fùbiwa [H.L.L] | xădăna [H.H.L] | zèbů [H.H] | sèni [L.L] | hja [L] | vivi [H.L] | zèfùsa [L.H.L]	ŋèný [ŋè (root) + -ný (reduced cold adjective suffix)] | aksami [lexical] | ná [lexical] | nå [lexical] | xő [lexical] | gacù [lexical] | pỏ [lexical] | zèma [zè- (prefix) + ma (root)] | pỏna [pỏ (lexical unit) + na (function morpheme)] | pjonă [lexical] | sè [lexical] | xő [lexical] | mimiwa [mimi (root) + -wa (plural)] | bă [lexical] | nihja [lexical] | zèfŕefŕenů [zè- (prefix) + fŕefŕe (root) + -n- (infix) + -ů (verbalizer)] | ŕa [lexical] | sè [lexical] | xő [lexical] | fùbiwa [fùbi (root) + -wa (plural)] | xădăna [xă- (prefix) + dă (lexical unit) + na (function morpheme)] | zèbů [zè (root) + -b- (verbal bridge) + -ů (verbalizer)] | sèni [lexical] | hja [lexical] | vivi [lexical] | zèfùsa [zè- (prefix) + fùsa (root)]	L%	none		no_reference	model_hypothesis
asx_nat_c0396dfbcc7f_t01	asx_nat_c0396dfbcc7f	1	C	natural_reader	xő săbam zèchåxa, ŕa sè nona hùwaśbiwa nů mmbă xădănă zèbů sèni, xő na vivi zèchåxanů — ni bawo chåxa, fŕăfŕă ksá pă pỏpa — ŕa ă xő xămmbănă zèniŕa sèni, xő ămă onă txenshá ăxo då chěto' vå, ko hùzèchåxoxo.	He gave one leap and the joy of using those hind legs was so great that he went springing about the turf on them, jumping sideways and whirling round as the others did, and he grew so excited that when at last he did stop to look for the Fairy she had gone.	exact	xő [L] | săbam [H.H] | zèchåxa [L.H.L] | ŕa [L] | sè [L] | nona [H.L] | hùwaśbiwa [H.L.L.L] | nů [L] | mmbă [L.H] | xădănă [H.H.H] | zèbů [H.H] | sèni [L.L] | xő [L] | na [L] | vivi [H.L] | zèchåxanů [L.H.L.L] | ni [L] | bawo [L.H] | chåxa [H.L] | fŕăfŕă [H.L] | ksá [H] | pă [L] | pỏpa [H.L] | ŕa [L] | ă [H] | xő [L] | xămmbănă [H.L.H.H] | zèniŕa [L.L.L] | sèni [L.L] | xő [L] | ămă [H.L] | onă [L.L] | txenshá [H.L] | ăxo [H.L] | då [L] | chěto' [H.L] | vå [L] | ko [L] | hùzèchåxoxo [L.L.L.H.L]	xő [H] | săbam [L.H] | zèchåxa [L.H.L] | ŕa [L] | sè [L] | nona [H.L] | hùwaśbiwa [H.L.L.L] | nů [L] | mmbă [L.H] | xădănă [H.H.H] | zèbů [H.H] | sèni [L.L] | xő [L] | na [L] | vivi [H.L] | zèchåxanů [L.H.L.L] | ni [L] | bawo [L.H] | chåxa [H.L] | fŕăfŕă [H.L] | ksá [H] | pă [L] | pỏpa [H.L] | ŕa [L] | ă [H] | xő [L] | xămmbănă [H.L.H.H] | zèniŕa [L.L.L] | sèni [L.L] | xő [L] | ămă [H.L] | onă [L.L] | txenshá [H.L] | ăxo [H.L] | då [L] | chěto' [H.L] | vå [L] | ko [L] | hùzèchåxoxo [L.L.L.H.L]	xő [lexical] | săbam [să (root) + -bam (suffix)] | zèchåxa [zè- (prefix) + chåxa (root)] | ŕa [lexical] | sè [lexical] | nona [nono (root) + -a (plural)] | hùwaśbiwa [lexical] | nů [-n- (infix) + -ů (verbalizer)] | mmbă [lexical] | xădănă [xă- (prefix) + dă (root) + -nă (warm adjective suffix)] | zèbů [zè (root) + -b- (verbal bridge) + -ů (verbalizer)] | sèni [lexical] | xő [lexical] | na [lexical] | vivi [lexical] | zèchåxanů [zè- (prefix) + chåxa (root) + -n- (infix) + -ů (verbalizer)] | ni [lexical] | bawo [lexical] | chåxa [lexical] | fŕăfŕă [lexical] | ksá [lexical] | pă [pă- (prefix)] | pỏpa [pỏpỏ (root) + -a (plural)] | ŕa [lexical] | ă [lexical] | xő [lexical] | xămmbănă [xă- (prefix) + mmbă (root) + -nă (warm adjective suffix)] | zèniŕa [zè- (prefix) + ni (function morpheme) + -ŕa (validity suffix)] | sèni [lexical] | xő [lexical] | ămă [lexical] | onă [lexical] | txenshá [lexical] | ăxo [lexical] | då [lexical] | chěto' [lexical] | vå [lexical] | ko [lexical] | hùzèchåxoxo [hù- (prefix) + zè- (prefix) + chå (function morpheme) + xoxo (lexical unit)]	L%	none		no_reference	model_hypothesis
asx_nat_8c00e40a8455_t01	asx_nat_8c00e40a8455	1	C	natural_reader	xő ămă xăcènă pỏpỏ zèxiŕa — zá pă pỏpa waonă.	He was a Real Rabbit at last, at home with the other rabbits.	exact	xő [L] | ămă [H.L] | xăcènă [H.L.L] | pỏpỏ [H.L] | zèxiŕa [L.H.H] | zá [L] | pă [L] | pỏpa [H.L] | waonă [L.H.L]	xő [H] | ămă [L.L] | xăcènă [H.L.L] | pỏpỏ [H.L] | zèxiŕa [L.H.H] | zá [L] | pă [L] | pỏpa [H.L] | waonă [L.H.L]	xő [lexical] | ămă [lexical] | xăcènă [lexical] | pỏpỏ [lexical] | zèxiŕa [zè- (prefix) + xi (root) + -ŕa (validity suffix)] | zá [lexical] | pă [pă- (prefix)] | pỏpa [pỏpỏ (root) + -a (plural)] | waonă [lexical]	L%	none		no_reference	model_hypothesis
asx_nat_f1efdf02df17_t01	asx_nat_f1efdf02df17	1	C	natural_reader	vănotxă ja zhýtxă zèxopa, ŕa va jëtxă, xiwa săana xină niŕa vå, onă bỏhjá ni onă hù kamm kjèŕo igùŕanů då zèpănů.	Autumn passed and Winter, and in the Spring, when the days grew warm and sunny, the Boy went out to play in the wood behind the house.	terminal_aligned	vănotxă [H.L.L] | ja [L] | zhýtxă [H.L] | zèxopa [L.H.L] | ŕa [L] | va [L] | jëtxă [H.L] | xiwa [H.H] | săana [H.L.L] | xină [H.H] | niŕa [H.H] | vå [L] | onă [L.L] | bỏhjá [H.L] | ni [L] | onă [L.L] | hù [L] | kamm [H.L] | kjèŕo [H.L] | igùŕanů [H.L.L.L] | då [L] | zèpănů [L.L.L]	vănotxă [H.L.L] | ja [L] | zhýtxă [H.L] | zèxopa [L.H.L] | ŕa [L] | va [L] | jëtxă [H.L] | xiwa [H.H] | săana [H.L.L] | xină [H.H] | niŕa [H.H] | vå [L] | onă [L.L] | bỏhjá [H.L] | ni [L] | onă [L.L] | hù [L] | kamm [H.L] | kjèŕo [H.L] | igùŕanů [H.L.L.L] | då [L] | zèpănů [L.L.L]	vănotxă [lexical] | ja [lexical] | zhýtxă [lexical] | zèxopa [zè- (prefix) + xopa (root)] | ŕa [lexical] | va [va- (prefix)] | jëtxă [lexical] | xiwa [xi (root) + -wa (plural)] | săana [săa (lexical unit) + na (function morpheme)] | xină [lexical] | niŕa [lexical] | vå [lexical] | onă [lexical] | bỏhjá [lexical] | ni [lexical] | onă [lexical] | hù [lexical] | kamm [lexical] | kjèŕo [lexical] | igùŕanů [lexical] | då [lexical] | zèpănů [zè- (prefix) + pă- (prefix) + -n- (infix) + -ů (verbalizer)]	L%	none		no_reference	model_hypothesis
asx_nat_cebcf4e47a67_t01	asx_nat_cebcf4e47a67	1	C	natural_reader	ŕa xő igùŕanů nivå, tam pỏpa izo txepỏvă zèpăŋawa ŕa xő zèxijonů.	And while he was playing, two rabbits crept out from the bracken and peeped at him.	terminal_aligned	ŕa [L] | xő [L] | igùŕanů [H.L.L.L] | nivå [L.L] | tam [H] | pỏpa [H.L] | izo [L.L] | txepỏvă [H.L.L] | zèpăŋawa [L.L.H.L] | ŕa [L] | xő [L] | zèxijonů [L.H.L.L]	ŕa [H] | xő [L] | igùŕanů [H.L.L.L] | nivå [L.L] | tam [H] | pỏpa [H.L] | izo [L.L] | txepỏvă [H.L.L] | zèpăŋawa [L.L.H.L] | ŕa [L] | xő [L] | zèxijonů [L.H.L.L]	ŕa [lexical] | xő [lexical] | igùŕanů [lexical] | nivå [lexical] | tam [lexical] | pỏpa [pỏpỏ (root) + -a (plural)] | izo [lexical] | txepỏvă [lexical] | zèpăŋawa [zè- (prefix) + pă- (prefix) + ŋawa (root)] | ŕa [lexical] | xő [lexical] | zèxijonů [zè- (prefix) + -x- (infix) + ijo (lexical unit) + -n- (infix) + -ů (verbalizer)]	L%	none		no_reference	model_hypothesis
asx_nat_e44d45eb054c_t01	asx_nat_e44d45eb054c	1	C	natural_reader	gőnă izo gja săsă gacù zèxiŕa, dzè onă pă pỏpỏ pù sè xő pỏ siŕony ipa zèma — kozè dhè xő ipoků, ŕa ipa vanå pădåmë xăxăŕa.	One of them was brown all over, but the other had strange markings under his fur, as though long ago he had been spotted, and the spots still showed through.	exact	gőnă [L.L] | izo [L.L] | gja [L] | săsă [L.L] | gacù [L.H] | zèxiŕa [L.H.H] | dzè [L] | onă [L.L] | pă [L] | pỏpỏ [H.L] | pù [L] | sè [L] | xő [L] | pỏ [H] | siŕony [H.H] | ipa [H.L] | zèma [L.H] | kozè [L.H] | dhè [L] | xő [L] | ipoků [H.L.L] | ŕa [L] | ipa [H.L] | vanå [L.L] | pădåmë [L.H.L] | xăxăŕa [H.L.L]	gőnă [H.L] | izo [L.L] | gja [L] | săsă [L.L] | gacù [L.H] | zèxiŕa [L.H.H] | dzè [L] | onă [L.L] | pă [L] | pỏpỏ [H.L] | pù [L] | sè [L] | xő [L] | pỏ [H] | siŕony [H.H] | ipa [H.L] | zèma [L.H] | kozè [L.H] | dhè [L] | xő [L] | ipoků [H.L.L] | ŕa [L] | ipa [H.L] | vanå [L.L] | pădåmë [L.H.L] | xăxăŕa [H.L.L]	gőnă [gő (function morpheme) + -nă (warm adjective suffix)] | izo [lexical] | gja [lexical] | săsă [lexical] | gacù [lexical] | zèxiŕa [zè- (prefix) + xi (root) + -ŕa (validity suffix)] | dzè [lexical] | onă [lexical] | pă [pă- (prefix)] | pỏpỏ [lexical] | pù [pù- (prefix)] | sè [lexical] | xő [lexical] | pỏ [lexical] | siŕony [siŕo (lexical unit) + -ný (reduced cold adjective suffix)] | ipa [ipo (root) + -a (plural)] | zèma [zè- (prefix) + ma (root)] | kozè [lexical] | dhè [lexical] | xő [lexical] | ipoků [ipo (root) + -k- (infix) + -ů (verbalizer)] | ŕa [lexical] | ipa [ipo (root) + -a (plural)] | vanå [lexical] | pădåmë [pă- (prefix) + dåmë (root)] | xăxăŕa [lexical]	L%	none		no_reference	model_hypothesis
asx_nat_e54f8c0834c2_t01	asx_nat_e54f8c0834c2	1	C	natural_reader	ŕa ăni sè xő hjinýj pỏna fù ja pxỏny gamao mëja, waonă nono zèxiŕa, sèni onă bỏhjá nixő zèŕima: „wå, xő sè wo onă gă-pỏpỏhjá xăjů — onă vå wo gapo-săaai zèma, chåxoxo pỏpỏhjá!”	"Why, he looks just like my old Bunny that was lost when I had scarlet fever!"	exact	ŕa [L] | ăni [H.H] | sè [L] | xő [L] | hjinýj [H.H] | pỏna [H.L] | fù [H] | ja [L] | pxỏny [H] | gamao [L.H.L] | mëja [H.L] | waonă [L.H.L] | nono [H.L] | zèxiŕa [L.H.H] | sèni [L.L] | onă [L.L] | bỏhjá [H.L] | nixő [L.L] | zèŕima [L.H.L] | wå [L] | xő [L] | sè [L] | wo [L] | onă [L.L] | gă [H] | pỏpỏhjá [H.L.L] | xăjů [H.L] | onă [L.L] | vå [L] | wo [L] | gapo [H.L] | săaai [H.L.L.L] | zèma [L.H] | chåxoxo [L.H.L] | pỏpỏhjá [H.L.L]	ŕa [L] | ăni [H.H] | sè [L] | xő [L] | hjinýj [H.H] | pỏna [H.L] | fù [H] | ja [L] | pxỏny [H] | gamao [L.H.L] | mëja [H.L] | waonă [L.H.L] | nono [H.L] | zèxiŕa [L.H.H] | sèni [L.L] | onă [L.L] | bỏhjá [H.L] | nixő [L.L] | zèŕima [L.H.L] | wå [L] | xő [L] | sè [L] | wo [L] | onă [L.L] | gă [H] | pỏpỏhjá [H.L.L] | xăjů [H.L] | onă [L.L] | vå [L] | wo [L] | gapo [H.L] | săaai [H.L.L.L] | zèma [L.H] | chåxoxo [L.H.L] | pỏpỏhjá [H.L.L]	ŕa [lexical] | ăni [lexical] | sè [lexical] | xő [lexical] | hjinýj [lexical] | pỏna [pỏ (lexical unit) + na (function morpheme)] | fù [lexical] | ja [lexical] | pxỏny [pxỏ (lexical unit) + -ný (reduced cold adjective suffix)] | gamao [lexical] | mëja [mëjo (root) + -a (plural)] | waonă [lexical] | nono [lexical] | zèxiŕa [zè- (prefix) + xi (root) + -ŕa (validity suffix)] | sèni [lexical] | onă [lexical] | bỏhjá [lexical] | nixő [lexical] | zèŕima [zè- (prefix) + ŕima (root)] | wå [lexical] | xő [lexical] | sè [lexical] | wo [lexical] | onă [lexical] | gă [lexical] | pỏpỏhjá [lexical] | xăjů [xă- (prefix) + -j- (infix) + -ů (verbalizer)] | onă [lexical] | vå [lexical] | wo [lexical] | gapo [lexical] | săaai [lexical] | zèma [zè- (prefix) + ma (root)] | chåxoxo [chå (function morpheme) + xoxo (lexical unit)] | pỏpỏhjá [lexical]	LH%	none		no_reference	model_hypothesis
asx_nat_4a4883fd3ca9_t01	asx_nat_4a4883fd3ca9	1	C	natural_reader	dzè xő nåsi zècè: jo xăxă sè xő pỏpỏhjá zèxiŕa — onă xő bisă xăcèshá niŕa baxů hjá ijo då hùzènaxogă.	But he never knew that it really was his own Bunny, come back to look at the child who had first helped him to be Real.	exact	dzè [L] | xő [L] | nåsi [L.L] | zècè [L.H] | jo [H] | xăxă [H.L] | sè [L] | xő [L] | pỏpỏhjá [H.L.L] | zèxiŕa [L.H.H] | onă [L.L] | xő [L] | bisă [L.H] | xăcèshá [H.L.L] | niŕa [H.H] | baxů [L.H] | hjá [H] | ijo [H.L] | då [L] | hùzènaxogă [L.L.L.L.H]	dzè [H] | xő [L] | nåsi [L.L] | zècè [L.H] | jo [H] | xăxă [H.L] | sè [L] | xő [L] | pỏpỏhjá [H.L.L] | zèxiŕa [L.H.H] | onă [L.L] | xő [L] | bisă [L.H] | xăcèshá [H.L.L] | niŕa [H.H] | baxů [L.H] | hjá [H] | ijo [H.L] | då [L] | hùzènaxogă [L.L.L.L.L]	dzè [lexical] | xő [lexical] | nåsi [lexical] | zècè [zè- (prefix) + cè (root)] | jo [lexical] | xăxă [lexical] | sè [lexical] | xő [lexical] | pỏpỏhjá [lexical] | zèxiŕa [zè- (prefix) + xi (root) + -ŕa (validity suffix)] | onă [lexical] | xő [lexical] | bisă [bi- (prefix) + să (root)] | xăcèshá [lexical] | niŕa [lexical] | baxů [lexical] | hjá [lexical] | ijo [lexical] | då [lexical] | hùzènaxogă [hù- (prefix) + zè- (prefix) + na- (prefix) + xogă (root)]	L%	none		no_reference	model_hypothesis
